feature_name,sensor,normal_mean,anomaly_mean,mean_difference,normal_std,anomaly_std,normal_median,anomaly_median,cohens_d,mann_whitney_u,p_value,mutual_info
"Motor_Current__fft_aggregated__aggtype_""skew""",Motor_Current,10.1568,3.2432,-6.9135,1.3284,1.0711,10.11,3.0347,5.7586,82330.0,9.171766323597189e-95,0.6446
"Temperature__fft_aggregated__aggtype_""skew""",Temperature,12.1544,5.231,-6.9234,1.3709,1.414,12.1552,4.9294,4.9678,81994.0,2.9809332779528405e-93,0.6188
Motor_Current__variation_coefficient,Motor_Current,0.0074,0.0745,0.0671,0.0029,0.0196,0.0067,0.075,4.6816,97.0,5.622887391394207e-95,0.6457
"Pressure__fft_aggregated__aggtype_""skew""",Pressure,8.6996,3.7329,-4.9667,1.1472,1.0075,8.5876,3.5219,4.6147,81619.0,1.4043998302904106e-91,0.608
Temperature__variance_larger_than_standard_deviation,Temperature,0.0,0.9169,0.9169,0.0,0.276,0.0,1.0,4.592,3425.0,6.730347301179413e-107,0.5515
Motor_Current__percentage_of_reoccurring_values_to_all_values,Motor_Current,0.4912,0.09,-0.4012,0.1224,0.0803,0.5,0.0714,3.9122,81853.0,6.343168728366837e-93,0.6025
Vibration__percentage_of_reoccurring_values_to_all_values,Vibration,0.678,0.1654,-0.5125,0.1579,0.1053,0.7,0.1538,3.8543,81781.5,1.9547270957431734e-92,0.5824
Pressure__percentage_of_reoccurring_values_to_all_values,Pressure,0.5631,0.1416,-0.4214,0.1256,0.1043,0.5625,0.1154,3.6668,81390.5,9.344185386421609e-91,0.5627
Vibration__standard_deviation,Vibration,0.0328,0.34,0.3072,0.0189,0.1267,0.0254,0.3308,3.3166,209.0,1.8025520250061937e-94,0.6408
"Vibration__agg_linear_trend__attr_""stderr""__chunk_len_5__f_agg_""max""",Vibration,0.0056,0.0554,0.0498,0.0034,0.021,0.0046,0.0552,3.2396,239.0,2.461135737685454e-94,0.6251
Pressure__lempel_ziv_complexity__bins_100,Pressure,0.6977,0.8539,0.1562,0.0396,0.055,0.7,0.8667,3.2355,1304.0,7.936001182918732e-91,0.5581
"Motor_Current__agg_linear_trend__attr_""stderr""__chunk_len_5__f_agg_""max""",Motor_Current,0.009,0.1892,0.1801,0.0038,0.0778,0.0086,0.193,3.1961,536.0,5.312788002187538e-93,0.6139
"Pressure__agg_linear_trend__attr_""stderr""__chunk_len_5__f_agg_""max""",Pressure,0.0075,0.0751,0.0676,0.0031,0.0301,0.0073,0.0723,3.0922,1244.0,7.356262444340263e-90,0.5983
"Noise__agg_linear_trend__attr_""stderr""__chunk_len_5__f_agg_""max""",Noise,0.0913,0.7185,0.6272,0.0334,0.3008,0.0892,0.7146,2.8662,836.0,1.1563697848757316e-91,0.6138
Temperature__mean_abs_change,Temperature,0.3106,1.9723,1.6617,0.0683,0.8163,0.3074,1.8993,2.8046,446.5,2.1100462553487677e-93,0.6181
"Motor_Current__agg_linear_trend__attr_""stderr""__chunk_len_5__f_agg_""var""",Motor_Current,0.0004,0.1004,0.1001,0.0002,0.0503,0.0003,0.0965,2.7496,704.0,2.990126664681016e-92,0.6032
"Temperature__agg_linear_trend__attr_""stderr""__chunk_len_5__f_agg_""max""",Temperature,0.0582,0.3575,0.2993,0.0216,0.1501,0.0559,0.356,2.7306,1201.0,4.758169150866229e-90,0.5778
"Pressure__change_quantiles__f_agg_""mean""__isabs_True__qh_1.0__ql_0.6",Pressure,0.0301,0.3153,0.2851,0.0147,0.1493,0.028,0.3033,2.6269,1232.0,6.509395710487111e-90,0.578
"Motor_Current__agg_linear_trend__attr_""stderr""__chunk_len_5__f_agg_""mean""",Motor_Current,0.0064,0.0802,0.0738,0.0027,0.039,0.0059,0.0777,2.611,339.0,6.942131830414392e-94,0.6197
"Vibration__agg_linear_trend__attr_""stderr""__chunk_len_5__f_agg_""mean""",Vibration,0.0047,0.0329,0.0282,0.0035,0.0149,0.0035,0.0305,2.5624,688.0,2.537209241346116e-92,0.5764
"Motor_Current__change_quantiles__f_agg_""mean""__isabs_True__qh_1.0__ql_0.6",Motor_Current,0.0352,0.7235,0.6882,0.0179,0.3721,0.0325,0.698,2.5534,213.5,1.8879591629402834e-94,0.6431
Motor_Current__lempel_ziv_complexity__bins_100,Motor_Current,0.7229,0.8516,0.1287,0.0497,0.0515,0.7333,0.8667,2.5417,4060.0,4.214951905647489e-79,0.4149
Vibration__range_count__max_1__min_-1,Vibration,30.0,8.6811,-21.3189,0.0,11.6359,30.0,0.0,2.5321,80145.0,4.032098489833008e-100,0.5762
Motor_Current__sum_of_reoccurring_values,Motor_Current,62.2626,25.2111,-37.0515,10.3381,17.7186,63.455,25.15,2.5252,78083.0,1.3414641493389852e-76,0.5309
"Vibration__change_quantiles__f_agg_""mean""__isabs_True__qh_1.0__ql_0.6",Vibration,0.0165,0.2234,0.2069,0.007,0.115,0.0157,0.21,2.4809,581.0,8.435796414285554e-93,0.5982
"Noise__agg_linear_trend__attr_""stderr""__chunk_len_5__f_agg_""mean""",Noise,0.0651,0.3786,0.3135,0.0232,0.1761,0.0639,0.354,2.4411,412.0,1.4774020220996145e-93,0.6043
"Pressure__agg_linear_trend__attr_""stderr""__chunk_len_5__f_agg_""mean""",Pressure,0.0054,0.0359,0.0305,0.0023,0.0172,0.0051,0.0329,2.4312,809.0,8.772036070221955e-92,0.5931
"Noise__change_quantiles__f_agg_""mean""__isabs_True__qh_1.0__ql_0.6",Noise,0.3547,3.2092,2.8545,0.1735,1.6466,0.32,3.0171,2.3838,800.5,8.039950296391942e-92,0.5966
"Pressure__agg_linear_trend__attr_""slope""__chunk_len_5__f_agg_""min""",Pressure,0.0028,0.1262,0.1235,0.0105,0.0731,0.002,0.1129,2.3131,717.0,3.4157441756440276e-92,0.5806
"Temperature__change_quantiles__f_agg_""mean""__isabs_True__qh_1.0__ql_0.6",Temperature,0.1992,1.5114,1.3122,0.0798,0.782,0.1876,1.4683,2.3082,1811.0,2.2019617532285837e-87,0.5511
"Motor_Current__agg_linear_trend__attr_""slope""__chunk_len_5__f_agg_""min""",Motor_Current,0.005,0.2665,0.2615,0.0179,0.1578,0.002,0.2377,2.2777,327.0,6.129627051243179e-94,0.6099
"Pressure__change_quantiles__f_agg_""var""__isabs_False__qh_1.0__ql_0.4",Pressure,0.0021,0.2112,0.2091,0.0014,0.1291,0.0017,0.2034,2.2389,887.0,1.947774976589572e-91,0.6069
"Motor_Current__fft_coefficient__attr_""abs""__coeff_2",Motor_Current,0.3684,5.3886,5.0202,0.2308,3.104,0.334,5.0067,2.2296,511.0,4.105789480813859e-93,0.6109
"Pressure__agg_linear_trend__attr_""stderr""__chunk_len_5__f_agg_""var""",Pressure,0.0003,0.0182,0.0179,0.0001,0.0112,0.0002,0.0166,2.2102,1336.0,1.8656584277118134e-89,0.596
"Motor_Current__fft_coefficient__attr_""abs""__coeff_10",Motor_Current,0.2652,3.861,3.5959,0.1534,2.2472,0.243,3.4426,2.2068,1936.0,7.655981158421366e-87,0.5451
"Motor_Current__fft_coefficient__attr_""abs""__coeff_8",Motor_Current,0.2533,4.1838,3.9305,0.1459,2.4605,0.2331,4.0127,2.2042,933.0,3.115562465652099e-91,0.5902
"Motor_Current__fft_coefficient__attr_""abs""__coeff_4",Motor_Current,0.2712,4.3636,4.0924,0.1624,2.5692,0.2451,4.153,2.1974,1028.0,8.205462018606392e-91,0.5759
"Motor_Current__fft_coefficient__attr_""abs""__coeff_5",Motor_Current,0.2824,4.1057,3.8233,0.1686,2.4146,0.2515,3.7597,2.1835,716.0,3.3819644275823224e-92,0.5793
"Motor_Current__fft_coefficient__attr_""abs""__coeff_3",Motor_Current,0.2788,4.7635,4.4847,0.1839,2.8356,0.24,4.3963,2.1816,541.0,5.593703465416944e-93,0.5978
"Motor_Current__fft_coefficient__attr_""abs""__coeff_12",Motor_Current,0.2571,3.9293,3.6722,0.1514,2.3413,0.2295,3.6329,2.1636,1119.0,2.0703098939737882e-90,0.5742
"Pressure__fft_coefficient__attr_""abs""__coeff_2",Pressure,0.2542,2.5531,2.2988,0.1505,1.4653,0.2195,2.327,2.1578,924.0,2.8421179359023376e-91,0.5682
Pressure__energy_ratio_by_chunks__num_segments_10__segment_focus_0,Pressure,0.0997,0.0904,-0.0093,0.0015,0.0058,0.0997,0.0893,2.1575,77508.0,3.0114462600740123e-74,0.481
"Motor_Current__fft_coefficient__attr_""imag""__coeff_1",Motor_Current,0.2011,8.2465,8.0454,0.6032,5.1328,0.0701,7.7783,2.1528,3545.0,4.979526907071878e-80,0.5881
"Noise__change_quantiles__f_agg_""var""__isabs_False__qh_1.0__ql_0.2",Noise,0.4017,24.4658,24.0641,0.2071,15.5469,0.3659,21.723,2.139,581.0,8.445328834231087e-93,0.6116
"Motor_Current__fft_coefficient__attr_""abs""__coeff_9",Motor_Current,0.2439,3.9919,3.748,0.1384,2.4317,0.2246,3.6884,2.127,807.0,8.594262573302832e-92,0.5975
"Pressure__fft_coefficient__attr_""abs""__coeff_4",Pressure,0.2246,1.9636,1.739,0.1291,1.1239,0.1987,1.8459,2.1257,2769.0,2.79665761646432e-83,0.4908
"Pressure__fft_coefficient__attr_""abs""__coeff_3",Pressure,0.2282,2.114,1.8858,0.131,1.2209,0.2046,2.0065,2.1237,1494.0,9.17883864372396e-89,0.5615
"Vibration__change_quantiles__f_agg_""var""__isabs_True__qh_1.0__ql_0.2",Vibration,0.0003,0.0511,0.0509,0.0001,0.0331,0.0003,0.0445,2.1212,448.0,2.143089225452679e-93,0.6186
"Noise__change_quantiles__f_agg_""mean""__isabs_True__qh_0.8__ql_0.2",Noise,0.3275,2.0706,1.7431,0.1122,1.133,0.3126,1.9362,2.1167,1148.0,2.7792147019933756e-90,0.5493
"Temperature__change_quantiles__f_agg_""var""__isabs_False__qh_1.0__ql_0.2",Temperature,0.1109,5.9228,5.8119,0.0543,3.7992,0.1008,5.2051,2.114,722.0,3.596688695987902e-92,0.6029
"Motor_Current__change_quantiles__f_agg_""var""__isabs_False__qh_1.0__ql_0.4",Motor_Current,0.0031,1.2669,1.2638,0.0026,0.8341,0.0024,1.0974,2.094,148.0,9.561507688407751e-95,0.6513
"Motor_Current__agg_linear_trend__attr_""rvalue""__chunk_len_5__f_agg_""min""",Motor_Current,0.1236,0.91,0.7864,0.5365,0.1134,0.1043,0.9448,2.0733,4562.0,7.20282859779817e-76,0.4174
"Pressure__agg_linear_trend__attr_""rvalue""__chunk_len_5__f_agg_""min""",Pressure,0.109,0.8519,0.743,0.491,0.1617,0.1397,0.9095,2.0721,4969.0,3.095618889138154e-74,0.3776
"Motor_Current__fft_coefficient__attr_""abs""__coeff_13",Motor_Current,0.2728,3.848,3.5752,0.1603,2.3832,0.2456,3.4518,2.069,1467.0,6.994162099196931e-89,0.5698
"Pressure__cwt_coefficients__coeff_0__w_10__widths_(2, 5, 10, 20)",Pressure,0.4442,-0.0359,-0.4801,0.0582,0.3176,0.4493,-0.0386,2.0579,78237.0,3.469793991744095e-77,0.4901
"Temperature__change_quantiles__f_agg_""mean""__isabs_True__qh_0.8__ql_0.2",Temperature,0.1761,0.9898,0.8137,0.0523,0.5445,0.17,0.913,2.0567,1782.5,1.6564363705501956e-87,0.5289
Pressure__sum_of_reoccurring_values,Pressure,40.6382,22.3641,-18.2741,6.0147,10.8593,40.235,22.36,2.0563,75926.0,4.515821341320056e-68,0.4441
"Pressure__fft_coefficient__attr_""abs""__coeff_10",Pressure,0.2362,1.6744,1.4382,0.1217,0.9632,0.2211,1.5604,2.0487,1682.0,6.061332173404385e-88,0.5319
"Noise__fft_coefficient__attr_""imag""__coeff_1",Noise,0.9467,38.5908,37.6441,3.4361,25.1974,0.6291,36.1178,2.0475,3078.0,5.609040281510365e-82,0.5313
"Motor_Current__fft_coefficient__attr_""abs""__coeff_6",Motor_Current,0.2852,4.2175,3.9323,0.1736,2.6529,0.2493,3.9435,2.0446,1258.0,8.476694920845617e-90,0.5735
"Vibration__fft_coefficient__attr_""abs""__coeff_2",Vibration,0.2481,2.0666,1.8185,0.1319,1.2286,0.2264,1.9441,2.0349,2028.0,1.910747685345045e-86,0.518
"Pressure__fft_coefficient__attr_""abs""__coeff_12",Pressure,0.2056,1.6342,1.4286,0.1212,0.9651,0.1844,1.505,2.0314,3223.0,2.2718261572071576e-81,0.4819
"Pressure__fft_coefficient__attr_""abs""__coeff_9",Pressure,0.2217,1.7362,1.5145,0.1092,1.0263,0.2119,1.661,2.0291,2849.0,6.092470643693198e-83,0.5234
"Pressure__fft_coefficient__attr_""abs""__coeff_8",Pressure,0.2115,1.8036,1.5921,0.1249,1.0792,0.1945,1.5692,2.0267,2147.0,6.217307216145708e-86,0.5154
"Noise__agg_linear_trend__attr_""stderr""__chunk_len_5__f_agg_""var""",Noise,0.0401,1.8729,1.8328,0.0222,1.2515,0.0353,1.6428,2.0238,564.0,7.089215576699883e-93,0.6002
"Vibration__fft_coefficient__attr_""abs""__coeff_8",Vibration,0.1122,1.2811,1.1688,0.0642,0.8016,0.1052,1.1346,2.0092,2104.0,4.0609585322129665e-86,0.5559
"Pressure__fft_coefficient__attr_""abs""__coeff_13",Pressure,0.2081,1.65,1.442,0.115,0.9868,0.1943,1.5203,2.0072,3171.0,1.3765196287557303e-81,0.4968
Pressure__energy_ratio_by_chunks__num_segments_10__segment_focus_9,Pressure,0.1003,0.1104,0.0101,0.0014,0.0068,0.1002,0.1099,2.0024,4717.0,3.031353698006388e-75,0.473
"Vibration__agg_linear_trend__attr_""stderr""__chunk_len_5__f_agg_""min""",Vibration,0.0055,0.0332,0.0277,0.0037,0.0188,0.0046,0.0278,2.0014,1185.0,4.044999389125274e-90,0.5405
"Noise__agg_linear_trend__attr_""slope""__chunk_len_5__f_agg_""min""",Noise,0.0351,1.187,1.1519,0.1155,0.7887,0.0273,0.996,1.9989,2318.5,3.3831869042216605e-85,0.5283
"Motor_Current__fft_coefficient__attr_""abs""__coeff_7",Motor_Current,0.2546,4.2851,4.0305,0.145,2.7869,0.2425,3.8744,1.9963,1342.0,1.9822518498248895e-89,0.5675
"Vibration__fft_coefficient__attr_""abs""__coeff_13",Vibration,0.1081,1.206,1.098,0.0573,0.7588,0.0985,1.0726,1.9946,2915.0,1.1567605084887052e-82,0.5238
Noise__energy_ratio_by_chunks__num_segments_10__segment_focus_0,Noise,0.0997,0.0899,-0.0098,0.0018,0.0066,0.0998,0.0894,1.9927,75330.0,8.159652015670157e-66,0.4522
"Pressure__change_quantiles__f_agg_""mean""__isabs_True__qh_0.8__ql_0.2",Pressure,0.0278,0.1827,0.155,0.009,0.1071,0.0272,0.1655,1.9924,1467.0,6.99257087786444e-89,0.5403
"Noise__fft_coefficient__attr_""abs""__coeff_8",Noise,2.5692,19.1786,16.6094,1.4012,11.4869,2.449,17.1577,1.9849,2826.0,4.871310924113068e-83,0.5169
"Temperature__change_quantiles__f_agg_""var""__isabs_False__qh_1.0__ql_0.4",Temperature,0.0859,5.1513,5.0653,0.0531,3.5303,0.0743,4.5229,1.9827,888.0,1.9677774377736703e-91,0.5935
"Noise__agg_linear_trend__attr_""slope""__chunk_len_5__f_agg_""max""",Noise,0.0384,1.4696,1.4313,0.1327,0.9901,0.032,1.426,1.9818,4892.0,1.5245456425987873e-74,0.5037
"Vibration__fft_coefficient__attr_""abs""__coeff_3",Vibration,0.1405,1.6657,1.5252,0.0849,1.061,0.1284,1.5257,1.9809,1366.0,2.5259585803435262e-89,0.5518
"Noise__fft_coefficient__attr_""abs""__coeff_2",Noise,3.303,24.3102,21.0073,1.825,14.5752,2.9992,21.9667,1.9779,1329.0,1.738251746978134e-89,0.5522
"Pressure__linear_trend__attr_""rvalue""",Pressure,0.0763,0.566,0.4897,0.3022,0.1854,0.0718,0.6033,1.9746,7812.0,2.478144805385727e-63,0.3201
"Pressure__agg_linear_trend__attr_""slope""__chunk_len_5__f_agg_""max""",Pressure,0.003,0.1494,0.1464,0.0125,0.1019,0.0023,0.144,1.9709,5608.0,1.043057189191507e-71,0.545
"Motor_Current__fft_coefficient__attr_""abs""__coeff_14",Motor_Current,0.2552,3.9335,3.6783,0.1422,2.5816,0.2347,3.5101,1.9665,1241.0,7.136211870934414e-90,0.5874
"Vibration__agg_linear_trend__attr_""stderr""__chunk_len_5__f_agg_""var""",Vibration,0.0001,0.0096,0.0095,0.0001,0.0067,0.0001,0.0081,1.9657,597.0,9.95713470037443e-93,0.6038
"Pressure__fft_coefficient__attr_""abs""__coeff_5",Pressure,0.2316,1.7687,1.5371,0.1177,1.0813,0.2193,1.6069,1.954,2231.0,1.4267989148687525e-85,0.5149
Motor_Current__energy_ratio_by_chunks__num_segments_10__segment_focus_0,Motor_Current,0.0997,0.0888,-0.0109,0.0012,0.0076,0.0999,0.0874,1.9526,76527.0,2.1941799649780845e-70,0.5329
"Motor_Current__fft_coefficient__attr_""abs""__coeff_11",Motor_Current,0.2672,3.7193,3.4521,0.1554,2.4533,0.2494,3.3622,1.9412,1451.0,5.9530740185916036e-89,0.5473
"Noise__fft_coefficient__attr_""abs""__coeff_3",Noise,2.9874,20.7748,17.7874,1.5542,12.584,2.8433,18.0958,1.9401,2904.0,1.039604657714905e-82,0.5111
"Motor_Current__cwt_coefficients__coeff_0__w_10__widths_(2, 5, 10, 20)",Motor_Current,0.7051,-0.2961,-1.0012,0.087,0.7095,0.7215,-0.3106,1.9372,78051.0,1.974972808023317e-76,0.5504
"Temperature__agg_linear_trend__attr_""stderr""__chunk_len_5__f_agg_""mean""",Temperature,0.05,0.1911,0.1411,0.0154,0.0997,0.0484,0.1736,1.9345,2737.0,2.047300393069721e-83,0.4988
"Vibration__fft_coefficient__attr_""abs""__coeff_10",Vibration,0.1112,1.199,1.0878,0.0575,0.7754,0.1039,1.0294,1.9339,1886.5,4.67598565134042e-87,0.5464
"Noise__change_quantiles__f_agg_""mean""__isabs_True__qh_0.8__ql_0.4",Noise,0.2244,1.584,1.3596,0.1168,0.9657,0.2055,1.4783,1.933,2686.0,1.2440704181775708e-83,0.5
"Pressure__fft_coefficient__attr_""abs""__coeff_14",Pressure,0.223,1.6965,1.4734,0.121,1.0501,0.2032,1.4901,1.9274,2904.0,1.039604657714905e-82,0.5015
"Vibration__fft_coefficient__attr_""abs""__coeff_11",Vibration,0.1082,1.3064,1.1982,0.0609,0.8572,0.0969,1.145,1.9273,1557.0,1.7295465486752393e-88,0.5519
"Temperature__fft_coefficient__attr_""abs""__coeff_13",Temperature,1.386,8.8451,7.4591,0.7416,5.3072,1.2909,8.0453,1.9254,4912.0,1.8327537253420002e-74,0.453
"Noise__fft_coefficient__attr_""abs""__coeff_7",Noise,2.7303,19.4063,16.676,1.4655,11.8899,2.6167,17.3237,1.9251,2265.0,1.9960221191798656e-85,0.5061
"Pressure__fft_coefficient__attr_""abs""__coeff_6",Pressure,0.2334,1.9339,1.7005,0.1301,1.2168,0.219,1.8286,1.9214,2985.0,2.28059627190861e-82,0.4945
"Vibration__fft_coefficient__attr_""abs""__coeff_5",Vibration,0.1208,1.4131,1.2923,0.0667,0.9279,0.11,1.1985,1.9202,2356.5,4.9191344480193113e-85,0.5545
"Motor_Current__change_quantiles__f_agg_""mean""__isabs_True__qh_0.8__ql_0.0",Motor_Current,0.0463,0.41,0.3636,0.0139,0.2615,0.0439,0.3555,1.9194,373.5,9.921143157759321e-94,0.6149
"Vibration__fft_coefficient__attr_""abs""__coeff_4",Vibration,0.1294,1.4637,1.3343,0.0737,0.9583,0.1164,1.2226,1.9191,1750.0,1.1971040098237165e-87,0.5393
"Noise__fft_coefficient__attr_""abs""__coeff_13",Noise,2.6619,17.5708,14.9089,1.3708,10.6721,2.4906,14.8946,1.9164,2869.0,7.399844034138733e-83,0.4959
"Noise__fft_coefficient__attr_""abs""__coeff_5",Noise,2.6868,19.2783,16.5914,1.4663,11.9222,2.4245,16.9095,1.9102,2437.0,1.0859662704216247e-84,0.5147
"Pressure__change_quantiles__f_agg_""mean""__isabs_True__qh_0.8__ql_0.4",Pressure,0.0193,0.1497,0.1304,0.0088,0.0942,0.0183,0.134,1.9053,2198.0,1.0277473471560789e-85,0.5232
Noise__energy_ratio_by_chunks__num_segments_10__segment_focus_9,Noise,0.1005,0.1115,0.011,0.002,0.0078,0.1005,0.1112,1.9053,6589.0,6.4870240753718554e-68,0.4271
"Vibration__fft_coefficient__attr_""abs""__coeff_7",Vibration,0.127,1.2982,1.1712,0.0646,0.8488,0.1228,1.2022,1.902,2049.0,2.3536359660791556e-86,0.5436
"Temperature__fft_coefficient__attr_""abs""__coeff_1",Temperature,2.6738,16.6617,13.9878,1.4977,10.0663,2.3805,15.3875,1.9014,4302.0,6.37775631349819e-77,0.4686
"Noise__change_quantiles__f_agg_""var""__isabs_True__qh_1.0__ql_0.4",Noise,0.1124,8.4366,8.3242,0.0839,6.0573,0.0952,7.3892,1.8991,641.0,1.565539082091943e-92,0.6107
"Pressure__fft_coefficient__attr_""abs""__coeff_7",Pressure,0.2313,1.9039,1.6726,0.1279,1.2133,0.2206,1.7139,1.8956,2882.0,8.396108176920206e-83,0.4925
Vibration__variance,Vibration,0.0014,0.1317,0.1302,0.0019,0.0952,0.0006,0.1094,1.8904,209.0,1.802661136379912e-94,0.6405
"Temperature__fft_coefficient__attr_""abs""__coeff_4",Temperature,1.3913,9.7208,8.3295,0.7976,6.0642,1.2881,9.3201,1.8835,4344.0,9.445872556500708e-77,0.4824
"Vibration__fft_coefficient__attr_""abs""__coeff_14",Vibration,0.1109,1.3537,1.2428,0.0583,0.9127,0.106,1.1428,1.8783,2033.0,2.008000875069841e-86,0.5531
"Noise__fft_coefficient__attr_""abs""__coeff_12",Noise,2.6735,17.7983,15.1248,1.484,11.0409,2.4533,15.6675,1.8778,2709.0,1.5579881332706634e-83,0.5056
"Vibration__fft_coefficient__attr_""abs""__coeff_12",Vibration,0.113,1.2527,1.1397,0.0575,0.837,0.1054,1.1339,1.8778,1785.0,1.6984902709255432e-87,0.5455
"Noise__linear_trend__attr_""rvalue""",Noise,0.0825,0.5256,0.4431,0.2761,0.1926,0.0485,0.5568,1.8767,8757.0,6.64758709600002e-60,0.3091
"Motor_Current__change_quantiles__f_agg_""var""__isabs_True__qh_1.0__ql_0.6",Motor_Current,0.0009,0.4762,0.4754,0.001,0.3509,0.0006,0.4427,1.872,249.0,2.7308041287968727e-94,0.6328
"Temperature__fft_coefficient__attr_""abs""__coeff_7",Temperature,1.3479,9.6823,8.3344,0.7847,6.1132,1.1957,8.3374,1.8702,2930.0,1.3380152928294027e-82,0.4834
"Noise__agg_linear_trend__attr_""slope""__chunk_len_10__f_agg_""max""",Noise,0.0769,3.1144,3.0375,0.3021,2.2261,0.0425,2.855,1.8701,5119.5,1.2295070952170107e-73,0.4848
"Vibration__change_quantiles__f_agg_""var""__isabs_True__qh_1.0__ql_0.4",Vibration,0.0002,0.0464,0.0462,0.0001,0.0342,0.0002,0.0406,1.8676,490.0,3.306089537838886e-93,0.619
"Noise__cwt_coefficients__coeff_0__w_10__widths_(2, 5, 10, 20)",Noise,3.6988,-0.828,-4.5268,0.6114,3.3041,3.7552,-0.6396,1.8646,75930.0,4.368470163716848e-68,0.4532
"Temperature__change_quantiles__f_agg_""mean""__isabs_True__qh_0.6__ql_0.0",Temperature,0.229,1.0842,0.8551,0.0724,0.6326,0.2144,0.9662,1.857,2203.5,1.0872343654304864e-85,0.5005
"Noise__change_quantiles__f_agg_""mean""__isabs_True__qh_0.6__ql_0.0",Noise,0.4179,2.2488,1.8309,0.131,1.3616,0.3995,1.934,1.8506,1771.0,1.4767122100119744e-87,0.5294
"Motor_Current__change_quantiles__f_agg_""mean""__isabs_True__qh_0.8__ql_0.4",Motor_Current,0.0229,0.2738,0.2509,0.0124,0.1875,0.02,0.2312,1.8453,428.0,1.7411129948711174e-93,0.6057
"Vibration__fft_coefficient__attr_""abs""__coeff_6",Vibration,0.1229,1.5039,1.381,0.0675,1.0335,0.114,1.3642,1.843,2190.0,9.514232800672011e-86,0.5432
"Noise__change_quantiles__f_agg_""var""__isabs_False__qh_1.0__ql_0.4",Noise,0.2983,21.7075,21.4092,0.2071,16.0866,0.2548,18.0777,1.8392,671.0,2.1307860140811617e-92,0.6085
"Temperature__fft_coefficient__attr_""abs""__coeff_11",Temperature,1.342,8.4863,7.1443,0.7412,5.323,1.2621,7.8181,1.8387,3400.0,1.2439696874821833e-80,0.4498
"Temperature__fft_coefficient__attr_""abs""__coeff_10",Temperature,1.383,8.8016,7.4186,0.7488,5.5339,1.3217,7.9112,1.8375,2917.0,1.1794346767044011e-82,0.4901
"Pressure__change_quantiles__f_agg_""mean""__isabs_True__qh_0.6__ql_0.0",Pressure,0.0334,0.1767,0.1433,0.0121,0.1072,0.0314,0.15,1.8373,2044.5,2.2502226494427184e-86,0.5194
"Noise__fft_coefficient__attr_""abs""__coeff_14",Noise,2.7436,17.8579,15.1142,1.4341,11.313,2.5557,15.9365,1.833,3396.0,1.197181129993957e-80,0.4866
"Temperature__fft_coefficient__attr_""abs""__coeff_9",Temperature,1.3488,9.1637,7.8149,0.7857,5.8496,1.2843,8.2251,1.8314,3344.0,7.270284611211062e-81,0.4608
"Vibration__fft_coefficient__attr_""abs""__coeff_9",Vibration,0.1172,1.2842,1.1669,0.0587,0.8794,0.1117,1.1299,1.8302,2474.0,1.5618659650512621e-84,0.5336
"Pressure__agg_linear_trend__attr_""slope""__chunk_len_10__f_agg_""max""",Pressure,0.0064,0.305,0.2985,0.029,0.2241,0.005,0.285,1.8275,6017.5,3.940861043471235e-70,0.4927
"Motor_Current__change_quantiles__f_agg_""mean""__isabs_True__qh_0.6__ql_0.2",Motor_Current,0.0222,0.2235,0.2013,0.0107,0.152,0.02,0.2,1.8257,889.5,1.996269229579388e-91,0.5797
"Temperature__fft_coefficient__attr_""abs""__coeff_6",Temperature,1.3855,9.5422,8.1568,0.6705,6.1586,1.3661,8.4742,1.8206,3185.0,1.5754120323974889e-81,0.4868
"Temperature__fft_coefficient__attr_""abs""__coeff_5",Temperature,1.3532,9.152,7.7988,0.7151,5.8845,1.2916,8.1049,1.8195,3076.0,5.501654973589649e-82,0.4943
"Pressure__fft_coefficient__attr_""abs""__coeff_11",Pressure,0.2219,1.6383,1.4164,0.1196,1.0698,0.2042,1.3967,1.8195,3164.0,1.2866739026254659e-81,0.4851
"Vibration__change_quantiles__f_agg_""mean""__isabs_True__qh_0.8__ql_0.4",Vibration,0.0118,0.1191,0.1073,0.0064,0.0813,0.0109,0.106,1.8183,616.0,1.2083961815085228e-92,0.5832
"Noise__fft_coefficient__attr_""abs""__coeff_10",Noise,2.835,16.9653,14.1303,1.5311,10.65,2.6155,15.3724,1.8167,2953.0,1.6724261640710498e-82,0.4747
"Temperature__fft_coefficient__attr_""abs""__coeff_3",Temperature,1.4786,10.2156,8.7371,0.7994,6.6086,1.3181,9.2161,1.8151,4123.0,1.1899627362422312e-77,0.4586
"Noise__fft_coefficient__attr_""abs""__coeff_4",Noise,3.0294,19.7407,16.7113,1.6155,12.6342,2.9034,16.9667,1.8146,3731.0,2.927697755311438e-79,0.4865
"Pressure__agg_linear_trend__attr_""rvalue""__chunk_len_5__f_agg_""mean""",Pressure,0.1127,0.8306,0.7179,0.5437,0.1794,0.148,0.8919,1.8079,8270.0,1.169443220649426e-61,0.3275
"Pressure__change_quantiles__f_agg_""mean""__isabs_True__qh_0.4__ql_0.0",Pressure,0.0265,0.1508,0.1243,0.0127,0.0943,0.025,0.1271,1.8078,2346.5,4.4532842847918205e-85,0.5084
"Pressure__change_quantiles__f_agg_""var""__isabs_True__qh_1.0__ql_0.6",Pressure,0.0006,0.0739,0.0734,0.0006,0.0561,0.0004,0.066,1.8067,875.0,1.7228936359331542e-91,0.5907
"Vibration__change_quantiles__f_agg_""mean""__isabs_True__qh_0.6__ql_0.0",Vibration,0.0185,0.1618,0.1433,0.0062,0.1098,0.0182,0.1462,1.802,304.0,4.829032348720093e-94,0.6124
"Vibration__agg_linear_trend__attr_""slope""__chunk_len_5__f_agg_""max""",Vibration,0.0035,0.1254,0.1219,0.0136,0.0927,0.0003,0.1263,1.7998,8634.0,2.4083104506084613e-60,0.4755
"Motor_Current__change_quantiles__f_agg_""mean""__isabs_True__qh_0.6__ql_0.0",Motor_Current,0.0391,0.3048,0.2657,0.0141,0.2039,0.0364,0.2609,1.7972,563.5,7.05187255789036e-93,0.5891
"Vibration__change_quantiles__f_agg_""var""__isabs_False__qh_1.0__ql_0.4",Vibration,0.0006,0.1143,0.1137,0.0003,0.0877,0.0006,0.097,1.7913,371.0,9.668124573175705e-94,0.6307
"Temperature__agg_linear_trend__attr_""stderr""__chunk_len_5__f_agg_""var""",Temperature,0.0105,0.5184,0.5078,0.0056,0.3932,0.0104,0.4378,1.7847,605.0,1.0811421132210704e-92,0.6137
"Noise__fft_coefficient__attr_""abs""__coeff_9",Noise,2.7377,18.2868,15.5491,1.4993,11.9556,2.4435,16.3786,1.7847,3919.0,1.7389645931263704e-78,0.4581
"Temperature__fft_coefficient__attr_""abs""__coeff_8",Temperature,1.3245,9.7333,8.4088,0.7858,6.4725,1.2167,8.7385,1.7836,2715.0,1.6519214271517684e-83,0.4747
"Noise__fft_coefficient__attr_""abs""__coeff_6",Noise,2.7519,19.5634,16.8115,1.4689,12.9769,2.6259,18.0194,1.7801,3422.0,1.535865375003998e-80,0.4805
Motor_Current__last_location_of_minimum,Motor_Current,0.5185,0.129,-0.3895,0.2958,0.1096,0.5,0.1,1.778,72690.0,1.0770846219092976e-56,0.2881
Temperature__sum_values,Temperature,1864.0952,2090.6332,226.538,12.4332,175.9853,1864.74,2044.88,1.775,1423.5,4.511982756362161e-89,0.5624
"Temperature__fft_coefficient__attr_""abs""__coeff_14",Temperature,1.3904,9.3918,8.0014,0.686,6.2065,1.3501,8.375,1.7719,3343.0,7.20083676724922e-81,0.4726
"Pressure__change_quantiles__f_agg_""mean""__isabs_True__qh_0.6__ql_0.2",Pressure,0.0196,0.1203,0.1007,0.0088,0.0781,0.0183,0.1029,1.7718,2755.0,2.436496071521048e-83,0.4841
"Motor_Current__change_quantiles__f_agg_""mean""__isabs_True__qh_0.4__ql_0.0",Motor_Current,0.0328,0.2579,0.2252,0.0164,0.1754,0.03,0.22,1.767,1316.0,1.5233188255815355e-89,0.5382
Motor_Current__energy_ratio_by_chunks__num_segments_10__segment_focus_9,Motor_Current,0.1005,0.1124,0.0119,0.0016,0.0093,0.1002,0.1117,1.7456,6761.0,2.9264564446479703e-67,0.4679
"Noise__agg_linear_trend__attr_""rvalue""__chunk_len_5__f_agg_""mean""",Noise,0.139,0.7964,0.6573,0.5018,0.2052,0.1257,0.8686,1.7444,9631.0,8.067195746680095e-57,0.2729
"Temperature__fft_coefficient__attr_""abs""__coeff_12",Temperature,1.3168,9.0424,7.7257,0.6623,6.1036,1.295,7.7818,1.74,3155.0,1.1796992241146157e-81,0.4981
Pressure__mean_change,Pressure,0.0006,0.0291,0.0284,0.0027,0.0225,0.0005,0.0266,1.7328,6852.0,6.322508277063228e-67,0.5305
Noise__mean_change,Noise,0.0054,0.2767,0.2712,0.0332,0.214,0.0034,0.2759,1.7325,7367.0,5.566791847365988e-65,0.5216
Vibration__mean_change,Vibration,0.0006,0.0239,0.0233,0.0022,0.0185,0.0003,0.0228,1.731,7749.5,1.37271336334084e-63,0.49
"Noise__agg_linear_trend__attr_""slope""__chunk_len_10__f_agg_""min""",Noise,0.0732,2.281,2.2078,0.2814,1.7429,0.035,1.925,1.7303,3998.0,3.661764784943404e-78,0.4692
"Vibration__fft_coefficient__attr_""imag""__coeff_1",Vibration,0.086,3.3385,3.2525,0.4689,2.5611,0.0159,3.3988,1.7289,10121.0,3.97421283805382e-55,0.4833
"Noise__agg_linear_trend__attr_""rvalue""__chunk_len_5__f_agg_""min""",Noise,0.1251,0.755,0.6299,0.4659,0.2377,0.1488,0.8251,1.7275,9129.0,1.3980879608026476e-58,0.2663
"Motor_Current__agg_linear_trend__attr_""stderr""__chunk_len_5__f_agg_""min""",Motor_Current,0.0084,0.0482,0.0397,0.0035,0.0317,0.0078,0.038,1.7213,2729.0,1.8936271981072886e-83,0.4954
"Pressure__fft_coefficient__attr_""imag""__coeff_2",Pressure,0.0105,1.8377,1.8272,0.227,1.4511,0.0125,1.7043,1.7212,6877.0,8.049803930908312e-67,0.5013
"Motor_Current__change_quantiles__f_agg_""var""__isabs_False__qh_1.0__ql_0.6",Motor_Current,0.0022,1.0624,1.0601,0.0026,0.8595,0.0014,0.9196,1.7047,273.0,3.5029560193074083e-94,0.6446
"Noise__fft_coefficient__attr_""abs""__coeff_11",Noise,2.7913,17.1038,14.3125,1.5626,11.5534,2.5448,14.3936,1.698,4316.0,7.27021769975144e-77,0.4392
Pressure__energy_ratio_by_chunks__num_segments_10__segment_focus_1,Pressure,0.0999,0.0924,-0.0074,0.0012,0.006,0.0999,0.0916,1.6905,72538.0,9.190055121635332e-56,0.4376
"Motor_Current__agg_linear_trend__attr_""stderr""__chunk_len_10__f_agg_""var""",Motor_Current,0.0008,0.2128,0.2121,0.0007,0.1737,0.0006,0.1691,1.6874,946.0,3.557509027504072e-91,0.5865
"Temperature__change_quantiles__f_agg_""mean""__isabs_True__qh_0.8__ql_0.4",Temperature,0.1219,0.7614,0.6396,0.0535,0.5229,0.115,0.64,1.6825,2865.0,7.115447706575023e-83,0.4963
"Vibration__agg_linear_trend__attr_""stderr""__chunk_len_10__f_agg_""max""",Vibration,0.0145,0.1249,0.1105,0.0136,0.0899,0.0087,0.1068,1.6803,4736.5,3.559431519089197e-75,0.4103
Motor_Current__mean_change,Motor_Current,0.0013,0.062,0.0607,0.0044,0.0498,0.0007,0.0548,1.679,6274.0,3.9925147675573375e-69,0.5959
"Noise__change_quantiles__f_agg_""mean""__isabs_True__qh_0.6__ql_0.2",Noise,0.2251,1.3819,1.1568,0.1141,0.9462,0.2067,1.2067,1.6785,3146.0,1.081401971529352e-81,0.4768
"Motor_Current__agg_linear_trend__attr_""rvalue""__chunk_len_5__f_agg_""mean""",Motor_Current,0.1248,0.8053,0.6804,0.5437,0.214,0.1284,0.8788,1.6761,11491.0,1.55674094582721e-50,0.283
"Noise__agg_linear_trend__attr_""stderr""__chunk_len_5__f_agg_""min""",Noise,0.0924,0.411,0.3185,0.0374,0.2604,0.087,0.3331,1.6747,3147.0,1.0920819596508247e-81,0.4587
"Pressure__agg_linear_trend__attr_""intercept""__chunk_len_10__f_agg_""var""",Pressure,0.002,0.1172,0.1153,0.0011,0.0955,0.0017,0.1055,1.6683,6424.0,1.5182283558475688e-68,0.5703
"Pressure__change_quantiles__f_agg_""var""__isabs_False__qh_1.0__ql_0.6",Pressure,0.0015,0.1803,0.1788,0.0014,0.1488,0.0011,0.1482,1.6609,964.0,4.274361844650077e-91,0.6004
"Motor_Current__agg_linear_trend__attr_""slope""__chunk_len_5__f_agg_""max""",Motor_Current,0.0074,0.3088,0.3013,0.0216,0.25,0.0036,0.2966,1.66,7059.0,3.910648617605793e-66,0.5323
"Pressure__agg_linear_trend__attr_""stderr""__chunk_len_5__f_agg_""min""",Pressure,0.0072,0.0308,0.0236,0.0032,0.0195,0.0064,0.0262,1.6543,3830.0,7.489700214163041e-79,0.4318
"Vibration__change_quantiles__f_agg_""mean""__isabs_True__qh_0.4__ql_0.0",Vibration,0.0167,0.1323,0.1156,0.0072,0.0971,0.015,0.1157,1.6417,819.5,9.75215161708811e-92,0.5815
"Temperature__fft_coefficient__attr_""abs""__coeff_2",Temperature,3.4084,11.4335,8.0251,1.15,6.678,3.4201,10.3339,1.6388,6900.0,9.834255818043351e-67,0.4074
"Temperature__change_quantiles__f_agg_""mean""__isabs_True__qh_0.4__ql_0.0",Temperature,0.1955,0.8898,0.6943,0.0821,0.5805,0.1838,0.72,1.638,4025.0,4.729332699072814e-78,0.4319
Noise__energy_ratio_by_chunks__num_segments_10__segment_focus_1,Noise,0.0996,0.0917,-0.0079,0.0018,0.0064,0.0999,0.0912,1.6369,72695.0,2.634515824723329e-56,0.4298
"Noise__change_quantiles__f_agg_""mean""__isabs_True__qh_0.4__ql_0.0",Noise,0.3562,1.8418,1.4856,0.1593,1.246,0.3453,1.5033,1.6357,3501.0,3.2702890938001815e-80,0.4672
"Motor_Current__agg_linear_trend__attr_""stderr""__chunk_len_10__f_agg_""max""",Motor_Current,0.0206,0.3903,0.3697,0.0175,0.3145,0.0173,0.3291,1.6224,3155.5,1.176210099803651e-81,0.4861
"Temperature__agg_linear_trend__attr_""stderr""__chunk_len_5__f_agg_""min""",Temperature,0.0601,0.215,0.1549,0.0194,0.131,0.0593,0.1798,1.6177,3769.0,4.199883437515497e-79,0.4274
"Motor_Current__agg_linear_trend__attr_""rvalue""__chunk_len_10__f_agg_""min""",Motor_Current,0.1201,0.952,0.832,0.7321,0.147,0.189,0.9887,1.6111,9283.5,4.853083736951017e-58,0.3815
"Vibration__agg_linear_trend__attr_""stderr""__chunk_len_10__f_agg_""mean""",Vibration,0.0095,0.07,0.0605,0.0132,0.0504,0.0049,0.06,1.61,6497.5,2.9002581421356912e-68,0.3614
Pressure__last_location_of_minimum,Pressure,0.527,0.168,-0.359,0.2865,0.1442,0.5333,0.1333,1.6057,70990.5,9.296717342339738e-51,0.2308
"Motor_Current__agg_linear_trend__attr_""stderr""__chunk_len_10__f_agg_""mean""",Motor_Current,0.0125,0.146,0.1335,0.0095,0.1147,0.011,0.1238,1.6044,4222.0,3.0144269193002824e-77,0.4647
"Motor_Current__linear_trend__attr_""rvalue""",Motor_Current,0.0961,0.5355,0.4394,0.3322,0.2074,0.0448,0.5572,1.6034,12181.0,2.678115788242467e-48,0.2709
"Vibration__change_quantiles__f_agg_""mean""__isabs_True__qh_0.6__ql_0.2",Vibration,0.0117,0.1092,0.0975,0.0064,0.0842,0.01,0.088,1.5955,1061.5,1.1527437521220414e-90,0.5461
"Noise__agg_linear_trend__attr_""stderr""__chunk_len_10__f_agg_""max""",Noise,0.192,1.6687,1.4767,0.146,1.2791,0.166,1.3539,1.5861,5798.5,5.798076067872217e-71,0.4201
Motor_Current__first_location_of_minimum,Motor_Current,0.4339,0.0896,-0.3444,0.2972,0.1035,0.4,0.0667,1.5771,70494.0,2.199021780008122e-49,0.2573
"Motor_Current__agg_linear_trend__attr_""slope""__chunk_len_10__f_agg_""max""",Motor_Current,0.0153,0.6449,0.6296,0.0479,0.5513,0.005,0.59,1.573,7543.5,2.4871967252544056e-64,0.5164
"Temperature__change_quantiles__f_agg_""mean""__isabs_True__qh_0.6__ql_0.2",Temperature,0.1244,0.6358,0.5113,0.0575,0.4487,0.1159,0.5225,1.5633,4412.5,1.7901032789174957e-76,0.448
Motor_Current__energy_ratio_by_chunks__num_segments_10__segment_focus_1,Motor_Current,0.0998,0.091,-0.0088,0.0011,0.0077,0.0999,0.0897,1.5564,71746.0,4.565991509766625e-53,0.495
"Motor_Current__agg_linear_trend__attr_""intercept""__chunk_len_5__f_agg_""var""",Motor_Current,0.0021,0.524,0.5218,0.0014,0.4648,0.0019,0.4899,1.5517,9031.0,6.2878733343739845e-59,0.5783
"Temperature__fft_coefficient__attr_""imag""__coeff_1",Temperature,0.4709,13.5772,13.1063,2.4564,11.5085,0.3378,12.6883,1.5423,9230.0,3.1775343677286828e-58,0.3891
"Pressure__agg_linear_trend__attr_""rvalue""__chunk_len_10__f_agg_""mean""",Pressure,0.1163,0.9254,0.8091,0.7429,0.1592,0.2744,0.9758,1.5395,12058.5,1.083228972040109e-48,0.2591
"Motor_Current__fft_coefficient__attr_""imag""__coeff_2",Motor_Current,0.0334,3.8143,3.781,0.3412,3.3805,0.0079,3.5383,1.5386,7484.0,1.5180741402618919e-64,0.4861
Pressure__energy_ratio_by_chunks__num_segments_10__segment_focus_8,Pressure,0.1002,0.1079,0.0076,0.0012,0.0068,0.1002,0.1075,1.5369,9576.0,5.189280241018505e-57,0.3897
"Motor_Current__fft_coefficient__attr_""abs""__coeff_15",Motor_Current,0.2197,3.4182,3.1985,0.1957,2.8765,0.17,2.72,1.5335,4875.0,1.298444993536696e-74,0.4281
"Pressure__agg_linear_trend__attr_""intercept""__chunk_len_5__f_agg_""var""",Pressure,0.0017,0.0948,0.0931,0.0011,0.0845,0.0015,0.083,1.5231,8844.0,1.3595652585951527e-59,0.5483
"Noise__agg_linear_trend__attr_""intercept""__chunk_len_5__f_agg_""var""",Noise,0.2559,10.0911,9.8352,0.1382,8.9577,0.2375,8.3316,1.5172,8215.0,7.382138189397233e-62,0.5482
Temperature__time_reversal_asymmetry_statistic__lag_3,Temperature,67.2015,5907.8595,5840.658,710.2063,5307.2292,84.8222,4995.9584,1.5087,6764.0,3.004176954046011e-67,0.4583
Temperature__time_reversal_asymmetry_statistic__lag_2,Temperature,35.8444,3956.8406,3920.9962,478.5745,3563.3429,25.7271,3124.2489,1.5084,7273.0,2.48238370706319e-65,0.4914
"Pressure__agg_autocorrelation__f_agg_""mean""__maxlag_40",Pressure,-0.0703,-0.2441,-0.1738,0.0907,0.1337,-0.0381,-0.2441,1.5078,71687.0,7.205212781100924e-53,0.2412
"Vibration__fft_coefficient__attr_""abs""__coeff_15",Vibration,0.1022,1.1189,1.0168,0.0785,0.9337,0.08,0.91,1.5001,6629.5,9.134044540230489e-68,0.3923
Vibration__sum_of_reoccurring_values,Vibration,1.5587,6.2929,4.7342,0.4345,4.3551,1.47,5.45,1.4956,6430.5,1.5973998020997915e-68,0.4724
"Pressure__agg_linear_trend__attr_""stderr""__chunk_len_10__f_agg_""max""",Pressure,0.0175,0.1588,0.1412,0.0134,0.1309,0.0144,0.1328,1.4839,9501.5,2.8365544504484597e-57,0.3613
"Motor_Current__agg_linear_trend__attr_""rvalue""__chunk_len_10__f_agg_""mean""",Motor_Current,0.1332,0.9117,0.7785,0.7384,0.1803,0.2402,0.9676,1.4797,13875.0,4.965158676473163e-43,0.2302
"Noise__change_quantiles__f_agg_""var""__isabs_True__qh_1.0__ql_0.6",Noise,0.074,6.6696,6.5956,0.0801,6.1632,0.0473,5.4267,1.4789,542.0,5.651602756810877e-93,0.6019
"Temperature__agg_linear_trend__attr_""slope""__chunk_len_5__f_agg_""min""",Temperature,0.0108,0.3984,0.3876,0.0775,0.3553,0.0071,0.3637,1.476,10357.5,2.551260264400932e-54,0.3897
"Temperature__agg_linear_trend__attr_""slope""__chunk_len_5__f_agg_""max""",Temperature,0.0143,0.5439,0.5295,0.0781,0.4924,0.014,0.5286,1.4695,10978.5,3.1480306201688463e-52,0.4351
"Pressure__agg_linear_trend__attr_""stderr""__chunk_len_10__f_agg_""var""",Pressure,0.0005,0.0373,0.0367,0.0005,0.0346,0.0004,0.0272,1.4667,1963.0,1.001537404037065e-86,0.5548
"Temperature__agg_linear_trend__attr_""stderr""__chunk_len_10__f_agg_""max""",Temperature,0.1258,0.7989,0.6731,0.1023,0.6305,0.0996,0.6957,1.4581,10102.5,3.4338577633268075e-55,0.3203
"Noise__agg_linear_trend__attr_""stderr""__chunk_len_10__f_agg_""var""",Noise,0.0765,3.8836,3.8071,0.0658,3.6309,0.0584,2.781,1.4489,2252.0,1.7556269582232077e-85,0.525
"Noise__agg_autocorrelation__f_agg_""mean""__maxlag_40",Noise,-0.0623,-0.214,-0.1517,0.0828,0.1213,-0.0366,-0.2082,1.4481,70901.0,2.888154979230865e-50,0.2035
"Pressure__agg_linear_trend__attr_""rvalue""__chunk_len_10__f_agg_""min""",Pressure,0.1293,0.897,0.7677,0.7335,0.2275,0.3098,0.97,1.4421,12716.0,1.3044732033670703e-46,0.3441
"Vibration__change_quantiles__f_agg_""var""__isabs_False__qh_1.0__ql_0.6",Vibration,0.0005,0.0921,0.0916,0.0004,0.0879,0.0004,0.0712,1.4397,999.0,6.106435395245672e-91,0.5884
"Noise__fft_coefficient__attr_""abs""__coeff_15",Noise,2.4021,15.807,13.4049,1.915,12.7448,1.995,12.19,1.4389,8336.5,2.0372062523221334e-61,0.3557
"Vibration__change_quantiles__f_agg_""var""__isabs_True__qh_1.0__ql_0.6",Vibration,0.0002,0.0364,0.0362,0.0002,0.0349,0.0002,0.0301,1.4344,1408.0,3.8585213384130826e-89,0.5682
"Pressure__agg_linear_trend__attr_""stderr""__chunk_len_10__f_agg_""mean""",Pressure,0.0107,0.067,0.0563,0.0084,0.0537,0.0087,0.058,1.4329,8179.0,5.459929597537571e-62,0.3271
"Vibration__agg_linear_trend__attr_""intercept""__chunk_len_5__f_agg_""var""",Vibration,0.0005,0.0512,0.0507,0.0003,0.0491,0.0004,0.0415,1.4264,9605.0,6.549052280864854e-57,0.5746
"Motor_Current__change_quantiles__f_agg_""mean""__isabs_True__qh_0.2__ql_0.0",Motor_Current,0.0236,0.2057,0.1821,0.0224,0.1753,0.02,0.154,1.4256,4877.5,1.0718775689953583e-74,0.4243
"Pressure__change_quantiles__f_agg_""var""__isabs_False__qh_0.8__ql_0.0",Pressure,0.0028,0.1067,0.1039,0.0016,0.1012,0.0024,0.0771,1.4192,1519.0,1.1803859990156407e-88,0.5412
"Temperature__agg_linear_trend__attr_""stderr""__chunk_len_10__f_agg_""var""",Temperature,0.0247,1.0717,1.0471,0.0188,1.0214,0.0216,0.829,1.4166,1998.0,1.418347212991894e-86,0.5397
"Vibration__fft_coefficient__attr_""imag""__coeff_2",Vibration,0.0497,1.524,1.4743,0.2167,1.4289,0.032,1.4778,1.4113,11739.0,1.0039844235969315e-49,0.4277
"Temperature__change_quantiles__f_agg_""var""__isabs_False__qh_0.8__ql_0.0",Temperature,0.1134,3.6102,3.4968,0.0563,3.4286,0.1002,2.5501,1.4094,1084.0,1.4506186450727426e-90,0.565
"Noise__agg_linear_trend__attr_""rvalue""__chunk_len_10__f_agg_""mean""",Noise,0.1889,0.8967,0.7078,0.6965,0.2071,0.3503,0.9701,1.4055,13476.0,3.0430133252824393e-44,0.1956
"Temperature__change_quantiles__f_agg_""var""__isabs_False__qh_1.0__ql_0.6",Temperature,0.0636,3.9795,3.9159,0.0532,3.8506,0.0476,2.9735,1.4053,2301.0,2.847108688306877e-85,0.5461
"Vibration__change_quantiles__f_agg_""mean""__isabs_True__qh_1.0__ql_0.8",Vibration,0.0128,0.1815,0.1686,0.0103,0.1664,0.01,0.15,1.3982,9850.5,3.4529633776612123e-56,0.4268
"Temperature__change_quantiles__f_agg_""var""__isabs_True__qh_1.0__ql_0.6",Temperature,0.0235,1.5874,1.5639,0.0237,1.5493,0.0167,1.1898,1.3949,2818.0,4.506418977235618e-83,0.5553
"Noise__change_quantiles__f_agg_""var""__isabs_False__qh_1.0__ql_0.6",Noise,0.1985,17.6942,17.4957,0.2191,17.333,0.1388,12.8162,1.3949,606.0,1.0923152012773231e-92,0.6009
"Temperature__agg_linear_trend__attr_""intercept""__chunk_len_5__f_agg_""var""",Temperature,0.0684,2.6868,2.6184,0.0416,2.6026,0.0619,2.0601,1.3903,9181.0,2.1342583857353155e-58,0.5285
"Noise__change_quantiles__f_agg_""var""__isabs_False__qh_0.8__ql_0.0",Noise,0.402,15.0831,14.681,0.187,14.6634,0.3721,10.3445,1.3836,749.0,4.744126479680115e-92,0.5827
"Vibration__agg_linear_trend__attr_""stderr""__chunk_len_10__f_agg_""min""",Vibration,0.0133,0.0799,0.0666,0.0149,0.0651,0.0087,0.0635,1.3828,7895.0,4.924360322886927e-63,0.3261
"Noise__agg_linear_trend__attr_""stderr""__chunk_len_10__f_agg_""mean""",Noise,0.1252,0.7069,0.5817,0.0911,0.5749,0.1111,0.5958,1.3825,8789.0,8.650680486361003e-60,0.3414
Motor_Current__energy_ratio_by_chunks__num_segments_10__segment_focus_8,Motor_Current,0.1003,0.1093,0.009,0.0013,0.0089,0.1002,0.1079,1.3801,11311.0,3.985299145799313e-51,0.4408
Temperature__benford_correlation,Temperature,-0.2009,-0.256,-0.055,0.0,0.0551,-0.2009,-0.2417,1.379,69185.0,1.2650932703790574e-60,0.3193
"Noise__linear_trend__attr_""pvalue""",Noise,0.3923,0.0561,-0.3362,0.3236,0.1361,0.322,0.0014,1.3772,71441.0,4.781603255167737e-52,0.2554
Noise__energy_ratio_by_chunks__num_segments_10__segment_focus_8,Noise,0.1004,0.1082,0.0078,0.0019,0.0076,0.1003,0.1074,1.3765,12531.0,3.4830528969391085e-47,0.3679
"Pressure__change_quantiles__f_agg_""mean""__isabs_True__qh_1.0__ql_0.8",Pressure,0.0215,0.2404,0.2189,0.0206,0.2189,0.02,0.205,1.3765,13997.5,6.396268136675069e-43,0.3333
"Noise__change_quantiles__f_agg_""var""__isabs_False__qh_0.8__ql_0.2",Noise,0.1711,8.1406,7.9695,0.1183,8.0104,0.1406,5.6473,1.3748,1004.0,6.426105995205692e-91,0.5669
"Pressure__change_quantiles__f_agg_""mean""__isabs_True__qh_0.2__ql_0.0",Pressure,0.0178,0.114,0.0962,0.0163,0.0959,0.015,0.09,1.3692,9532.0,2.5085552871252273e-57,0.2994
Temperature__energy_ratio_by_chunks__num_segments_10__segment_focus_0,Temperature,0.0999,0.0965,-0.0035,0.0008,0.0034,0.0999,0.0964,1.3664,70187.0,5.843377733146574e-48,0.4107
"Temperature__fft_coefficient__attr_""abs""__coeff_15",Temperature,1.1097,7.9205,6.8108,0.8928,6.8954,0.86,5.77,1.3548,8724.0,5.062869292981649e-60,0.3531
"Temperature__change_quantiles__f_agg_""var""__isabs_False__qh_0.8__ql_0.2",Temperature,0.0487,1.8626,1.8139,0.0283,1.8533,0.0422,1.2324,1.3525,1642.0,4.0594823177836924e-88,0.5511
"Pressure__fft_coefficient__attr_""abs""__coeff_15",Pressure,0.21,1.4287,1.2187,0.174,1.2362,0.16,1.11,1.3504,9619.5,7.307890336673416e-57,0.2924
"Vibration__cwt_coefficients__coeff_0__w_10__widths_(2, 5, 10, 20)",Vibration,0.0004,-0.3885,-0.3888,0.0657,0.3939,0.0157,-0.4046,1.3472,66244.0,3.157543377070821e-36,0.4591
Temperature__energy_ratio_by_chunks__num_segments_10__segment_focus_9,Temperature,0.1001,0.1037,0.0037,0.0009,0.0037,0.1001,0.1037,1.3449,13735.0,1.8725305048827337e-43,0.3386
"Vibration__change_quantiles__f_agg_""var""__isabs_False__qh_0.8__ql_0.0",Vibration,0.0008,0.0794,0.0786,0.0004,0.0813,0.0007,0.0535,1.3366,371.0,9.668253597919743e-94,0.6118
Temperature__percentage_of_reoccurring_values_to_all_values,Temperature,0.1238,0.0526,-0.0712,0.0617,0.0443,0.1111,0.0345,1.3355,69014.5,2.3618163826632547e-45,0.1883
"Noise__cwt_coefficients__coeff_4__w_2__widths_(2, 5, 10, 20)",Noise,13.9795,19.768,5.7885,0.6095,6.0074,13.9654,18.6186,1.3255,11375.0,6.475425560424597e-51,0.3574
"Temperature__change_quantiles__f_agg_""var""__isabs_True__qh_0.8__ql_0.2",Temperature,0.0171,0.6864,0.6692,0.0104,0.6993,0.0145,0.4511,1.3225,1434.0,5.0158151674601484e-89,0.5577
Motor_Current__skewness,Motor_Current,0.1136,0.9629,0.8494,0.4551,0.7778,0.1115,0.8652,1.3177,12510.0,2.9887490215465294e-47,0.2031
"Vibration__agg_linear_trend__attr_""stderr""__chunk_len_10__f_agg_""var""",Vibration,0.0003,0.0213,0.021,0.0003,0.0221,0.0002,0.0155,1.3167,1142.0,2.6150450317980896e-90,0.5614
"Pressure__linear_trend__attr_""pvalue""",Pressure,0.3487,0.0424,-0.3063,0.31,0.1277,0.271,0.0004,1.3142,72097.0,2.972193212546823e-54,0.2446
"Noise__agg_linear_trend__attr_""rvalue""__chunk_len_10__f_agg_""min""",Noise,0.1403,0.8271,0.6868,0.6909,0.3007,0.2099,0.9515,1.3104,15385.5,1.346515203994248e-38,0.1913
"Noise__fft_coefficient__attr_""imag""__coeff_2",Noise,0.7206,17.096,16.3753,2.891,17.0847,0.5711,15.9034,1.3077,11092.0,7.511374159499024e-52,0.4216
"Temperature__cwt_coefficients__coeff_1__w_2__widths_(2, 5, 10, 20)",Temperature,33.614,36.7101,3.0961,0.3805,3.2566,33.6152,35.9842,1.3058,14947.0,7.377049173425622e-40,0.3368
"Noise__change_quantiles__f_agg_""mean""__isabs_True__qh_1.0__ql_0.8",Noise,0.219,2.2074,1.9884,0.2265,2.0976,0.17,1.77,1.3032,14387.0,1.0069341278187213e-41,0.3509
"Vibration__change_quantiles__f_agg_""var""__isabs_True__qh_0.8__ql_0.2",Vibration,0.0002,0.018,0.0178,0.0001,0.0189,0.0001,0.0118,1.3003,380.0,1.061146930485889e-93,0.619
"Motor_Current__cwt_coefficients__coeff_4__w_2__widths_(2, 5, 10, 20)",Motor_Current,2.6491,3.8892,1.2401,0.0607,1.3207,2.652,3.5579,1.2964,13054.0,1.5200667845502717e-45,0.4321
Temperature__autocorrelation__lag_8,Temperature,-0.2396,0.0134,0.253,0.2137,0.1773,-0.2399,0.0235,1.2942,14735.0,1.7804976148412015e-40,0.1881
"Temperature__cwt_coefficients__coeff_0__w_10__widths_(2, 5, 10, 20)",Temperature,5.6241,3.9917,-1.6324,0.3919,1.7042,5.6353,4.027,1.2931,67522.0,7.627521270151717e-40,0.3445
"Temperature__cwt_coefficients__coeff_2__w_5__widths_(2, 5, 10, 20)",Temperature,44.3675,47.996,3.6284,0.5474,3.8621,44.3698,46.9948,1.2867,13808.0,3.1154709160755696e-43,0.3171
Temperature__time_reversal_asymmetry_statistic__lag_1,Temperature,27.2038,2062.9633,2035.7596,236.8795,2178.3017,25.7243,1707.0306,1.2847,11367.0,6.09455301686606e-51,0.4331
"Motor_Current__change_quantiles__f_agg_""mean""__isabs_True__qh_0.4__ql_0.2",Motor_Current,0.0102,0.121,0.1108,0.0099,0.119,0.01,0.09,1.2826,11293.5,1.4637190269427686e-51,0.3306
Noise__energy_ratio_by_chunks__num_segments_10__segment_focus_2,Noise,0.0997,0.094,-0.0058,0.0017,0.006,0.0998,0.0934,1.2733,68226.0,6.513768667107646e-42,0.3356
"Noise__agg_linear_trend__attr_""rvalue""__chunk_len_5__f_agg_""max""",Noise,0.1142,0.6235,0.5094,0.4843,0.3056,0.1348,0.7192,1.2709,15924.0,4.462050282396826e-37,0.1606
"Motor_Current__change_quantiles__f_agg_""mean""__isabs_True__qh_0.8__ql_0.6",Motor_Current,0.0118,0.1562,0.1444,0.0129,0.157,0.01,0.12,1.2675,9982.0,7.367490510473945e-56,0.4049
"Vibration__agg_linear_trend__attr_""rvalue""__chunk_len_5__f_agg_""min""",Vibration,0.075,0.66,0.585,0.4969,0.4269,0.0395,0.8383,1.2674,14177.0,4.0013545575832285e-42,0.1906
"Pressure__change_quantiles__f_agg_""var""__isabs_False__qh_0.8__ql_0.2",Pressure,0.0012,0.0678,0.0666,0.0008,0.0728,0.0011,0.0429,1.2638,1128.0,2.2684941198214727e-90,0.5678
"Pressure__change_quantiles__f_agg_""var""__isabs_True__qh_0.8__ql_0.2",Pressure,0.0004,0.0253,0.0248,0.0003,0.0272,0.0004,0.0153,1.2631,1023.0,7.798167883866426e-91,0.5787
"Vibration__linear_trend__attr_""rvalue""",Vibration,0.0791,0.5141,0.435,0.3462,0.3428,0.0251,0.6219,1.2629,15119.0,2.3181505109163308e-39,0.2489
Pressure__index_mass_quantile__q_0.3,Pressure,0.318,0.3329,0.0149,0.0166,0.0038,0.3333,0.3333,1.262,22822.0,2.283164275674734e-37,0.166
Pressure__energy_ratio_by_chunks__num_segments_10__segment_focus_2,Pressure,0.0999,0.0947,-0.0052,0.0012,0.0056,0.0999,0.0941,1.2584,69176.0,8.644211180215353e-45,0.4055
Pressure__first_location_of_minimum,Pressure,0.409,0.127,-0.282,0.289,0.1412,0.3667,0.0667,1.2581,66218.0,2.315918110515221e-36,0.163
Temperature__mean_change,Temperature,0.0017,0.1071,0.1054,0.0171,0.1151,0.0016,0.0931,1.2531,13561.5,5.549786617444134e-44,0.4051
"Temperature__agg_linear_trend__attr_""slope""__chunk_len_10__f_agg_""min""",Temperature,0.0201,0.7623,0.7422,0.1705,0.8027,0.025,0.675,1.2524,12083.5,1.3010949485828513e-48,0.3581
"Temperature__agg_linear_trend__attr_""slope""__chunk_len_10__f_agg_""max""",Temperature,0.0332,1.1062,1.0729,0.1888,1.1738,0.0325,0.98,1.2486,16185.5,2.3769091930947915e-36,0.3623
"Motor_Current__change_quantiles__f_agg_""var""__isabs_False__qh_0.8__ql_0.0",Motor_Current,0.0036,0.4165,0.4129,0.0023,0.4618,0.0031,0.2588,1.2356,370.0,9.568729014800722e-94,0.6089
Motor_Current__spkt_welch_density__coeff_8,Motor_Current,0.0053,1.4326,1.4273,0.0058,1.5988,0.003,0.9853,1.2338,2159.0,7.001430872176179e-86,0.5332
"Vibration__agg_autocorrelation__f_agg_""mean""__maxlag_40",Vibration,-0.0652,-0.2387,-0.1735,0.1234,0.1553,-0.0286,-0.251,1.2306,67507.0,8.430810155224806e-40,0.1878
"Motor_Current__change_quantiles__f_agg_""mean""__isabs_True__qh_1.0__ql_0.8",Motor_Current,0.0268,0.501,0.4742,0.0266,0.5335,0.02,0.3367,1.2271,14377.0,9.021374900770203e-42,0.4002
Noise__percentage_of_reoccurring_values_to_all_values,Noise,0.0848,0.0348,-0.05,0.0477,0.0333,0.0714,0.0345,1.2267,66203.0,6.508739492305879e-38,0.1725
"Temperature__change_quantiles__f_agg_""var""__isabs_False__qh_0.6__ql_0.0",Temperature,0.0889,2.3689,2.2801,0.0554,2.5771,0.0732,1.437,1.2225,2023.0,1.8181932909946364e-86,0.5233
"Motor_Current__change_quantiles__f_agg_""mean""__isabs_True__qh_0.6__ql_0.4",Motor_Current,0.0104,0.1255,0.1151,0.0098,0.13,0.01,0.09,1.2197,10956.0,1.0658881007294904e-52,0.4156
"Noise__change_quantiles__f_agg_""var""__isabs_False__qh_0.8__ql_0.4",Noise,0.0735,4.27,4.1965,0.0819,4.7698,0.0475,2.56,1.2158,2880.0,8.234357390639085e-83,0.5197
"Pressure__agg_linear_trend__attr_""rvalue""__chunk_len_5__f_agg_""max""",Pressure,0.0945,0.6198,0.5253,0.5276,0.3216,0.1363,0.7009,1.2155,17049.0,5.2920840256193835e-34,0.1606
Pressure__index_mass_quantile__q_0.4,Pressure,0.4186,0.4329,0.0143,0.0166,0.0038,0.4333,0.4333,1.2146,23574.5,1.9056859321408292e-35,0.1596
"Vibration__change_quantiles__f_agg_""mean""__isabs_True__qh_0.2__ql_0.0",Vibration,0.0128,0.0953,0.0825,0.0097,0.0936,0.01,0.0667,1.2126,10738.0,3.9581586251221656e-53,0.3425
Pressure__energy_ratio_by_chunks__num_segments_10__segment_focus_7,Pressure,0.1003,0.1057,0.0054,0.0013,0.0061,0.1001,0.1046,1.2093,14672.0,1.1645042760798312e-40,0.3079
"Vibration__change_quantiles__f_agg_""var""__isabs_False__qh_0.8__ql_0.2",Vibration,0.0004,0.0508,0.0503,0.0003,0.0575,0.0004,0.0329,1.2087,438.0,1.9327259187123014e-93,0.6133
"Pressure__cwt_coefficients__coeff_0__w_5__widths_(2, 5, 10, 20)",Pressure,-0.0035,-0.2555,-0.252,0.0387,0.286,-0.0052,-0.2424,1.2077,69169.0,9.084172271174234e-45,0.4154
Motor_Current__index_mass_quantile__q_0.4,Motor_Current,0.4181,0.4326,0.0144,0.0166,0.005,0.4333,0.4333,1.2004,23383.5,7.222534053630794e-35,0.1637
"Noise__change_quantiles__f_agg_""var""__isabs_False__qh_0.6__ql_0.0",Noise,0.2836,10.1827,9.8991,0.1796,11.4442,0.2322,5.8452,1.1953,1483.0,8.216788138021301e-89,0.5454
Pressure__spkt_welch_density__coeff_8,Pressure,0.0039,0.2602,0.2563,0.0041,0.2966,0.0026,0.1729,1.1944,3515.0,3.7389255465695016e-80,0.4912
"Noise__change_quantiles__f_agg_""var""__isabs_True__qh_0.8__ql_0.4",Noise,0.0244,1.4644,1.44,0.0255,1.669,0.0174,0.865,1.1923,3180.0,1.5012352991735686e-81,0.5281
"Temperature__change_quantiles__f_agg_""var""__isabs_True__qh_0.6__ql_0.0",Temperature,0.0335,0.8749,0.8415,0.0224,0.9765,0.0293,0.5193,1.1907,2300.0,2.8191884759708653e-85,0.507
"Vibration__linear_trend__attr_""pvalue""",Vibration,0.3985,0.0796,-0.3189,0.3303,0.1945,0.3674,0.0002,1.1904,66870.0,5.622333591667653e-38,0.2188
"Temperature__linear_trend__attr_""rvalue""",Temperature,0.0445,0.3835,0.3389,0.3302,0.2364,0.048,0.4138,1.1895,17139.0,9.195894653615786e-34,0.0973
Pressure__time_reversal_asymmetry_statistic__lag_1,Pressure,0.0669,7.3155,7.2486,0.2499,8.4196,0.0368,4.6852,1.1893,3596.0,8.10050812708155e-80,0.5566
Motor_Current__spkt_welch_density__coeff_5,Motor_Current,0.0064,1.2526,1.2462,0.0082,1.4517,0.0039,0.8245,1.1863,2354.0,4.799832868685719e-85,0.5162
Pressure__spkt_welch_density__coeff_5,Pressure,0.0042,0.2401,0.2359,0.0042,0.2749,0.0028,0.1425,1.186,3954.0,2.4205592138391613e-78,0.4687
"Vibration__fft_coefficient__attr_""imag""__coeff_3",Vibration,0.0243,1.0624,1.0381,0.1226,1.2049,0.0199,1.026,1.1851,16043.0,9.576966725536647e-37,0.4627
"Noise__fft_coefficient__attr_""imag""__coeff_3",Noise,0.2232,12.6846,12.4614,2.4097,14.3855,0.2348,11.7326,1.1822,15959.0,5.5879518325074395e-37,0.3754
"Pressure__fft_coefficient__attr_""imag""__coeff_3",Pressure,0.0267,1.2837,1.257,0.1909,1.4584,0.0289,1.2958,1.182,14873.0,4.497308696696107e-40,0.4417
Motor_Current__index_mass_quantile__q_0.3,Motor_Current,0.3178,0.3324,0.0147,0.0166,0.0066,0.3333,0.3333,1.1813,23197.0,3.514119293075274e-34,0.1216
"Motor_Current__linear_trend__attr_""pvalue""",Motor_Current,0.351,0.0623,-0.2887,0.309,0.1659,0.2647,0.0014,1.1795,67405.0,1.66311523539524e-39,0.1956
Motor_Current__index_mass_quantile__q_0.2,Motor_Current,0.218,0.2323,0.0143,0.0166,0.0057,0.2333,0.2333,1.1766,23507.0,6.680429307820549e-34,0.1548
Vibration__last_location_of_minimum,Vibration,0.5577,0.2485,-0.3092,0.295,0.2299,0.6,0.1667,1.1757,65538.0,2.115922571459537e-34,0.1497
Pressure__first_location_of_maximum,Pressure,0.4977,0.7834,0.2857,0.3031,0.1711,0.5333,0.8333,1.1752,18567.0,3.623831829942528e-30,0.1438
Temperature__spkt_welch_density__coeff_8,Temperature,0.1558,8.1523,7.9965,0.1743,9.4411,0.0937,5.129,1.1704,3746.0,3.376017706147833e-79,0.4606
"Pressure__change_quantiles__f_agg_""var""__isabs_False__qh_0.6__ql_0.0",Pressure,0.0019,0.0646,0.0627,0.0014,0.0742,0.0015,0.0342,1.1683,1889.0,4.794294950565035e-87,0.5034
"Pressure__change_quantiles__f_agg_""mean""__isabs_True__qh_0.4__ql_0.2",Pressure,0.0087,0.0559,0.0472,0.0092,0.0554,0.0067,0.04,1.1634,16348.5,2.0955194095682064e-36,0.2668
"Temperature__agg_linear_trend__attr_""stderr""__chunk_len_10__f_agg_""mean""",Temperature,0.0954,0.339,0.2436,0.0688,0.2819,0.0834,0.2751,1.1631,16875.0,1.8079468436163643e-34,0.2051
"Temperature__agg_linear_trend__attr_""stderr""__chunk_len_10__f_agg_""min""",Temperature,0.1214,0.5035,0.3821,0.0928,0.4454,0.1039,0.4099,1.1628,13101.5,2.1343064634913905e-45,0.2506
"Vibration__change_quantiles__f_agg_""var""__isabs_False__qh_0.6__ql_0.0",Vibration,0.0006,0.0563,0.0557,0.0004,0.0666,0.0005,0.0337,1.1559,348.0,7.620047012117424e-94,0.6097
Motor_Current__energy_ratio_by_chunks__num_segments_10__segment_focus_2,Motor_Current,0.0998,0.0934,-0.0064,0.0011,0.0075,0.0999,0.0923,1.1546,67127.0,1.0455008955581997e-38,0.452
Noise__time_reversal_asymmetry_statistic__lag_1,Noise,51.2883,5556.8785,5505.5901,188.5701,6593.1962,36.0431,3284.527,1.1536,5189.0,2.322941393485281e-73,0.5835
"Pressure__change_quantiles__f_agg_""var""__isabs_False__qh_0.8__ql_0.4",Pressure,0.0006,0.0402,0.0396,0.0006,0.0475,0.0005,0.0241,1.1525,1825.0,2.5323344981628725e-87,0.5559
Noise__skewness,Noise,-0.0067,0.6046,0.6113,0.4237,0.6123,0.003,0.5151,1.1516,16563.0,2.5855160971081993e-35,0.1324
Noise__index_mass_quantile__q_0.4,Noise,0.4186,0.4326,0.0139,0.0166,0.0057,0.4333,0.4333,1.1478,24046.0,9.073002957104279e-33,0.165
Noise__energy_ratio_by_chunks__num_segments_10__segment_focus_7,Noise,0.1002,0.1062,0.006,0.0017,0.0071,0.1002,0.1051,1.1476,16603.0,3.322212266218528e-35,0.2931
Pressure__longest_strike_below_mean,Pressure,4.8577,8.2857,3.4281,2.0031,3.6805,4.5,7.0,1.1424,14857.5,9.88337706735867e-41,0.1417
"Vibration__change_quantiles__f_agg_""mean""__isabs_True__qh_0.8__ql_0.6",Vibration,0.007,0.0703,0.0633,0.0069,0.0763,0.0059,0.05,1.1423,13634.5,4.405530749917006e-44,0.3447
Motor_Current__index_mass_quantile__q_0.7,Motor_Current,0.7196,0.7329,0.0133,0.0164,0.0038,0.7333,0.7333,1.1412,24778.5,1.8520103021456746e-32,0.1485
"Noise__change_quantiles__f_agg_""mean""__isabs_True__qh_0.2__ql_0.0",Noise,0.2233,1.3649,1.1415,0.2364,1.3639,0.17,0.9425,1.1412,14357.5,8.225808830128736e-42,0.2745
"Noise__agg_linear_trend__attr_""rvalue""__chunk_len_10__f_agg_""max""",Noise,0.1162,0.7519,0.6357,0.7125,0.364,0.2116,0.8995,1.1395,19622.0,1.7220082050121055e-27,0.1653
Pressure__skewness,Pressure,0.0788,0.7356,0.6568,0.4186,0.6913,0.0612,0.6189,1.1371,15434.0,1.851194718634852e-38,0.1441
Vibration__spkt_welch_density__coeff_8,Vibration,0.0011,0.1402,0.1391,0.001,0.1692,0.0007,0.0865,1.1366,2781.0,3.1434536705310826e-83,0.522
Motor_Current__variance_larger_than_standard_deviation,Motor_Current,0.0,0.402,0.402,0.0,0.4903,0.0,0.0,1.1331,24660.0,3.880956478392557e-32,0.1412
Noise__index_mass_quantile__q_0.2,Noise,0.218,0.232,0.014,0.0166,0.0065,0.2333,0.2333,1.129,23918.0,5.789616702372007e-32,0.1493
Vibration__autocorrelation__lag_6,Vibration,-0.0872,0.1793,0.2665,0.2664,0.2044,-0.1208,0.1983,1.1289,17668.0,2.2710453628235943e-32,0.1585
"Motor_Current__change_quantiles__f_agg_""var""__isabs_False__qh_0.8__ql_0.2",Motor_Current,0.0018,0.2572,0.2555,0.0018,0.3129,0.0014,0.1428,1.1284,394.0,1.2265202293662282e-93,0.6172
Noise__time_reversal_asymmetry_statistic__lag_2,Noise,109.5554,11144.9833,11035.4278,348.0626,13520.8976,69.8481,6018.9915,1.1276,2282.0,2.360582614587574e-85,0.5719
Pressure__index_mass_quantile__q_0.6,Pressure,0.6191,0.6326,0.0135,0.0165,0.005,0.6333,0.6333,1.1265,24587.5,7.34172987399847e-32,0.1659
"Vibration__agg_linear_trend__attr_""rvalue""__chunk_len_5__f_agg_""max""",Vibration,0.08,0.5845,0.5044,0.4868,0.4098,0.0248,0.7231,1.1257,17500.0,8.265170028362539e-33,0.1297
Pressure__index_mass_quantile__q_0.2,Pressure,0.2193,0.2327,0.0133,0.0165,0.0047,0.2333,0.2333,1.125,24751.5,8.398610160183362e-32,0.1332
Temperature__autocorrelation__lag_9,Temperature,-0.2191,0.0129,0.232,0.2078,0.2051,-0.2351,0.0266,1.1243,17036.0,4.885306605265092e-34,0.1518
Pressure__index_mass_quantile__q_0.7,Pressure,0.7196,0.7328,0.0132,0.0164,0.0043,0.7333,0.7333,1.124,24915.5,9.303670737273372e-32,0.1517
Noise__index_mass_quantile__q_0.3,Noise,0.319,0.3324,0.0135,0.0165,0.0054,0.3333,0.3333,1.1191,24574.0,1.4592514670368818e-31,0.1212
"Temperature__change_quantiles__f_agg_""mean""__isabs_True__qh_1.0__ql_0.8",Temperature,0.1555,1.1596,1.0041,0.1261,1.2445,0.1313,0.7633,1.1099,19679.0,1.9688694091186795e-27,0.3032
"Vibration__agg_linear_trend__attr_""rvalue""__chunk_len_10__f_agg_""mean""",Vibration,0.0539,0.7467,0.6928,0.7463,0.4892,0.108,0.9501,1.1083,16942.0,2.7350518041550684e-34,0.1789
"Temperature__agg_linear_trend__attr_""rvalue""__chunk_len_5__f_agg_""min""",Temperature,0.0514,0.55,0.4986,0.4902,0.4111,0.0513,0.7014,1.1066,17113.0,7.840807499133242e-34,0.1471
Motor_Current__index_mass_quantile__q_0.6,Motor_Current,0.6192,0.6328,0.0136,0.0165,0.0063,0.6333,0.6333,1.1058,24638.0,4.0140785854808535e-31,0.1331
"Noise__cwt_coefficients__coeff_1__w_5__widths_(2, 5, 10, 20)",Noise,15.9335,20.4751,4.5416,0.6062,5.6474,15.9697,19.4733,1.1056,19071.0,7.981546454724832e-29,0.3408
Noise__index_mass_quantile__q_0.8,Noise,0.8184,0.832,0.0136,0.0166,0.0065,0.8333,0.8333,1.1015,24369.5,7.637456474833161e-31,0.1435
"Pressure__agg_linear_trend__attr_""stderr""__chunk_len_10__f_agg_""min""",Pressure,0.0166,0.069,0.0524,0.0146,0.0643,0.0115,0.0491,1.1008,15977.5,6.2602143483780714e-37,0.1521
"Motor_Current__agg_linear_trend__attr_""stderr""__chunk_len_10__f_agg_""min""",Motor_Current,0.0184,0.0949,0.0764,0.0151,0.0952,0.0144,0.0693,1.097,13322.5,1.0252871239679655e-44,0.2417
"Motor_Current__agg_autocorrelation__f_agg_""mean""__maxlag_40",Motor_Current,-0.0825,-0.2273,-0.1448,0.1196,0.1429,-0.0389,-0.2085,1.0937,67482.0,9.960731486916375e-40,0.2053
"Noise__change_quantiles__f_agg_""mean""__isabs_True__qh_0.8__ql_0.6",Noise,0.1035,0.8128,0.7093,0.123,0.8902,0.06,0.55,1.0918,19669.0,8.653696445762567e-28,0.2556
Noise__index_mass_quantile__q_0.6,Noise,0.6198,0.6328,0.0129,0.0164,0.0051,0.6333,0.6333,1.0908,25272.0,1.9106496535519173e-30,0.1234
"Pressure__change_quantiles__f_agg_""var""__isabs_False__qh_0.4__ql_0.0",Pressure,0.0012,0.0436,0.0424,0.0012,0.0538,0.0009,0.024,1.0899,2288.0,2.50446085026912e-85,0.5064
"Motor_Current__change_quantiles__f_agg_""var""__isabs_True__qh_0.8__ql_0.2",Motor_Current,0.0006,0.1108,0.1102,0.0007,0.1397,0.0005,0.0568,1.0897,433.0,1.8354751368353699e-93,0.607
"Pressure__agg_linear_trend__attr_""rvalue""__chunk_len_10__f_agg_""max""",Pressure,0.1192,0.7523,0.6331,0.7435,0.3773,0.2402,0.9139,1.0892,19871.0,6.68853904218669e-27,0.2487
"Motor_Current__cwt_coefficients__coeff_0__w_5__widths_(2, 5, 10, 20)",Motor_Current,-0.0014,-0.509,-0.5076,0.0452,0.6435,-0.0017,-0.5052,1.0877,68825.0,1.026159355753426e-43,0.4879
Motor_Current__spkt_welch_density__coeff_2,Motor_Current,0.0105,1.5063,1.4958,0.0121,1.9028,0.0066,0.8836,1.0864,1223.0,5.946711476479333e-90,0.5552
Noise__last_location_of_minimum,Noise,0.4816,0.2207,-0.2609,0.2927,0.18,0.4833,0.1667,1.0856,62683.5,3.581462675703081e-27,0.1195
"Vibration__change_quantiles__f_agg_""mean""__isabs_True__qh_0.6__ql_0.4",Vibration,0.0061,0.0514,0.0452,0.0066,0.0573,0.005,0.035,1.0853,14201.5,1.8055527278247848e-42,0.3704
Pressure__index_mass_quantile__q_0.9,Pressure,0.9186,0.932,0.0134,0.0166,0.0065,0.9333,0.9333,1.0833,24670.5,4.17707900200558e-30,0.1228
"Pressure__change_quantiles__f_agg_""mean""__isabs_True__qh_0.8__ql_0.6",Pressure,0.0101,0.0757,0.0656,0.0087,0.0833,0.01,0.055,1.0829,16995.0,1.8795546953823006e-34,0.3059
"Noise__agg_autocorrelation__f_agg_""median""__maxlag_40",Noise,-0.0491,-0.155,-0.106,0.0582,0.1236,-0.0412,-0.1238,1.0811,66068.0,9.627350651195612e-36,0.1442
Noise__spkt_welch_density__coeff_8,Noise,0.5898,31.6851,31.0954,0.6239,39.8042,0.4026,16.6985,1.0795,3776.0,4.4883614330980446e-79,0.4793
Temperature__skewness,Temperature,-0.0049,0.623,0.6279,0.4235,0.6956,-0.0152,0.53,1.0788,17338.0,3.097807083773954e-33,0.1497
"Temperature__agg_linear_trend__attr_""rvalue""__chunk_len_10__f_agg_""mean""",Temperature,0.1061,0.753,0.647,0.7276,0.4553,0.2161,0.9406,1.0771,18327.0,1.1180045311757995e-30,0.1275
"Temperature__cwt_coefficients__coeff_4__w_2__widths_(2, 5, 10, 20)",Temperature,20.6458,22.629,1.9832,0.3784,2.5207,20.6555,21.9946,1.0763,18820.0,1.92073905287625e-29,0.3104
"Noise__cwt_coefficients__coeff_0__w_5__widths_(2, 5, 10, 20)",Noise,-0.0514,-2.2445,-2.1931,0.4702,2.7832,0.004,-2.0667,1.0751,66881.0,5.23351773025367e-38,0.3678
"Motor_Current__cwt_coefficients__coeff_1__w_5__widths_(2, 5, 10, 20)",Motor_Current,3.0221,3.9588,0.9367,0.063,1.2042,3.0198,3.6895,1.0737,22438.0,3.450676327628679e-21,0.441
Noise__spkt_welch_density__coeff_5,Noise,0.638,28.6761,28.0381,0.6896,36.1018,0.397,15.9179,1.0732,4479.0,3.328198520402121e-76,0.4477
"Pressure__change_quantiles__f_agg_""var""__isabs_False__qh_0.6__ql_0.2",Pressure,0.0006,0.0261,0.0255,0.0005,0.0329,0.0005,0.0137,1.0728,2762.0,2.6121738597637413e-83,0.4954
"Vibration__cwt_coefficients__coeff_1__w_5__widths_(2, 5, 10, 20)",Vibration,0.0712,0.451,0.3797,0.0385,0.4899,0.0776,0.3742,1.0682,17849.0,6.69453530001814e-32,0.4902
Vibration__autocorrelation__lag_7,Vibration,-0.1182,0.1124,0.2305,0.2343,0.198,-0.1391,0.1391,1.0671,18699.0,9.611682999027564e-30,0.1159
"Temperature__change_quantiles__f_agg_""var""__isabs_False__qh_0.4__ql_0.0",Temperature,0.0607,1.4761,1.4154,0.0538,1.8383,0.0459,0.7887,1.0637,4423.0,1.974972808023317e-76,0.4111
Pressure__index_mass_quantile__q_0.8,Pressure,0.8193,0.8322,0.0129,0.0165,0.006,0.8333,0.8333,1.0603,25299.5,3.571341952219137e-29,0.1396
Vibration__autocorrelation__lag_8,Vibration,-0.1181,0.0815,0.1996,0.2035,0.1743,-0.1245,0.1124,1.0575,18799.0,1.703728869310808e-29,0.1199
Temperature__autocorrelation__lag_7,Temperature,-0.1866,0.0268,0.2134,0.2007,0.2038,-0.1826,0.0411,1.0549,18743.0,1.236852876324122e-29,0.1092
"Motor_Current__change_quantiles__f_agg_""var""__isabs_True__qh_0.6__ql_0.2",Motor_Current,0.0003,0.0329,0.0326,0.0004,0.0428,0.0002,0.0166,1.0549,1330.0,1.755527059744317e-89,0.5537
Motor_Current__index_mass_quantile__q_0.8,Motor_Current,0.8192,0.8321,0.0129,0.0165,0.0063,0.8333,0.8333,1.0538,25286.0,6.593150962980954e-29,0.0924
"Motor_Current__fft_coefficient__attr_""imag""__coeff_3",Motor_Current,0.0582,2.6623,2.604,0.2413,3.4137,0.0308,2.6962,1.0518,18417.0,1.887467035580556e-30,0.516
"Pressure__agg_autocorrelation__f_agg_""median""__maxlag_40",Pressure,-0.0597,-0.1648,-0.1051,0.0786,0.1165,-0.0413,-0.1364,1.0484,66538.0,4.8200649425187735e-37,0.1417
Motor_Current__count_above_mean,Motor_Current,14.6095,12.3123,-2.2972,1.8035,2.4983,14.5,13.0,1.0466,62852.0,5.812011130113203e-28,0.15
Noise__index_mass_quantile__q_0.7,Noise,0.7202,0.7326,0.0124,0.0163,0.005,0.7333,0.7333,1.0463,25942.0,1.323740049548501e-28,0.1153
Noise__autocorrelation__lag_4,Noise,-0.0114,0.2036,0.2151,0.2124,0.1991,-0.0147,0.2244,1.0462,18936.0,3.717203233229451e-29,0.123
Motor_Current__energy_ratio_by_chunks__num_segments_10__segment_focus_7,Motor_Current,0.1003,0.1066,0.0063,0.0011,0.0083,0.1002,0.105,1.045,17573.0,1.2834460131673333e-32,0.3897
"Temperature__fft_coefficient__attr_""imag""__coeff_2",Temperature,-0.119,5.8556,5.9746,2.6435,7.4957,-0.3028,5.8613,1.0441,17717.0,3.0456423899675673e-32,0.2643
"Temperature__change_quantiles__f_agg_""var""__isabs_True__qh_0.8__ql_0.4",Temperature,0.007,0.3401,0.3331,0.0061,0.4413,0.0051,0.1863,1.043,2759.5,2.5493790400217592e-83,0.5201
"Motor_Current__change_quantiles__f_agg_""var""__isabs_False__qh_0.6__ql_0.0",Motor_Current,0.0027,0.2066,0.2039,0.0019,0.2702,0.0021,0.099,1.0428,500.0,3.6654529682350144e-93,0.61
Motor_Current__time_reversal_asymmetry_statistic__lag_1,Motor_Current,0.3095,49.1301,48.8206,1.0494,64.7953,0.0908,25.8329,1.0412,4021.0,4.554923963237774e-78,0.6004
"Pressure__change_quantiles__f_agg_""var""__isabs_True__qh_0.4__ql_0.0",Pressure,0.0005,0.0149,0.0144,0.0005,0.0192,0.0003,0.0075,1.0399,3052.5,4.3832028023614575e-82,0.4335
Pressure__cid_ce__normalize_True,Pressure,7.1815,6.0711,-1.1104,0.9725,1.1537,7.3317,6.1195,1.0366,63467.0,5.559081937666664e-29,0.1348
"Pressure__fft_coefficient__attr_""angle""__coeff_1",Pressure,9.2105,86.3414,77.1309,99.3014,40.7207,22.3006,90.8289,1.0338,23156.0,1.0159884491840291e-19,0.225
Temperature__energy_ratio_by_chunks__num_segments_10__segment_focus_1,Temperature,0.1,0.0973,-0.0026,0.0008,0.0034,0.1,0.0973,1.0321,63076.0,4.98573334018673e-28,0.3073
Vibration__autocorrelation__lag_5,Vibration,-0.0193,0.2341,0.2534,0.278,0.2122,-0.0732,0.2613,1.0312,18740.0,1.2157871873989811e-29,0.1433
"Temperature__change_quantiles__f_agg_""var""__isabs_True__qh_0.4__ql_0.0",Temperature,0.0229,0.5312,0.5083,0.0211,0.6822,0.0172,0.2818,1.0292,4979.0,3.3935033325092833e-74,0.4074
Vibration__first_location_of_maximum,Vibration,0.4622,0.7332,0.2711,0.2999,0.2281,0.4333,0.8,1.0238,20408.0,1.0543323374672282e-25,0.0991
"Vibration__change_quantiles__f_agg_""var""__isabs_True__qh_0.6__ql_0.2",Vibration,0.0001,0.0074,0.0073,0.0001,0.0099,0.0001,0.0035,1.0207,2143.0,5.971494468561001e-86,0.5472
Vibration__abs_energy,Vibration,1.4914,189.1206,187.6292,0.5921,255.5961,1.3254,93.6984,1.0145,250.0,2.759346994729396e-94,0.6388
"Noise__agg_linear_trend__attr_""stderr""__chunk_len_10__f_agg_""min""",Noise,0.1984,0.8495,0.6511,0.1594,0.8744,0.1588,0.5947,1.0139,15275.5,6.527583470213033e-39,0.2157
"Temperature__change_quantiles__f_agg_""var""__isabs_False__qh_0.8__ql_0.4",Temperature,0.0216,1.0023,0.9807,0.0184,1.3435,0.0164,0.5164,1.0088,3369.5,9.285543755885723e-81,0.4943
Pressure__index_mass_quantile__q_0.1,Pressure,0.1191,0.1317,0.0126,0.0165,0.0073,0.1333,0.1333,1.0032,25683.5,7.255985333659988e-27,0.1202
"Vibration__cwt_coefficients__coeff_0__w_5__widths_(2, 5, 10, 20)",Vibration,-0.0063,-0.1989,-0.1926,0.0368,0.2638,-0.0001,-0.1785,1.0001,59523.0,3.91901130889068e-20,0.4173
"Temperature__change_quantiles__f_agg_""var""__isabs_True__qh_0.6__ql_0.2",Temperature,0.0081,0.254,0.2459,0.007,0.34,0.006,0.1226,0.9993,4894.0,1.5528076775979115e-74,0.4612
"Pressure__change_quantiles__f_agg_""var""__isabs_True__qh_0.6__ql_0.2",Pressure,0.0002,0.0092,0.009,0.0002,0.0125,0.0002,0.0052,0.9986,2707.5,1.535067017876636e-83,0.495
"Pressure__change_quantiles__f_agg_""var""__isabs_True__qh_0.8__ql_0.4",Pressure,0.0002,0.0148,0.0146,0.0002,0.0202,0.0002,0.0076,0.9982,1897.0,5.190546424055813e-87,0.5342
"Motor_Current__change_quantiles__f_agg_""var""__isabs_False__qh_0.4__ql_0.0",Motor_Current,0.0018,0.139,0.1371,0.0018,0.1899,0.0013,0.0642,0.9982,1162.0,3.2035608495826393e-90,0.5485
"Pressure__cwt_coefficients__coeff_13__w_5__widths_(2, 5, 10, 20)",Pressure,0.9524,1.267,0.3147,0.0627,0.4323,0.9601,1.2515,0.9964,22067.0,5.713931464866457e-22,0.3857
"Vibration__agg_linear_trend__attr_""rvalue""__chunk_len_10__f_agg_""max""",Vibration,0.0684,0.678,0.6095,0.7192,0.4942,0.0,0.8949,0.9963,19597.5,1.4544982285231277e-27,0.2395
"Vibration__change_quantiles__f_agg_""var""__isabs_True__qh_0.8__ql_0.4",Vibration,0.0001,0.0097,0.0096,0.0001,0.0133,0.0001,0.0048,0.9937,832.5,1.1141766792150588e-91,0.5613
"Vibration__change_quantiles__f_agg_""mean""__isabs_True__qh_0.4__ql_0.2",Vibration,0.0066,0.0518,0.0452,0.0066,0.0629,0.005,0.03,0.9878,17384.5,1.9942110461333433e-33,0.2878
Temperature__energy_ratio_by_chunks__num_segments_10__segment_focus_8,Temperature,0.1001,0.1027,0.0026,0.0008,0.0035,0.1001,0.1024,0.9854,18233.0,6.4559122095576535e-31,0.2847
"Pressure__change_quantiles__f_agg_""mean""__isabs_True__qh_0.6__ql_0.4",Pressure,0.009,0.0651,0.0561,0.0077,0.0783,0.008,0.0433,0.9853,16937.5,1.4674067927996436e-34,0.2837
Motor_Current__index_mass_quantile__q_0.9,Motor_Current,0.919,0.9315,0.0125,0.0165,0.0077,0.9333,0.9333,0.9836,25807.0,4.42437858631652e-26,0.096
Temperature__index_mass_quantile__q_0.8,Temperature,0.8167,0.83,0.0133,0.0167,0.01,0.8167,0.8333,0.9823,24728.5,4.97429215773165e-26,0.1028
"Vibration__change_quantiles__f_agg_""var""__isabs_False__qh_0.8__ql_0.4",Vibration,0.0003,0.0266,0.0263,0.0003,0.0372,0.0002,0.014,0.9796,827.0,1.0545017779226071e-91,0.5947
"Noise__change_quantiles__f_agg_""var""__isabs_True__qh_0.6__ql_0.2",Noise,0.0242,1.1184,1.0943,0.0235,1.5466,0.0162,0.5199,0.9777,3151.0,1.1350017031451446e-81,0.5077
Noise__spkt_welch_density__coeff_2,Noise,0.7782,35.4054,34.6272,0.8339,49.0121,0.4955,20.0339,0.9763,2685.0,1.2326046202888396e-83,0.4953
"Motor_Current__change_quantiles__f_agg_""var""__isabs_False__qh_0.6__ql_0.2",Motor_Current,0.0008,0.0956,0.0948,0.0009,0.1346,0.0005,0.0485,0.9737,950.0,3.7054430172491526e-91,0.5681
"Temperature__change_quantiles__f_agg_""mean""__isabs_True__qh_0.8__ql_0.6",Temperature,0.0585,0.3918,0.3333,0.0614,0.4698,0.0417,0.24,0.973,20737.0,3.2169041454924416e-25,0.2714
"Noise__fft_coefficient__attr_""angle""__coeff_1",Noise,13.0933,87.4044,74.3111,101.4663,43.2224,25.8275,91.9607,0.9688,23902.0,2.9780464451259983e-18,0.1779
Noise__cid_ce__normalize_True,Noise,7.264,6.3156,-0.9485,0.8396,1.0912,7.3649,6.4157,0.9684,61840.0,3.9811077667669326e-25,0.0962
Noise__autocorrelation__lag_5,Noise,-0.0145,0.1611,0.1755,0.1725,0.1889,-0.0188,0.1735,0.9683,20064.0,1.9152475363397833e-26,0.0969
"Noise__change_quantiles__f_agg_""var""__isabs_False__qh_0.6__ql_0.2",Noise,0.0725,3.3515,3.279,0.073,4.6822,0.0507,1.5369,0.9678,3485.0,2.806739705654074e-80,0.4675
Vibration__spkt_welch_density__coeff_5,Vibration,0.0011,0.1511,0.15,0.0011,0.2147,0.0008,0.0836,0.9655,2282.0,2.360582614587574e-85,0.5277
"Vibration__cwt_coefficients__coeff_2__w_10__widths_(2, 5, 10, 20)",Vibration,0.1258,0.6749,0.5491,0.0738,0.783,0.1369,0.5549,0.9652,21385.0,1.9155880401284e-23,0.4705
Pressure__last_location_of_maximum,Pressure,0.5865,0.8198,0.2333,0.3011,0.1708,0.6333,0.8667,0.9649,22519.0,4.211962706680946e-21,0.0898
Vibration__spkt_welch_density__coeff_2,Vibration,0.0048,0.203,0.1981,0.0075,0.2839,0.0025,0.1191,0.964,2040.0,2.152504557332088e-86,0.495
Temperature__spkt_welch_density__coeff_5,Temperature,0.157,6.8715,6.7145,0.16,9.659,0.1054,3.9502,0.9606,3883.0,1.2371500760528812e-78,0.4698
"Noise__change_quantiles__f_agg_""mean""__isabs_True__qh_0.6__ql_0.4",Noise,0.0785,0.6159,0.5374,0.0905,0.7684,0.05,0.375,0.9605,21401.0,7.608355207132732e-24,0.2251
Motor_Current__first_location_of_maximum,Motor_Current,0.5291,0.7733,0.2442,0.3182,0.1776,0.5667,0.8333,0.9597,23168.0,9.252566714534165e-20,0.0916
Motor_Current__index_mass_quantile__q_0.1,Motor_Current,0.119,0.1312,0.0123,0.0165,0.0081,0.1333,0.1333,0.9561,26081.0,5.5539343619066655e-25,0.1077
"Motor_Current__fft_coefficient__attr_""angle""__coeff_1",Motor_Current,12.8709,84.3219,71.451,95.5807,48.6509,24.3485,91.1376,0.9555,21658.0,7.562275169048314e-23,0.2233
"Vibration__change_quantiles__f_agg_""var""__isabs_True__qh_0.4__ql_0.0",Vibration,0.0002,0.0122,0.0121,0.0002,0.0175,0.0001,0.005,0.9539,1804.0,2.0531552091047915e-87,0.5121
"Temperature__cwt_coefficients__coeff_2__w_10__widths_(2, 5, 10, 20)",Temperature,42.66,44.9466,2.2866,0.5075,3.2807,42.6331,44.3667,0.9529,21276.0,1.1013787511747798e-23,0.3104
"Vibration__change_quantiles__f_agg_""var""__isabs_False__qh_0.4__ql_0.0",Vibration,0.0005,0.0361,0.0356,0.0004,0.0518,0.0004,0.0165,0.9497,1027.0,8.121657878026236e-91,0.5358
"Noise__change_quantiles__f_agg_""var""__isabs_False__qh_0.4__ql_0.0",Noise,0.197,6.5782,6.3812,0.1756,9.3082,0.1498,3.0323,0.9473,3426.0,1.5958395516676889e-80,0.4705
Noise__index_mass_quantile__q_0.1,Noise,0.1186,0.1309,0.0123,0.0166,0.0087,0.1333,0.1333,0.9423,26040.5,1.9604890721593242e-24,0.0805
"Temperature__change_quantiles__f_agg_""mean""__isabs_True__qh_0.2__ql_0.0",Temperature,0.1415,0.5711,0.4296,0.1225,0.6231,0.1058,0.38,0.9366,20526.5,1.979603321307291e-25,0.1919
Temperature__autocorrelation__lag_6,Temperature,-0.1279,0.0435,0.1714,0.1839,0.1838,-0.1476,0.0428,0.9324,20602.0,3.3648018871109516e-25,0.0994
Noise__index_mass_quantile__q_0.9,Noise,0.9193,0.9312,0.0119,0.0165,0.0081,0.9333,0.9333,0.93,26532.5,5.9737768423601706e-24,0.1204
Noise__last_location_of_maximum,Noise,0.5627,0.7949,0.2323,0.2961,0.2,0.6,0.8667,0.9273,22158.0,7.7184731552793435e-22,0.0733
Temperature__index_mass_quantile__q_0.6,Temperature,0.6181,0.6305,0.0123,0.0166,0.0094,0.6333,0.6333,0.926,25986.5,8.642735608059286e-24,0.0884
Motor_Current__lempel_ziv_complexity__bins_2,Motor_Current,0.3724,0.3423,-0.0301,0.0268,0.0371,0.3667,0.3333,0.9226,61074.0,6.511895469816698e-26,0.0842
Motor_Current__longest_strike_below_mean,Motor_Current,5.6095,8.8904,3.2809,2.8176,4.116,5.0,8.0,0.9224,18509.5,1.4168581684728105e-30,0.1153
Temperature__index_mass_quantile__q_0.7,Temperature,0.718,0.7303,0.0123,0.0166,0.0095,0.7333,0.7333,0.9222,25973.0,1.2129252953530461e-23,0.0786
Noise__longest_strike_below_mean,Noise,4.938,7.5814,2.6434,1.9444,3.5142,5.0,6.0,0.9194,20593.5,1.107207509050538e-25,0.0996
"Temperature__agg_linear_trend__attr_""rvalue""__chunk_len_5__f_agg_""max""",Temperature,0.0763,0.4852,0.4089,0.5019,0.3865,0.1139,0.5922,0.9184,21557.0,4.560037517051886e-23,0.0637
Pressure__autocorrelation__lag_2,Pressure,0.0574,0.2542,0.1968,0.2139,0.2156,0.045,0.2661,0.9164,20853.0,1.2500097917322438e-24,0.0844
Pressure__autocorrelation__lag_7,Pressure,-0.0629,0.1016,0.1646,0.1875,0.1725,-0.0723,0.1193,0.9153,21421.0,2.2982921956961332e-23,0.104
Temperature__index_mass_quantile__q_0.4,Temperature,0.4181,0.4303,0.0122,0.0166,0.0095,0.4333,0.4333,0.9136,26123.5,2.6631507268349917e-23,0.0944
"Vibration__change_quantiles__f_agg_""mean""__isabs_False__qh_0.8__ql_0.0",Vibration,0.0004,0.0192,0.0188,0.0029,0.0283,0.0004,0.0189,0.9134,20098.5,2.3049496829258145e-26,0.4042
"Vibration__fft_aggregated__aggtype_""centroid""",Vibration,1.649,2.1395,0.4905,0.2743,0.6952,1.6548,1.993,0.9126,23834.0,2.2014318676305944e-18,0.1261
"Motor_Current__agg_linear_trend__attr_""rvalue""__chunk_len_10__f_agg_""max""",Motor_Current,0.1573,0.7096,0.5523,0.7561,0.4341,0.4271,0.9033,0.9067,23472.5,4.320537530313444e-19,0.2519
"Motor_Current__change_quantiles__f_agg_""var""__isabs_False__qh_0.8__ql_0.4",Motor_Current,0.0009,0.1547,0.1538,0.0012,0.2345,0.0005,0.0727,0.9063,646.0,1.6480560263044732e-92,0.594
"Pressure__fft_coefficient__attr_""angle""__coeff_2",Pressure,8.4751,87.167,78.6919,107.2846,63.8768,17.8135,97.1752,0.9015,24514.0,4.2896797758938965e-17,0.1156
"Vibration__change_quantiles__f_agg_""var""__isabs_False__qh_0.6__ql_0.2",Vibration,0.0003,0.023,0.0227,0.0003,0.035,0.0002,0.0091,0.8989,1576.5,2.103605666757155e-88,0.5396
Pressure__count_above_mean,Pressure,14.8212,13.0631,-1.758,1.6145,2.2233,15.0,13.0,0.8983,60771.0,2.9743432673535386e-23,0.0941
Vibration__number_crossing_m__m_1,Vibration,0.0,2.4319,2.4319,0.0,3.7505,0.0,0.0,0.8961,24386.0,3.43150916179981e-32,0.1661
"Motor_Current__fft_coefficient__attr_""angle""__coeff_2",Motor_Current,0.5922,79.083,78.4909,104.5908,68.9501,9.6215,91.9965,0.8944,23194.0,1.2108102350143234e-19,0.1341
"Temperature__change_quantiles__f_agg_""var""__isabs_False__qh_0.6__ql_0.2",Temperature,0.0225,0.7121,0.6896,0.0207,1.0688,0.0161,0.3203,0.8916,4728.0,3.355866177769373e-75,0.4221
Vibration__number_peaks__n_3,Vibration,1.9927,2.8937,0.901,1.0216,1.0027,2.0,3.0,0.8905,21715.5,1.9676245597238673e-24,0.0623
"Noise__change_quantiles__f_agg_""var""__isabs_True__qh_0.4__ql_0.0",Noise,0.074,2.3112,2.2372,0.0691,3.4802,0.0537,0.9183,0.8883,3851.0,9.138236584820409e-79,0.4418
"Noise__change_quantiles__f_agg_""mean""__isabs_True__qh_0.4__ql_0.2",Noise,0.1038,0.5854,0.4816,0.1112,0.7422,0.07,0.32,0.8878,22261.5,7.5073794942548e-22,0.1949
"Motor_Current__agg_linear_trend__attr_""rvalue""__chunk_len_5__f_agg_""max""",Motor_Current,0.1458,0.55,0.4042,0.5396,0.3697,0.1684,0.6532,0.8813,23180.0,1.1350769248332362e-19,0.0817
"Motor_Current__change_quantiles__f_agg_""mean""__isabs_False__qh_0.8__ql_0.0",Motor_Current,0.0012,0.0446,0.0434,0.006,0.0682,0.0007,0.037,0.8756,14361.5,1.4154055875943562e-41,0.4796
Noise__energy_ratio_by_chunks__num_segments_10__segment_focus_3,Noise,0.0998,0.0956,-0.0042,0.0017,0.0064,0.0999,0.0948,0.8738,61518.0,2.132145412703272e-24,0.3298
Temperature__energy_ratio_by_chunks__num_segments_10__segment_focus_7,Temperature,0.1001,0.1022,0.0021,0.0008,0.0033,0.1001,0.1018,0.8697,22164.0,9.174166232135962e-22,0.2451
Motor_Current__lempel_ziv_complexity__bins_3,Motor_Current,0.4364,0.4021,-0.0343,0.025,0.049,0.4333,0.4,0.8691,59667.5,1.161851447643501e-22,0.1058
"Vibration__cwt_coefficients__coeff_5__w_2__widths_(2, 5, 10, 20)",Vibration,0.0263,0.2104,0.1841,0.0286,0.2915,0.0244,0.1414,0.869,24157.0,9.153085248076861e-18,0.3659
Temperature__index_mass_quantile__q_0.3,Temperature,0.3182,0.33,0.0118,0.0166,0.01,0.3333,0.3333,0.8687,26685.0,1.494715912616323e-21,0.0991
"Motor_Current__change_quantiles__f_agg_""var""__isabs_True__qh_0.4__ql_0.0",Motor_Current,0.0007,0.0515,0.0508,0.0007,0.0811,0.0005,0.0213,0.8667,1413.0,4.058569712201655e-89,0.5445
"Temperature__change_quantiles__f_agg_""mean""__isabs_True__qh_0.6__ql_0.4",Temperature,0.0477,0.2452,0.1975,0.0495,0.3118,0.0317,0.1333,0.8655,25692.5,2.7916152161599528e-15,0.215
Pressure__autocorrelation__lag_3,Pressure,0.0454,0.2294,0.1841,0.2091,0.2159,0.0317,0.2506,0.8654,22114.0,7.189497502309084e-22,0.058
Pressure__energy_ratio_by_chunks__num_segments_10__segment_focus_3,Pressure,0.0998,0.0963,-0.0035,0.0012,0.0056,0.0999,0.0957,0.8647,61807.0,4.733848875530272e-25,0.3925
Motor_Current__lempel_ziv_complexity__bins_5,Motor_Current,0.5157,0.4795,-0.0362,0.0267,0.052,0.5333,0.5,0.8639,59251.5,2.9721857359814504e-21,0.1226
Temperature__spkt_welch_density__coeff_2,Temperature,0.7058,9.655,8.9491,0.4661,14.3163,0.6118,4.2826,0.8635,9574.0,5.106614341651408e-57,0.3679
Pressure__autocorrelation__lag_5,Pressure,0.0149,0.1789,0.164,0.1985,0.1827,0.0071,0.1926,0.8614,22076.0,5.971139905792978e-22,0.0889
Temperature__index_mass_quantile__q_0.2,Temperature,0.2174,0.2293,0.012,0.0167,0.0108,0.2333,0.2333,0.8594,26453.5,3.409598876680373e-21,0.0933
"Vibration__agg_linear_trend__attr_""rvalue""__chunk_len_10__f_agg_""min""",Vibration,0.1235,0.6694,0.546,0.7174,0.5515,0.0,0.935,0.8585,20711.0,5.782395089260598e-25,0.3225
Vibration__number_peaks__n_1,Vibration,6.9964,8.3455,1.3492,1.6467,1.5009,7.0,9.0,0.8582,22335.5,5.10232090907192e-22,0.0744
"Temperature__cwt_coefficients__coeff_1__w_5__widths_(2, 5, 10, 20)",Temperature,23.5534,25.0201,1.4667,0.4493,2.3231,23.5616,24.4729,0.8581,23773.0,1.6771087400145907e-18,0.2952
Vibration__energy_ratio_by_chunks__num_segments_10__segment_focus_0,Vibration,0.0942,0.0705,-0.0237,0.0211,0.0326,0.0965,0.0703,0.8562,63512.0,4.308106359914295e-29,0.1827
Vibration__index_mass_quantile__q_0.8,Vibration,0.8196,0.8456,0.026,0.0307,0.0305,0.8333,0.8333,0.851,22194.5,3.4323681026282046e-25,0.1018
Noise__count_above_mean,Noise,14.9854,13.3987,-1.5867,1.5683,2.1038,15.0,14.0,0.8495,58883.5,2.576781104283762e-19,0.0878
Pressure__autocorrelation__lag_4,Pressure,0.0476,0.2215,0.1739,0.2219,0.1962,0.0566,0.2253,0.8326,23102.0,7.913218580113446e-20,0.0841
"Temperature__change_quantiles__f_agg_""mean""__isabs_True__qh_0.4__ql_0.2",Temperature,0.0579,0.3181,0.2602,0.0594,0.4283,0.0442,0.18,0.8323,21776.5,8.430750564874317e-23,0.1871
"Pressure__augmented_dickey_fuller__attr_""teststat""__autolag_""AIC""",Pressure,-3.9494,-2.3497,1.5997,1.7448,2.0835,-4.2279,-2.7449,0.829,22734.0,1.4134469135707e-20,0.1097
"Vibration__change_quantiles__f_agg_""mean""__isabs_False__qh_1.0__ql_0.2",Vibration,0.0008,0.0209,0.0201,0.0033,0.0333,0.0004,0.0223,0.8278,19044.5,6.864374872092949e-29,0.4884
Pressure__spkt_welch_density__coeff_2,Pressure,0.0064,0.3369,0.3304,0.0068,0.5533,0.0041,0.1785,0.8253,3849.0,8.966826297078352e-79,0.4736
Vibration__index_mass_quantile__q_0.7,Vibration,0.721,0.755,0.034,0.0377,0.0442,0.7333,0.7333,0.8252,19644.0,5.067908751314901e-30,0.1627
Temperature__count_above_mean,Temperature,15.0,13.3355,-1.6645,1.8083,2.1942,15.0,13.0,0.8242,59141.0,9.792989351492984e-20,0.0725
Noise__autocorrelation__lag_2,Noise,0.049,0.2198,0.1708,0.1893,0.2226,0.0271,0.2379,0.8234,22668.0,1.0340942344458367e-20,0.1072
Vibration__autocorrelation__lag_4,Vibration,0.0661,0.2811,0.215,0.2832,0.2406,-0.0197,0.3112,0.8214,21481.0,3.111220876874111e-23,0.1107
Noise__autocorrelation__lag_3,Noise,0.0261,0.2062,0.1801,0.2171,0.2225,-0.0037,0.2264,0.8188,22977.0,4.4248624332860116e-20,0.0811
Motor_Current__autocorrelation__lag_8,Motor_Current,-0.0804,0.0813,0.1617,0.2249,0.1695,-0.0803,0.0862,0.8175,23668.0,1.0477411313387583e-18,0.0801
"Temperature__agg_linear_trend__attr_""rvalue""__chunk_len_10__f_agg_""min""",Temperature,0.081,0.6012,0.5202,0.7217,0.5475,0.192,0.845,0.8173,23777.0,1.7072923749828956e-18,0.0859
Motor_Current__last_location_of_maximum,Motor_Current,0.609,0.8099,0.2009,0.3073,0.1752,0.6667,0.8667,0.8127,26193.5,3.550510325066876e-14,0.1276
"Temperature__cwt_coefficients__coeff_0__w_5__widths_(2, 5, 10, 20)",Temperature,0.0145,-0.9058,-0.9203,0.3617,1.5398,0.0278,-0.7957,0.806,62079.0,1.126583511154079e-25,0.2979
Vibration__variation_coefficient,Vibration,0.1449,0.233,0.0882,0.0577,0.1411,0.1252,0.1831,0.8045,21406.0,2.130407689842809e-23,0.1338
"Vibration__change_quantiles__f_agg_""var""__isabs_True__qh_1.0__ql_0.8",Vibration,0.0001,0.0122,0.0121,0.0001,0.0208,0.0,0.0009,0.8005,26171.5,1.1682685321991738e-14,0.2823
"Pressure__agg_autocorrelation__f_agg_""var""__maxlag_40",Pressure,0.1469,0.3119,0.1649,0.1202,0.2609,0.106,0.2338,0.7999,20906.0,1.6458353755511299e-24,0.1055
Motor_Current__energy_ratio_by_chunks__num_segments_10__segment_focus_3,Motor_Current,0.0997,0.0955,-0.0042,0.0011,0.0073,0.0997,0.0945,0.7972,62612.0,6.4082763184807645e-27,0.4446
"Temperature__fft_coefficient__attr_""angle""__coeff_1",Temperature,7.7988,73.1851,65.3863,98.0399,64.6683,24.7069,90.1905,0.7947,25260.0,9.766454505645643e-16,0.1137
"Pressure__change_quantiles__f_agg_""mean""__isabs_False__qh_0.8__ql_0.0",Pressure,0.0003,0.0193,0.019,0.0048,0.0328,0.0,0.0152,0.793,19431.5,5.9976122353150375e-28,0.3261
Pressure__lempel_ziv_complexity__bins_2,Pressure,0.3751,0.3498,-0.0252,0.0251,0.0369,0.3667,0.3667,0.7921,58252.5,6.522481212638379e-20,0.1039
Vibration__has_duplicate_max,Vibration,0.3467,0.0565,-0.2902,0.4759,0.2308,0.0,0.0,0.7876,53205.5,1.8027891010624286e-18,0.0662
"Vibration__agg_autocorrelation__f_agg_""median""__maxlag_40",Vibration,-0.0882,-0.2231,-0.1349,0.1638,0.1784,-0.0388,-0.1778,0.7864,64678.0,4.8821785841599536e-32,0.1382
Vibration__benford_correlation,Vibration,0.6779,0.4274,-0.2506,0.223,0.3858,0.649,0.3919,0.786,57312.5,6.471349115626122e-16,0.2889
Vibration__index_mass_quantile__q_0.6,Vibration,0.6234,0.6618,0.0384,0.0388,0.0567,0.6333,0.6667,0.7849,19541.0,8.617378744367279e-30,0.1569
Temperature__index_mass_quantile__q_0.9,Temperature,0.9174,0.9286,0.0112,0.0167,0.0117,0.9333,0.9333,0.7837,27412.5,2.5018151807504127e-18,0.0678
"Vibration__fft_coefficient__attr_""imag""__coeff_6",Vibration,0.0162,0.6678,0.6515,0.0996,1.149,0.0136,0.5684,0.781,23463.0,4.148798731685789e-19,0.4173
"Vibration__fft_coefficient__attr_""angle""__coeff_1",Vibration,9.5217,74.4737,64.952,102.2618,61.3959,19.609,87.8237,0.7788,25496.0,2.550311077611683e-15,0.1234
Vibration__skewness,Vibration,0.0774,0.4929,0.4155,0.4827,0.5763,0.0102,0.3913,0.7785,24006.0,4.716949284285409e-18,0.0947
Motor_Current__symmetry_looking__r_0.05,Motor_Current,0.8358,0.4917,-0.3441,0.3705,0.4999,1.0,0.0,0.7767,55425.5,4.533546783310204e-18,0.0893
Pressure__ar_coefficient__coeff_0__k_10,Pressure,7.2269,2.2479,-4.979,6.315,6.5413,6.7068,2.3922,0.7738,60911.0,4.699481208531975e-23,0.1096
Vibration__index_mass_quantile__q_0.4,Vibration,0.4277,0.4702,0.0425,0.0384,0.0666,0.4333,0.4667,0.7719,20210.0,8.268540118223443e-28,0.1835
"Pressure__cwt_coefficients__coeff_5__w_2__widths_(2, 5, 10, 20)",Pressure,0.6752,0.902,0.2267,0.0464,0.4037,0.6745,0.8043,0.7715,25071.0,4.482862970303573e-16,0.2933
Temperature__index_mass_quantile__q_0.1,Temperature,0.1179,0.1288,0.0109,0.0166,0.0114,0.1333,0.1333,0.7713,27740.5,7.208790343401819e-18,0.0357
"Motor_Current__change_quantiles__f_agg_""var""__isabs_True__qh_0.8__ql_0.4",Motor_Current,0.0003,0.0657,0.0653,0.0005,0.1171,0.0002,0.0238,0.7709,752.0,4.8912398986466295e-92,0.5952
"Noise__cwt_coefficients__coeff_5__w_2__widths_(2, 5, 10, 20)",Noise,5.6702,7.8949,2.2248,0.6146,3.9496,5.6818,7.1425,0.7701,23811.0,1.9870395027103673e-18,0.2781
Vibration__index_mass_quantile__q_0.9,Vibration,0.9185,0.9332,0.0147,0.0217,0.0166,0.9333,0.9333,0.7675,26401.0,1.2060037356091668e-19,0.085
Vibration__index_mass_quantile__q_0.3,Vibration,0.3262,0.3671,0.041,0.0365,0.0652,0.3333,0.3667,0.7657,20853.5,2.3603111506115894e-26,0.147
"Vibration__fft_coefficient__attr_""imag""__coeff_5",Vibration,0.0159,0.5997,0.5838,0.0975,1.0501,0.0173,0.5196,0.7654,23198.5,1.2361440549297224e-19,0.4228
"Vibration__fft_coefficient__attr_""imag""__coeff_4",Vibration,0.0186,0.6792,0.6606,0.1078,1.1946,0.0185,0.6057,0.7615,25497.0,2.560629152563382e-15,0.4479
"Temperature__fft_coefficient__attr_""imag""__coeff_3",Temperature,0.0363,4.5112,4.4749,1.157,8.1102,0.0475,4.0776,0.7556,24629.0,7.007911230331209e-17,0.3641
Vibration__index_mass_quantile__q_0.2,Vibration,0.2235,0.2576,0.0341,0.029,0.0559,0.2333,0.2333,0.7554,22364.0,1.4489371848420356e-23,0.1328
Temperature__last_location_of_minimum,Temperature,0.5127,0.3096,-0.203,0.2851,0.2554,0.5,0.2333,0.7521,58206.0,1.3746601977235794e-17,0.0299
"Motor_Current__change_quantiles__f_agg_""mean""__isabs_False__qh_0.6__ql_0.0",Motor_Current,0.0004,0.0446,0.0442,0.0084,0.0816,0.0008,0.0323,0.7449,17742.0,3.535424905168488e-32,0.3521
Motor_Current__autocorrelation__lag_4,Motor_Current,0.04,0.2041,0.1641,0.2351,0.2071,0.0229,0.195,0.7432,23824.0,2.1055473461657294e-18,0.0644
Noise__has_duplicate,Noise,0.9416,0.6611,-0.2805,0.2345,0.4733,1.0,1.0,0.7404,52803.0,9.583026881745445e-17,0.0736
"Pressure__fft_coefficient__attr_""imag""__coeff_4",Pressure,0.025,0.8509,0.8259,0.186,1.5434,0.0243,0.7873,0.7347,22854.0,2.4878889884333548e-20,0.3961
"Pressure__fft_coefficient__attr_""imag""__coeff_5",Pressure,0.0141,0.7229,0.7088,0.1896,1.3286,0.0087,0.6668,0.7305,22728.5,1.377128335288254e-20,0.3542
Vibration__autocorrelation__lag_9,Vibration,-0.1068,0.0269,0.1337,0.1933,0.1745,-0.0935,0.0358,0.7277,24639.0,7.312348926535705e-17,0.0529
"Pressure__change_quantiles__f_agg_""var""__isabs_False__qh_1.0__ql_0.8",Pressure,0.0005,0.0573,0.0568,0.0011,0.108,0.0,0.0025,0.7272,26712.0,1.8827209142155093e-14,0.2131
"Motor_Current__cwt_coefficients__coeff_5__w_2__widths_(2, 5, 10, 20)",Motor_Current,1.0768,1.5558,0.4791,0.056,0.9097,1.0753,1.3517,0.7265,27634.0,8.109995937850907e-12,0.3817
Noise__sum_of_reoccurring_values,Noise,96.1403,57.9761,-38.1641,49.9176,54.8559,85.56,54.97,0.7261,57259.0,6.094935775000906e-16,0.4015
"Noise__agg_autocorrelation__f_agg_""var""__maxlag_40",Noise,0.1449,0.2553,0.1105,0.1195,0.1772,0.1023,0.212,0.7247,22936.0,3.6536411731682397e-20,0.0856
Vibration__index_mass_quantile__q_0.1,Vibration,0.1217,0.1437,0.0221,0.0202,0.0378,0.1333,0.1333,0.72,26275.0,2.5208667048215265e-17,0.073
Noise__autocorrelation__lag_6,Noise,-0.0082,0.1259,0.134,0.1936,0.1804,-0.0019,0.1405,0.7174,25207.0,7.857651766137944e-16,0.0618
Temperature__energy_ratio_by_chunks__num_segments_10__segment_focus_2,Temperature,0.0999,0.0982,-0.0017,0.0008,0.0031,0.0999,0.0982,0.7158,59503.0,4.3026832630884344e-20,0.2871
Vibration__time_reversal_asymmetry_statistic__lag_1,Vibration,0.0002,0.8692,0.8689,0.0007,1.6941,0.0,0.2187,0.7089,4935.0,2.2646598389494924e-74,0.609
Vibration__partial_autocorrelation__lag_5,Vibration,-0.1232,0.0155,0.1387,0.2081,0.1837,-0.106,0.0155,0.7088,25433.0,1.976527844891908e-15,0.0307
"Vibration__fft_aggregated__aggtype_""variance""",Vibration,13.4964,15.9716,2.4751,2.6208,4.1487,13.2624,15.6131,0.7062,26787.0,3.805871606135112e-13,0.0565
"Vibration__change_quantiles__f_agg_""var""__isabs_False__qh_1.0__ql_0.8",Vibration,0.0002,0.0397,0.0394,0.0004,0.0771,0.0001,0.0028,0.7061,26780.0,1.4905321863080766e-13,0.3125
Noise__benford_correlation,Noise,-0.0644,-0.1876,-0.1232,0.0009,0.2424,-0.0646,-0.2112,0.7024,75070.0,2.1507974586147005e-72,0.5808
Pressure__longest_strike_above_mean,Pressure,4.8066,6.5116,1.7051,1.9842,2.7758,4.0,6.0,0.7014,25767.0,3.852350337767112e-15,0.0997
Vibration__energy_ratio_by_chunks__num_segments_10__segment_focus_9,Vibration,0.1089,0.1444,0.0355,0.0364,0.0609,0.103,0.1304,0.6989,19495.0,8.540964931012946e-28,0.1625
Vibration__has_duplicate_min,Vibration,0.3577,0.0864,-0.2713,0.4793,0.2809,0.0,0.0,0.6987,52424.0,2.9585014262318666e-15,0.0325
Motor_Current__number_cwt_peaks__n_5,Motor_Current,2.8686,3.412,0.5433,0.7231,0.8251,3.0,3.0,0.6982,26642.5,5.252267190235698e-15,0.0737
"Motor_Current__change_quantiles__f_agg_""var""__isabs_False__qh_0.2__ql_0.0",Motor_Current,0.0005,0.0609,0.0604,0.0013,0.1202,0.0,0.0142,0.6948,10274.0,9.539615352811714e-56,0.3032
"Vibration__fft_coefficient__attr_""angle""__coeff_2",Vibration,9.5136,70.9018,61.3881,96.7226,80.2649,18.2141,92.6681,0.6937,24833.0,1.660352715578224e-16,0.1089
Temperature__last_location_of_maximum,Temperature,0.5372,0.7255,0.1882,0.3037,0.2383,0.5667,0.8,0.6936,26406.0,8.578287336691781e-14,0.0497
Noise__partial_autocorrelation__lag_4,Noise,-0.0677,0.0666,0.1343,0.2011,0.1899,-0.073,0.0785,0.6877,25603.0,3.9229040094924224e-15,0.0456
Noise__energy_ratio_by_chunks__num_segments_10__segment_focus_6,Noise,0.1,0.1035,0.0035,0.0016,0.0069,0.1,0.1027,0.6872,27216.0,1.8324123756300964e-12,0.2505
"Pressure__augmented_dickey_fuller__attr_""pvalue""__autolag_""AIC""",Pressure,0.1104,0.3446,0.2341,0.2484,0.4079,0.0006,0.0666,0.686,22732.0,1.4000391068088937e-20,0.1054
Vibration__first_location_of_minimum,Vibration,0.3802,0.2048,-0.1754,0.2866,0.2247,0.3,0.1,0.6849,57377.5,4.2722021508610967e-16,0.097
Vibration__energy_ratio_by_chunks__num_segments_10__segment_focus_1,Vibration,0.0953,0.0759,-0.0194,0.0225,0.033,0.0976,0.0764,0.6825,60177.0,1.749259767248982e-21,0.1458
Noise__ar_coefficient__coeff_0__k_10,Noise,69.184,26.6222,-42.5617,60.3077,64.8224,58.9465,25.4262,0.6787,58023.0,3.273717291251669e-17,0.0526
Noise__ar_coefficient__coeff_10__k_10,Noise,-0.0919,0.1271,0.2191,0.2952,0.3462,-0.0601,0.1082,0.6784,25562.0,3.3273168260205986e-15,0.0442
"Pressure__change_quantiles__f_agg_""var""__isabs_True__qh_1.0__ql_0.8",Pressure,0.0002,0.0225,0.0223,0.0005,0.0455,0.0,0.0009,0.6775,27115.5,7.33299480424061e-14,0.1788
"Noise__fft_coefficient__attr_""imag""__coeff_4",Noise,0.3908,8.1868,7.796,2.5322,15.7319,0.3521,7.5149,0.6769,24572.0,5.4968322909431015e-17,0.3396
Noise__lempel_ziv_complexity__bins_2,Noise,0.3769,0.3568,-0.0201,0.0228,0.0348,0.3667,0.3667,0.6756,54755.0,3.1549465573668365e-13,0.0613
Temperature__max_langevin_fixed_point__m_3__r_30,Temperature,66.4117,76.7368,10.325,5.6889,20.436,65.8474,71.6367,0.6749,11709.0,1.5597427297855154e-51,0.3658
Temperature__partial_autocorrelation__lag_7,Temperature,-0.1421,-0.0039,0.1382,0.1936,0.2146,-0.1461,-0.0045,0.6747,26413.0,9.315427088721203e-14,0.0466
"Noise__fft_coefficient__attr_""imag""__coeff_5",Noise,0.1931,7.1404,6.9473,2.229,14.2204,0.2468,6.4432,0.6678,24646.0,7.533170600999825e-17,0.331
"Noise__change_quantiles__f_agg_""var""__isabs_True__qh_1.0__ql_0.8",Noise,0.0149,1.8831,1.8682,0.0404,3.8664,0.0,0.065,0.6677,26581.0,2.3753381123625564e-15,0.1864
"Motor_Current__fft_coefficient__attr_""imag""__coeff_5",Motor_Current,0.0369,1.4777,1.4407,0.2469,2.9788,0.0173,1.5588,0.6664,24699.5,9.452692244681553e-17,0.4498
"Temperature__agg_linear_trend__attr_""rvalue""__chunk_len_10__f_agg_""max""",Temperature,0.0857,0.5308,0.4451,0.7467,0.5876,0.2227,0.8104,0.6662,27530.0,5.623999438282454e-12,0.0595
"Pressure__change_quantiles__f_agg_""var""__isabs_False__qh_0.2__ql_0.0",Pressure,0.0004,0.0178,0.0174,0.001,0.0365,0.0,0.0038,0.6596,17867.0,2.6149417454425062e-33,0.202
"Noise__fft_coefficient__attr_""angle""__coeff_2",Noise,16.0771,74.415,58.3379,100.5047,76.1396,30.9153,93.6675,0.6585,27130.0,1.3420869576394535e-12,0.0848
Motor_Current__ar_coefficient__coeff_0__k_10,Motor_Current,12.3447,4.5126,-7.8321,11.0107,12.6478,11.1727,4.9342,0.6584,57627.0,1.7609371283932612e-16,0.0599
Vibration__partial_autocorrelation__lag_2,Vibration,0.0414,0.1621,0.1207,0.1785,0.1882,0.0378,0.1693,0.6576,26759.0,3.4293710517757093e-13,0.0152
Vibration__energy_ratio_by_chunks__num_segments_10__segment_focus_8,Vibration,0.1032,0.1306,0.0274,0.0292,0.0504,0.1001,0.1225,0.6575,21408.0,2.1520703784636534e-23,0.1531
"Noise__fft_coefficient__attr_""real""__coeff_14",Noise,0.0727,-6.4711,-6.5438,2.2021,13.599,0.0599,-5.3901,0.6572,56719.0,7.196905031464974e-15,0.3454
Motor_Current__autocorrelation__lag_9,Motor_Current,-0.0577,0.0629,0.1206,0.1972,0.1703,-0.047,0.0568,0.6568,27373.0,3.220065610387495e-12,0.0731
"Temperature__agg_autocorrelation__f_agg_""mean""__maxlag_40",Temperature,-0.0756,-0.1425,-0.0669,0.0907,0.1111,-0.0484,-0.1281,0.6566,56883.0,3.738485496659925e-15,0.0529
"Noise__augmented_dickey_fuller__attr_""teststat""__autolag_""AIC""",Noise,-3.9966,-2.7279,1.2687,1.6948,2.1398,-4.0678,-3.1348,0.6538,27285.0,2.349393233256588e-12,0.0488
Pressure__partial_autocorrelation__lag_2,Pressure,0.0029,0.1239,0.121,0.1937,0.1776,-0.001,0.1267,0.6527,25902.0,1.2871828697213461e-14,0.052
Vibration__longest_strike_below_mean,Vibration,6.3759,8.9269,2.551,3.4863,4.2615,5.0,8.0,0.6522,24489.5,2.5721038847403826e-17,0.0903
"Temperature__cwt_coefficients__coeff_13__w_5__widths_(2, 5, 10, 20)",Temperature,11.906,12.9211,1.0151,0.633,2.075,11.8598,13.0629,0.6492,25761.0,7.370507126686233e-15,0.2548
Vibration__partial_autocorrelation__lag_4,Vibration,-0.0986,0.0279,0.1265,0.1851,0.2062,-0.1086,0.0286,0.6443,26628.0,2.101040242643199e-13,0.0302
Temperature__has_duplicate,Temperature,0.9781,0.7741,-0.204,0.1463,0.4182,1.0,1.0,0.6395,49650.0,3.103322037015691e-13,0.0797
"Temperature__fft_coefficient__attr_""angle""__coeff_2",Temperature,-0.7347,61.7268,62.4615,104.1492,91.4482,-8.7829,86.3872,0.6393,27178.0,1.5972140822651747e-12,0.0841
"Vibration__agg_autocorrelation__f_agg_""var""__maxlag_40",Vibration,0.1913,0.3294,0.1381,0.1753,0.2475,0.1138,0.2786,0.639,23432.0,3.6031911350000534e-19,0.0942
Pressure__autocorrelation__lag_6,Pressure,0.0219,0.1459,0.124,0.2139,0.175,-0.0052,0.1544,0.6377,26770.0,3.572706019867565e-13,0.078
"Motor_Current__agg_autocorrelation__f_agg_""median""__maxlag_40",Motor_Current,-0.0796,-0.1586,-0.079,0.1245,0.1237,-0.0474,-0.1232,0.6369,61839.0,4.0020709008597842e-25,0.1195
Motor_Current__binned_entropy__max_bins_10,Motor_Current,2.0427,1.9143,-0.1285,0.1125,0.2595,2.0546,1.989,0.6322,52923.0,4.2755659730751035e-09,0.0818
Motor_Current__cid_ce__normalize_True,Motor_Current,7.0326,6.2491,-0.7834,1.2343,1.2465,7.2885,6.3961,0.6315,57250.0,8.425957793069394e-16,0.0554
Motor_Current__autocorrelation__lag_7,Motor_Current,-0.0201,0.1016,0.1217,0.1992,0.1878,-0.0299,0.1079,0.6296,27212.0,1.8061363480086042e-12,0.0736
Vibration__autocorrelation__lag_3,Vibration,0.1345,0.3085,0.174,0.2907,0.2635,0.0683,0.3317,0.6286,25438.0,2.0169890978992723e-15,0.1132
Motor_Current__ar_coefficient__coeff_8__k_10,Motor_Current,-0.166,0.1155,0.2815,0.3083,0.545,-0.1757,0.0594,0.6282,23338.0,2.3461982669174365e-19,0.098
Pressure__energy_ratio_by_chunks__num_segments_10__segment_focus_6,Pressure,0.1002,0.103,0.0028,0.0013,0.0061,0.1002,0.1018,0.6273,29722.0,7.158385148610182e-09,0.2508
Temperature__partial_autocorrelation__lag_6,Temperature,-0.1732,-0.052,0.1212,0.1869,0.1992,-0.1874,-0.0513,0.6264,27211.0,1.799625310514192e-12,0.0679
Noise__autocorrelation__lag_7,Noise,-0.0289,0.0947,0.1236,0.2003,0.1948,-0.0199,0.1027,0.6261,27349.0,2.955347880584523e-12,0.065
"Motor_Current__change_quantiles__f_agg_""var""__isabs_False__qh_0.8__ql_0.6",Motor_Current,0.0002,0.0252,0.0249,0.0008,0.0552,0.0,0.0025,0.624,24799.0,2.1825712490636332e-17,0.2728
"Vibration__change_quantiles__f_agg_""var""__isabs_True__qh_0.2__ql_0.0",Vibration,0.0001,0.0047,0.0046,0.0001,0.0101,0.0,0.0006,0.6231,20684.0,1.40076291740751e-25,0.2625
"Pressure__change_quantiles__f_agg_""mean""__isabs_False__qh_1.0__ql_0.2",Pressure,0.0007,0.0197,0.019,0.0056,0.0421,0.0009,0.0181,0.6206,19397.0,4.956712821368785e-28,0.3662
"Motor_Current__change_quantiles__f_agg_""mean""__isabs_False__qh_1.0__ql_0.2",Motor_Current,0.0012,0.0465,0.0453,0.0069,0.1006,0.0011,0.0367,0.6205,18860.0,2.4125080903031854e-29,0.5012
"Motor_Current__change_quantiles__f_agg_""var""__isabs_True__qh_0.8__ql_0.6",Motor_Current,0.0001,0.0078,0.0078,0.0002,0.0174,0.0,0.0006,0.6195,25021.0,3.9655127522566995e-17,0.2475
"Motor_Current__change_quantiles__f_agg_""var""__isabs_True__qh_0.2__ql_0.0",Motor_Current,0.0002,0.0201,0.0199,0.0004,0.0445,0.0,0.004,0.6182,11227.5,1.6069949807668623e-52,0.3093
"Motor_Current__fft_coefficient__attr_""imag""__coeff_4",Motor_Current,0.0441,1.681,1.6368,0.2289,3.6531,0.0422,1.3747,0.6181,25617.0,4.14940018723388e-15,0.4827
"Motor_Current__change_quantiles__f_agg_""var""__isabs_True__qh_1.0__ql_0.8",Motor_Current,0.0003,0.1266,0.1263,0.0008,0.2825,0.0,0.0004,0.6181,31621.5,3.209796146412011e-07,0.2364
Motor_Current__energy_ratio_by_chunks__num_segments_10__segment_focus_6,Motor_Current,0.1001,0.1037,0.0036,0.0009,0.008,0.1001,0.1019,0.6147,29493.0,3.585535041446508e-09,0.3528
Vibration__energy_ratio_by_chunks__num_segments_10__segment_focus_7,Vibration,0.1015,0.1195,0.018,0.0232,0.034,0.1,0.1166,0.6135,26447.0,1.0602167216841111e-13,0.0129
Temperature__binned_entropy__max_bins_10,Temperature,2.0718,1.9836,-0.0882,0.1038,0.1724,2.0928,2.0155,0.613,54691.0,1.3627747733786028e-11,0.057
Motor_Current__ar_coefficient__coeff_10__k_10,Motor_Current,-0.1125,0.1407,0.2531,0.2886,0.5034,-0.1218,0.0865,0.6097,24896.0,2.1626141984062163e-16,0.073
"Noise__change_quantiles__f_agg_""var""__isabs_False__qh_1.0__ql_0.8",Noise,0.0349,4.7272,4.6923,0.0799,10.6515,0.0,0.2116,0.6088,26470.5,1.6240086982378878e-15,0.1981
"Motor_Current__change_quantiles__f_agg_""var""__isabs_True__qh_0.4__ql_0.2",Motor_Current,0.0001,0.0063,0.0062,0.0001,0.0141,0.0,0.0006,0.6064,22478.5,1.8450906175247056e-22,0.2371
Motor_Current__lempel_ziv_complexity__bins_10,Motor_Current,0.6088,0.5821,-0.0267,0.0298,0.054,0.6,0.6,0.605,52499.0,4.0979785116645795e-09,0.0695
"Pressure__change_quantiles__f_agg_""var""__isabs_True__qh_0.2__ql_0.0",Pressure,0.0002,0.0058,0.0057,0.0004,0.013,0.0,0.0012,0.6026,18121.5,6.633930796539358e-33,0.2354
Vibration__last_location_of_maximum,Vibration,0.6282,0.7785,0.1503,0.2823,0.2165,0.6667,0.8333,0.601,28408.5,1.0471260727110739e-10,0.0657
Vibration__ar_coefficient__coeff_8__k_10,Vibration,-0.1447,0.0719,0.2166,0.2909,0.4161,-0.1403,0.0308,0.5986,26586.0,1.7940020670090493e-13,0.0598
Noise__partial_autocorrelation__lag_2,Noise,0.0056,0.1153,0.1096,0.1811,0.1858,-0.0094,0.1245,0.5972,26973.0,7.565348094500365e-13,0.05
Pressure__lempel_ziv_complexity__bins_5,Pressure,0.5179,0.4961,-0.0218,0.026,0.044,0.5333,0.5,0.5954,53099.5,2.2174420535774276e-10,0.0357
"Pressure__fft_coefficient__attr_""imag""__coeff_6",Pressure,0.0222,0.6776,0.6553,0.1972,1.513,0.0316,0.5966,0.594,27154.0,1.4642084965373666e-12,0.3486
Motor_Current__autocorrelation__lag_6,Motor_Current,0.0024,0.1254,0.1231,0.2278,0.1882,-0.0179,0.1287,0.5916,26792.0,3.877249482856624e-13,0.0339
Temperature__energy_ratio_by_chunks__num_segments_10__segment_focus_3,Temperature,0.0999,0.0986,-0.0013,0.0008,0.003,0.0999,0.0987,0.5911,55282.0,1.6802010852304796e-12,0.2376
"Motor_Current__augmented_dickey_fuller__attr_""teststat""__autolag_""AIC""",Motor_Current,-3.7725,-2.557,1.2155,1.853,2.2331,-3.9235,-2.854,0.5898,28504.0,1.5605976617248648e-10,0.0533
"Pressure__change_quantiles__f_agg_""var""__isabs_False__qh_0.4__ql_0.2",Pressure,0.0001,0.0037,0.0036,0.0002,0.0084,0.0,0.0002,0.5897,27758.0,1.333379871949184e-12,0.1664
Motor_Current__autocorrelation__lag_5,Motor_Current,0.0374,0.1625,0.1252,0.2383,0.186,0.0176,0.159,0.589,28061.0,3.5441562932889144e-11,0.0617
Motor_Current__has_duplicate,Motor_Current,1.0,0.8472,-0.1528,0.0,0.3598,1.0,1.0,0.587,47539.0,1.5830705591070985e-11,0.0355
"Vibration__change_quantiles__f_agg_""var""__isabs_False__qh_0.2__ql_0.0",Vibration,0.0002,0.0143,0.0141,0.0003,0.0332,0.0001,0.0018,0.586,19924.0,3.69872625052052e-27,0.288
"Pressure__fft_coefficient__attr_""real""__coeff_8",Pressure,-0.0229,-0.5939,-0.571,0.1778,1.3381,-0.0277,-0.5084,0.5851,55290.0,1.6322755912898238e-12,0.3562
"Motor_Current__fft_coefficient__attr_""real""__coeff_14",Motor_Current,-0.0362,-1.3702,-1.334,0.205,3.1476,-0.0365,-1.2252,0.5846,55452.0,9.053414108101483e-13,0.4729
Temperature__longest_strike_above_mean,Temperature,6.2591,4.99,-1.2691,2.1364,2.2166,6.0,4.0,0.5825,56218.0,2.7585253218465083e-14,0.0552
Vibration__number_peaks__n_5,Vibration,1.0766,1.5282,0.4516,0.7334,0.8131,1.0,2.0,0.5818,28588.0,9.948200914645632e-12,0.0346
"Motor_Current__augmented_dickey_fuller__attr_""pvalue""__autolag_""AIC""",Motor_Current,0.1352,0.3401,0.2049,0.2794,0.4088,0.0019,0.051,0.5801,28504.0,1.5605873411889742e-10,0.0502
"Temperature__linear_trend__attr_""pvalue""",Temperature,0.2908,0.1346,-0.1562,0.306,0.231,0.1581,0.0214,0.58,56787.0,5.4897907053389154e-15,0.0266
Pressure__autocorrelation__lag_9,Pressure,-0.0449,0.0641,0.109,0.2099,0.1653,-0.0313,0.0738,0.58,28903.0,5.689751379661632e-10,0.0631
Temperature__autocorrelation__lag_2,Temperature,0.2437,0.1282,-0.1155,0.1777,0.2169,0.2524,0.1086,0.5798,54751.0,1.1069727359802172e-11,0.063
"Noise__fft_coefficient__attr_""angle""__coeff_3",Noise,8.334,63.8572,55.5232,103.0737,88.8087,12.939,86.2823,0.5792,28650.0,2.5167747224224345e-10,0.0806
"Vibration__change_quantiles__f_agg_""mean""__isabs_False__qh_0.8__ql_0.2",Vibration,0.0003,0.0165,0.0162,0.0037,0.0388,0.0,0.0179,0.5769,23457.5,4.0387987463541393e-19,0.3673
"Vibration__change_quantiles__f_agg_""mean""__isabs_False__qh_0.6__ql_0.0",Vibration,0.0001,0.0169,0.0168,0.0037,0.0401,0.0,0.0144,0.5768,25460.5,2.205153955867255e-15,0.3655
Temperature__lempel_ziv_complexity__bins_2,Temperature,0.3752,0.3569,-0.0183,0.0237,0.0376,0.3667,0.3667,0.5758,52510.5,1.2822358600081966e-09,0.0729
Temperature__partial_autocorrelation__lag_8,Temperature,-0.1751,-0.0566,0.1185,0.2174,0.1959,-0.1897,-0.0566,0.574,27849.0,1.713830595918468e-11,0.0171
Vibration__ar_coefficient__coeff_6__k_10,Vibration,-0.16,0.0223,0.1823,0.293,0.3415,-0.1514,0.0049,0.5707,27553.0,6.099703296295726e-12,0.0635
Motor_Current__autocorrelation__lag_3,Motor_Current,0.0754,0.2095,0.1341,0.238,0.2339,0.0399,0.2069,0.5687,27531.0,5.643986857597676e-12,0.0344
"Vibration__fft_coefficient__attr_""real""__coeff_14",Vibration,-0.0249,-0.4815,-0.4566,0.0899,1.1067,-0.0205,-0.396,0.5685,56413.0,2.3994885995109483e-14,0.4187
"Noise__change_quantiles__f_agg_""var""__isabs_False__qh_0.2__ql_0.0",Noise,0.0546,2.0406,1.986,0.1557,4.8377,0.0,0.207,0.5671,22002.5,1.78947521008392e-24,0.1531
Vibration__partial_autocorrelation__lag_3,Vibration,-0.0103,0.0922,0.1025,0.1714,0.1892,0.0045,0.0937,0.5663,28144.0,4.696080878525223e-11,0.0413
Pressure__symmetry_looking__r_0.05,Pressure,0.854,0.6113,-0.2427,0.3531,0.4875,1.0,1.0,0.5661,51246.0,7.093746695538809e-11,0.0409
Temperature__partial_autocorrelation__lag_5,Temperature,-0.0952,0.0102,0.1053,0.1849,0.1881,-0.085,0.0163,0.5646,28366.0,9.885682393854227e-11,0.0619
Pressure__lempel_ziv_complexity__bins_3,Pressure,0.4369,0.4161,-0.0208,0.0267,0.0441,0.4333,0.4333,0.5644,52714.5,8.373699407478138e-10,0.0269
Vibration__energy_ratio_by_chunks__num_segments_10__segment_focus_2,Vibration,0.0954,0.0804,-0.015,0.0237,0.0289,0.0978,0.0828,0.564,56040.0,1.0090768653025807e-13,0.0621
"Motor_Current__change_quantiles__f_agg_""var""__isabs_False__qh_1.0__ql_0.8",Motor_Current,0.0009,0.3233,0.3224,0.0021,0.7929,0.0,0.0004,0.5619,32263.0,1.9906157995695834e-06,0.2492
Pressure__has_duplicate_max,Pressure,0.1861,0.0233,-0.1629,0.3892,0.1507,0.0,0.0,0.5618,47953.5,9.728510177629151e-11,0.0405
"Motor_Current__change_quantiles__f_agg_""mean""__isabs_False__qh_0.4__ql_0.0",Motor_Current,-0.0012,0.0367,0.0379,0.0143,0.0923,-0.0,0.0275,0.5616,21303.5,1.2662673178398618e-23,0.3011
"Motor_Current__change_quantiles__f_agg_""var""__isabs_False__qh_0.4__ql_0.2",Motor_Current,0.0002,0.0179,0.0178,0.0003,0.0438,0.0,0.0025,0.5607,23125.5,7.322787070300836e-21,0.2524
"Temperature__cwt_coefficients__coeff_5__w_2__widths_(2, 5, 10, 20)",Temperature,8.3855,9.2459,0.8604,0.3651,2.0927,8.3808,8.8473,0.5605,29994.0,1.6001972554248297e-08,0.2914
"Vibration__change_quantiles__f_agg_""mean""__isabs_False__qh_0.4__ql_0.0",Vibration,-0.0004,0.0207,0.0211,0.0056,0.0518,0.0,0.015,0.5589,25795.5,8.436652416165633e-15,0.3029
"Motor_Current__change_quantiles__f_agg_""var""__isabs_True__qh_0.6__ql_0.4",Motor_Current,0.0001,0.0056,0.0056,0.0002,0.0138,0.0,0.0003,0.5582,26174.5,1.7705778093860706e-15,0.2077
"Noise__augmented_dickey_fuller__attr_""pvalue""__autolag_""AIC""",Noise,0.0983,0.2694,0.1711,0.2139,0.3726,0.0011,0.0241,0.5566,27285.0,2.349328183748889e-12,0.0453
Temperature__fourier_entropy__bins_5,Temperature,1.0328,1.1847,0.1519,0.299,0.2475,1.0408,1.2342,0.5558,28824.5,4.375640633787193e-10,0.0443
"Motor_Current__fft_coefficient__attr_""imag""__coeff_6",Motor_Current,0.0056,1.3273,1.3217,0.2399,3.279,0.0207,1.2137,0.5557,26234.0,4.691498909817469e-14,0.4621
"Temperature__fft_coefficient__attr_""imag""__coeff_4",Temperature,0.0025,3.3802,3.3777,1.1633,8.3546,0.0412,2.7321,0.5539,28724.0,3.2001409111360414e-10,0.3328
"Motor_Current__agg_autocorrelation__f_agg_""var""__maxlag_40",Motor_Current,0.1707,0.2931,0.1224,0.1752,0.2562,0.1037,0.1988,0.553,26637.0,2.1732618905706134e-13,0.0249
"Pressure__change_quantiles__f_agg_""var""__isabs_False__qh_0.8__ql_0.6",Pressure,0.0001,0.0062,0.0061,0.0002,0.0153,0.0,0.0006,0.5529,28247.0,1.3741761590573366e-11,0.2721
"Vibration__augmented_dickey_fuller__attr_""teststat""__autolag_""AIC""",Vibration,-3.3489,-2.3291,1.0198,1.7127,1.9654,-3.6074,-2.4137,0.5514,27879.0,1.9007020464259257e-11,0.0434
Pressure__autocorrelation__lag_8,Pressure,-0.0237,0.0753,0.099,0.1963,0.1637,-0.0237,0.0833,0.5501,28030.0,3.1891393222802044e-11,0.056
Noise__ar_coefficient__coeff_5__k_10,Noise,-0.0662,0.103,0.1692,0.3042,0.312,-0.0709,0.092,0.5489,28140.0,4.632999981766183e-11,0.0
"Motor_Current__fft_coefficient__attr_""real""__coeff_12",Motor_Current,-0.0047,-1.3033,-1.2986,0.1947,3.2657,-0.0124,-1.0745,0.5487,54613.0,1.7863146805255234e-11,0.4777
Vibration__autocorrelation__lag_2,Vibration,0.1979,0.3568,0.159,0.3127,0.2673,0.1165,0.3822,0.5486,27197.0,1.7108526967834463e-12,0.1386
"Vibration__change_quantiles__f_agg_""mean""__isabs_False__qh_1.0__ql_0.4",Vibration,0.001,0.0213,0.0203,0.0042,0.0509,0.0007,0.0219,0.5483,24612.5,6.513084299703108e-17,0.4407
"Pressure__fft_coefficient__attr_""angle""__coeff_3",Pressure,18.3988,69.7957,51.3969,102.1109,87.3736,29.0711,93.3411,0.5428,29213.0,1.5128554497001858e-09,0.0383
Motor_Current__ar_coefficient__coeff_9__k_10,Motor_Current,-0.0563,0.1469,0.2032,0.3034,0.4297,-0.0666,0.1098,0.5421,27430.0,3.945475946699824e-12,0.0476
"Vibration__augmented_dickey_fuller__attr_""pvalue""__autolag_""AIC""",Vibration,0.1671,0.3572,0.19,0.3063,0.3881,0.0056,0.1379,0.5407,27879.0,1.9007020464259257e-11,0.0439
Noise__ar_coefficient__coeff_4__k_10,Noise,-0.1344,0.0342,0.1686,0.3082,0.3169,-0.1366,0.0494,0.5392,28125.0,4.4037456127912336e-11,0.0138
"Temperature__change_quantiles__f_agg_""mean""__isabs_False__qh_1.0__ql_0.2",Temperature,0.0036,0.0926,0.0889,0.0319,0.2295,0.0041,0.08,0.5309,27871.5,1.8521621278890848e-11,0.3682
Temperature__cid_ce__normalize_True,Temperature,6.2762,6.7891,0.5129,0.9524,0.9789,6.2772,6.8836,0.5307,28573.0,1.9573404780807243e-10,0.0758
Temperature__number_cwt_peaks__n_5,Temperature,2.8358,3.2159,0.3802,0.7035,0.7448,3.0,3.0,0.5241,30257.0,2.188204133239345e-09,0.0335
Noise__longest_strike_above_mean,Noise,4.7482,5.9203,1.1721,1.7019,2.6301,4.0,5.0,0.5241,30432.0,3.7561197423422514e-08,0.0359
Temperature__autocorrelation__lag_5,Temperature,-0.0274,0.0672,0.0946,0.1755,0.1855,-0.0322,0.0699,0.523,28648.0,2.500440937991482e-10,0.0825
Pressure__partial_autocorrelation__lag_3,Pressure,0.0196,0.1163,0.0967,0.1913,0.1793,0.0263,0.1129,0.5225,29703.0,6.76263441031006e-09,0.0451
Noise__partial_autocorrelation__lag_3,Noise,0.0068,0.1103,0.1035,0.2063,0.1917,-0.0137,0.1227,0.5205,28719.0,3.1487533262483566e-10,0.0
Temperature__partial_autocorrelation__lag_4,Temperature,-0.0712,0.0278,0.099,0.1846,0.1955,-0.0898,0.0311,0.5201,29762.0,8.066537037752788e-09,0.003
"Noise__change_quantiles__f_agg_""var""__isabs_False__qh_0.8__ql_0.6",Noise,0.0053,0.8292,0.824,0.0169,2.1894,0.0,0.0001,0.5201,27808.0,4.286075265638546e-14,0.1864
Vibration__partial_autocorrelation__lag_6,Vibration,-0.1882,-0.0668,0.1215,0.2751,0.188,-0.1865,-0.0748,0.5201,27751.0,1.2203072116010116e-11,0.0717
"Pressure__change_quantiles__f_agg_""var""__isabs_True__qh_0.8__ql_0.6",Pressure,0.0,0.0025,0.0025,0.0001,0.0065,0.0,0.0001,0.5196,28929.0,1.0154555701317868e-10,0.2241
"Pressure__fft_coefficient__attr_""real""__coeff_14",Pressure,-0.0115,-0.5252,-0.5137,0.1684,1.3604,-0.0177,-0.4508,0.5182,53566.0,5.781294358460716e-10,0.3783
Vibration__ar_coefficient__coeff_0__k_10,Vibration,0.3401,1.0419,0.7018,0.2728,1.8534,0.3148,0.7073,0.5182,30154.0,2.5467564537068993e-08,0.247
"Noise__change_quantiles__f_agg_""var""__isabs_True__qh_0.2__ql_0.0",Noise,0.02,0.7521,0.7321,0.0508,1.9556,0.0,0.0676,0.5172,22289.0,8.479456305545294e-24,0.1557
"Motor_Current__change_quantiles__f_agg_""var""__isabs_False__qh_0.6__ql_0.4",Motor_Current,0.0001,0.0162,0.016,0.0003,0.0429,0.0,0.0011,0.517,26047.0,1.8306965057610107e-15,0.2518
Temperature__lempel_ziv_complexity__bins_3,Temperature,0.4397,0.4227,-0.017,0.026,0.0382,0.4333,0.4333,0.5148,51490.5,4.03466495278979e-08,0.033
Temperature__ar_coefficient__coeff_10__k_10,Temperature,-0.1317,0.0459,0.1776,0.3119,0.3767,-0.1492,0.0568,0.5114,26701.0,2.762070836814901e-13,0.0775
"Vibration__fft_coefficient__attr_""angle""__coeff_3",Vibration,16.8589,66.0911,49.2322,107.3029,85.2867,32.4669,91.9124,0.5107,30960.0,2.4050386024410207e-07,0.0031
Noise__partial_autocorrelation__lag_5,Noise,-0.0432,0.0472,0.0903,0.1838,0.1721,-0.0499,0.0414,0.508,29478.0,3.425235701630066e-09,0.0308
"Noise__change_quantiles__f_agg_""mean""__isabs_False__qh_1.0__ql_0.2",Noise,0.0099,0.1694,0.1595,0.0687,0.4292,0.0138,0.158,0.5077,26155.5,3.463975385674908e-14,0.3211
Motor_Current__symmetry_looking__r_0.1,Motor_Current,0.9854,0.8472,-0.1382,0.1199,0.3598,1.0,1.0,0.5059,46937.0,4.371680148271147e-09,0.0303
Motor_Current__partial_autocorrelation__lag_8,Motor_Current,-0.1682,-0.0614,0.1068,0.2134,0.2093,-0.1671,-0.0538,0.5054,29514.0,3.822279484016243e-09,0.0
Temperature__fourier_entropy__bins_3,Temperature,0.6879,0.7931,0.1052,0.2205,0.1964,0.7029,0.8314,0.5051,29812.5,8.737087239604192e-09,0.0537
Temperature__symmetry_looking__r_0.05,Temperature,0.865,0.6545,-0.2105,0.3418,0.4755,1.0,1.0,0.5045,49916.5,4.802794093410022e-09,0.0077
"Pressure__fft_coefficient__attr_""real""__coeff_12",Pressure,0.0113,-0.4702,-0.4815,0.1682,1.3106,0.0179,-0.3944,0.504,53225.0,1.6921959425286817e-09,0.3624
"Pressure__change_quantiles__f_agg_""mean""__isabs_False__qh_0.6__ql_0.0",Pressure,0.0005,0.015,0.0145,0.008,0.0392,0.0006,0.0133,0.5034,26495.0,1.2718419245816574e-13,0.25
Vibration__ar_coefficient__coeff_5__k_10,Vibration,-0.079,0.0855,0.1645,0.2759,0.3696,-0.0805,0.047,0.5011,29549.0,4.251071136520731e-09,0.0331
Noise__ar_coefficient__coeff_8__k_10,Noise,-0.0691,0.1014,0.1705,0.2945,0.3795,-0.0703,0.0746,0.4992,29921.0,1.291777993244971e-08,0.0682
"Vibration__fft_coefficient__attr_""real""__coeff_12",Vibration,0.0026,-0.4049,-0.4075,0.0873,1.1258,0.0025,-0.3601,0.4989,52562.0,1.2580104760582028e-08,0.4393
"Pressure__fft_coefficient__attr_""angle""__coeff_5",Pressure,2.8513,53.7037,50.8524,103.9608,100.6705,5.9362,82.788,0.4973,29534.5,4.068026337368971e-09,0.0653
Pressure__has_duplicate_min,Pressure,0.2482,0.0731,-0.1751,0.432,0.2603,0.0,0.0,0.4965,48457.0,8.1381288705343e-09,0.0252
Temperature__ar_coefficient__coeff_7__k_10,Temperature,-0.1178,0.0411,0.1589,0.2662,0.3649,-0.1164,0.0196,0.4941,28830.0,4.5038492323504164e-10,0.0724
"Temperature__change_quantiles__f_agg_""var""__isabs_True__qh_1.0__ql_0.8",Temperature,0.0072,0.2904,0.2832,0.0148,0.7978,0.0009,0.0,0.4905,40448.0,0.6743275629907781,0.1846
Noise__autocorrelation__lag_8,Noise,-0.0215,0.0706,0.0921,0.2039,0.1726,-0.013,0.0974,0.4896,29601.0,4.975773974074061e-09,0.0587
Pressure__ar_coefficient__coeff_10__k_10,Pressure,-0.0744,0.0995,0.1739,0.2931,0.4046,-0.0605,0.1002,0.4887,28754.0,3.5261075682070754e-10,0.0473
Pressure__number_cwt_peaks__n_5,Pressure,3.0328,3.4053,0.3725,0.7416,0.783,3.0,3.0,0.4878,30867.0,2.105606139710346e-08,0.0512
"Noise__change_quantiles__f_agg_""var""__isabs_True__qh_0.8__ql_0.6",Noise,0.0017,0.2856,0.2839,0.0058,0.8047,0.0,0.0001,0.4876,27680.0,2.3004506745857976e-14,0.1678
"Pressure__change_quantiles__f_agg_""var""__isabs_True__qh_0.4__ql_0.2",Pressure,0.0,0.0014,0.0014,0.0001,0.0039,0.0,0.0001,0.4855,28227.5,5.4517815889862466e-12,0.1957
Temperature__ar_coefficient__coeff_2__k_10,Temperature,0.0458,-0.1052,-0.151,0.2916,0.3282,0.079,-0.1069,0.485,52445.0,1.772367758333784e-08,0.0634
"Temperature__cwt_coefficients__coeff_14__w_5__widths_(2, 5, 10, 20)",Temperature,8.9261,9.6861,0.76,0.6151,2.0911,8.8576,9.7182,0.4836,30100.0,2.17861622376159e-08,0.2384
Pressure__ar_coefficient__coeff_7__k_10,Pressure,-0.0488,0.1165,0.1653,0.2964,0.3801,-0.0658,0.0803,0.4823,30014.0,1.6964838148037852e-08,0.0239
Motor_Current__autocorrelation__lag_2,Motor_Current,0.1072,0.2242,0.117,0.2447,0.2419,0.073,0.2147,0.4812,29987.0,1.5677678720570627e-08,0.0592
Temperature__fourier_entropy__bins_10,Temperature,1.5122,1.6585,0.1463,0.3379,0.2719,1.5344,1.7002,0.4793,30328.5,4.1879909729455665e-08,0.0284
"Temperature__fft_coefficient__attr_""imag""__coeff_5",Temperature,0.0645,2.639,2.5744,1.0953,7.3529,0.052,2.2776,0.4791,30201.5,2.919942379392166e-08,0.3299
Motor_Current__partial_autocorrelation__lag_4,Motor_Current,-0.0425,0.0492,0.0917,0.1858,0.1966,-0.0502,0.0592,0.4788,30534.0,7.487729874086363e-08,0.0471
"Vibration__change_quantiles__f_agg_""var""__isabs_True__qh_0.4__ql_0.2",Vibration,0.0,0.0009,0.0009,0.0001,0.0025,0.0,0.0,0.4779,35235.0,0.0017681502983797942,0.1819
"Vibration__change_quantiles__f_agg_""var""__isabs_True__qh_0.6__ql_0.4",Vibration,0.0,0.0011,0.0011,0.0001,0.0031,0.0,0.0001,0.4772,31694.5,7.785670221134847e-07,0.2752
Motor_Current__large_standard_deviation__r_0.25,Motor_Current,0.3759,0.608,0.2321,0.4844,0.4882,0.0,1.0,0.4771,31667.5,2.8010295959668714e-08,0.0009
Vibration__energy_ratio_by_chunks__num_segments_10__segment_focus_4,Vibration,0.1015,0.0898,-0.0117,0.0203,0.0278,0.1003,0.093,0.4766,51075.0,7.641445007621599e-07,0.0171
"Temperature__change_quantiles__f_agg_""var""__isabs_False__qh_0.2__ql_0.0",Temperature,0.02,0.3712,0.3511,0.0381,1.0187,0.0019,0.0182,0.4761,32935.5,1.6852340109149923e-05,0.1456
"Temperature__fft_coefficient__attr_""real""__coeff_14",Temperature,-0.0155,-2.5977,-2.5822,1.1117,7.4354,0.0097,-1.9606,0.4751,52609.0,1.0951424509248828e-08,0.3108
"Noise__change_quantiles__f_agg_""mean""__isabs_False__qh_0.8__ql_0.0",Noise,0.0159,0.1446,0.1287,0.0679,0.3694,0.0182,0.129,0.4742,27184.0,1.6322559460126169e-12,0.3068
"Vibration__fft_coefficient__attr_""real""__coeff_13",Vibration,-0.0085,-0.3275,-0.3189,0.0882,0.9285,-0.0003,-0.3391,0.4728,56297.0,3.764665455523233e-14,0.4084
Pressure__ar_coefficient__coeff_9__k_10,Pressure,-0.0275,0.1393,0.1667,0.2994,0.3952,-0.0413,0.1566,0.4726,27131.0,1.3469696887205126e-12,0.0571
"Vibration__fft_coefficient__attr_""real""__coeff_10",Vibration,-0.0027,-0.348,-0.3453,0.091,1.0065,-0.0,-0.325,0.4724,52896.0,4.641451729233514e-09,0.4251
Temperature__ar_coefficient__coeff_8__k_10,Temperature,-0.1638,-0.0011,0.1627,0.2891,0.3892,-0.1784,0.0046,0.4712,28058.0,3.5081755059916894e-11,0.0195
"Vibration__fft_coefficient__attr_""real""__coeff_6",Vibration,-0.0228,-0.4237,-0.4009,0.0947,1.1765,-0.0259,-0.2276,0.4696,49220.0,6.020918236945608e-05,0.4292
"Vibration__change_quantiles__f_agg_""var""__isabs_True__qh_0.8__ql_0.6",Vibration,0.0,0.0017,0.0017,0.0001,0.005,0.0,0.0001,0.4679,31474.0,4.409397614073426e-07,0.2579
Motor_Current__kurtosis,Motor_Current,-0.0005,1.0793,1.0798,0.858,3.0865,-0.1301,0.1368,0.4674,33724.0,0.0001595152125851408,0.0237
Temperature__kurtosis,Temperature,-0.1254,0.6596,0.785,0.7666,2.2255,-0.3059,0.0149,0.4631,31999.0,3.4380216720485526e-06,0.0351
Motor_Current__partial_autocorrelation__lag_7,Motor_Current,-0.0668,0.0259,0.0927,0.1946,0.2052,-0.0571,0.0066,0.463,31793.0,2.0718646098269353e-06,0.024
Temperature__lempel_ziv_complexity__bins_5,Temperature,0.5197,0.5053,-0.0144,0.0248,0.0362,0.5333,0.5,0.46,50631.0,4.0766466837707094e-07,0.014
"Temperature__change_quantiles__f_agg_""var""__isabs_False__qh_1.0__ql_0.8",Temperature,0.0227,1.0347,1.012,0.0511,3.0551,0.0033,0.0,0.4578,40770.0,0.803660873213535,0.1986
"Motor_Current__fft_coefficient__attr_""real""__coeff_8",Motor_Current,-0.0237,-1.0812,-1.0574,0.2051,3.1942,-0.0307,-0.8319,0.4566,51275.0,4.5392823470298635e-07,0.4456
Motor_Current__ratio_beyond_r_sigma__r_1,Motor_Current,0.3226,0.2866,-0.036,0.0579,0.0947,0.3167,0.3,0.4542,48745.5,0.00013810231380530498,0.0459
"Noise__change_quantiles__f_agg_""var""__isabs_True__qh_0.4__ql_0.2",Noise,0.0025,0.0871,0.0847,0.0078,0.2575,0.0,0.0,0.4541,34142.0,5.194454414701801e-05,0.0808
"Vibration__fft_coefficient__attr_""imag""__coeff_7",Vibration,0.0097,0.3625,0.3528,0.1051,1.0708,0.0024,0.3122,0.4533,30282.0,3.6768126355679374e-08,0.4518
"Noise__change_quantiles__f_agg_""var""__isabs_False__qh_0.4__ql_0.2",Noise,0.007,0.2661,0.2591,0.0212,0.7899,0.0,0.0,0.4532,34192.0,6.115211525997082e-05,0.0989
Vibration__energy_ratio_by_chunks__num_segments_10__segment_focus_3,Vibration,0.0964,0.0845,-0.0119,0.023,0.0292,0.0973,0.0874,0.4522,52446.0,1.7672079113684292e-08,0.0431
"Vibration__fft_coefficient__attr_""real""__coeff_11",Vibration,-0.01,-0.3659,-0.3559,0.0868,1.0927,-0.007,-0.3418,0.4488,52769.0,6.803268919914544e-09,0.4381
Temperature__number_peaks__n_3,Temperature,2.9161,3.3023,0.3863,0.8693,0.8539,3.0,3.0,0.4485,31403.5,1.4347406713239446e-07,0.0
"Vibration__fft_coefficient__attr_""real""__coeff_7",Vibration,-0.0119,-0.3393,-0.3274,0.095,1.0062,-0.0075,-0.2457,0.4478,51885.0,8.726990499867958e-08,0.3859
"Temperature__change_quantiles__f_agg_""var""__isabs_False__qh_0.4__ql_0.2",Temperature,0.0021,0.0661,0.064,0.0048,0.1992,0.0,0.0,0.4442,35953.0,0.0028361151850034437,0.1038
"Vibration__fft_coefficient__attr_""real""__coeff_2",Vibration,0.0252,-0.3446,-0.3698,0.17,1.1391,0.0337,-0.2581,0.4442,51095.0,7.256841442348226e-07,0.3279
Noise__lempel_ziv_complexity__bins_3,Noise,0.4394,0.4252,-0.0142,0.0251,0.0375,0.4333,0.4333,0.4401,49634.5,6.998342928575922e-06,0.0182
"Noise__fft_coefficient__attr_""imag""__coeff_6",Noise,-0.1057,4.9212,5.0268,2.0534,15.6754,-0.0624,4.8176,0.4398,29560.0,4.395251624275328e-09,0.3662
"Temperature__change_quantiles__f_agg_""var""__isabs_False__qh_0.8__ql_0.6",Temperature,0.0039,0.1168,0.1129,0.0116,0.3562,0.0,0.0,0.438,36789.5,0.012874356857352083,0.0969
"Pressure__fft_coefficient__attr_""real""__coeff_10",Pressure,-0.0342,-0.4603,-0.4261,0.1851,1.3344,-0.0425,-0.39,0.4375,51452.5,2.8358712831474624e-07,0.3666
"Vibration__change_quantiles__f_agg_""var""__isabs_False__qh_0.8__ql_0.6",Vibration,0.0001,0.0055,0.0054,0.0003,0.0169,0.0,0.0002,0.4372,31794.0,1.1907110763249469e-06,0.2716
"Pressure__fft_coefficient__attr_""imag""__coeff_7",Pressure,0.0097,0.4843,0.4746,0.1865,1.4946,0.0045,0.3484,0.4357,30370.0,4.7217513307372533e-08,0.3467
"Vibration__change_quantiles__f_agg_""mean""__isabs_False__qh_0.6__ql_0.2",Vibration,0.0002,0.0177,0.0175,0.0043,0.0555,0.0,0.0133,0.4356,28528.0,1.6789085055470498e-10,0.3763
"Pressure__fft_coefficient__attr_""real""__coeff_11",Pressure,-0.0101,-0.4438,-0.4336,0.1738,1.3657,-0.0061,-0.4163,0.4356,52651.0,9.670808535382463e-09,0.3803
Motor_Current__ar_coefficient__coeff_7__k_10,Motor_Current,-0.0506,0.1161,0.1667,0.2875,0.4531,-0.0357,0.0726,0.4351,31393.0,7.524048546053767e-07,0.0638
Motor_Current__has_duplicate_max,Motor_Current,0.1496,0.0299,-0.1197,0.3567,0.1703,0.0,0.0,0.4349,46174.5,3.6910456368931634e-07,0.0409
Pressure__ar_coefficient__coeff_8__k_10,Pressure,-0.0694,0.101,0.1704,0.2953,0.4639,-0.0954,0.0555,0.434,30017.0,1.7114037003067505e-08,0.005
"Temperature__change_quantiles__f_agg_""mean""__isabs_False__qh_0.8__ql_0.0",Temperature,0.0045,0.0723,0.0679,0.0324,0.2141,0.0058,0.0586,0.4337,29106.5,1.0840311354736052e-09,0.3235
Temperature__ar_coefficient__coeff_1__k_10,Temperature,0.1336,-0.0046,-0.1382,0.2737,0.3569,0.1397,-0.0044,0.4319,51973.0,6.827895886468294e-08,0.0431
"Motor_Current__fft_coefficient__attr_""real""__coeff_10",Motor_Current,-0.0258,-0.9985,-0.9727,0.2121,3.1109,-0.02,-0.86,0.4312,51526.5,2.3255495442845383e-07,0.4499
Temperature__fourier_entropy__bins_100,Temperature,2.5091,2.5787,0.0696,0.1852,0.1367,2.5127,2.5993,0.4305,32417.0,8.061473537197575e-06,0.0293
Motor_Current__number_peaks__n_5,Motor_Current,1.3686,1.6811,0.3124,0.7294,0.7231,1.0,2.0,0.4303,32329.5,1.1366193739886034e-06,0.0
"Noise__fft_coefficient__attr_""real""__coeff_8",Noise,-0.1412,-4.7701,-4.6289,2.1819,14.748,0.0552,-4.9023,0.4295,51725.0,1.356841772726024e-07,0.3677
"Pressure__change_quantiles__f_agg_""var""__isabs_True__qh_0.6__ql_0.4",Pressure,0.0001,0.0012,0.0011,0.0001,0.0037,0.0,0.0,0.426,33784.5,8.737688547116992e-05,0.1678
Vibration__ar_coefficient__coeff_7__k_10,Vibration,-0.1051,0.0439,0.149,0.2878,0.3989,-0.1194,0.0633,0.4251,30121.0,2.3151918207699058e-08,0.0582
Pressure__number_peaks__n_3,Pressure,2.8102,3.1993,0.3891,0.9781,0.8627,3.0,3.0,0.4232,31872.0,6.244829403493845e-07,0.0
Pressure__partial_autocorrelation__lag_4,Pressure,-0.0169,0.0637,0.0806,0.1996,0.1817,-0.0336,0.0666,0.4232,31829.0,2.265282270959145e-06,0.0111
Noise__ar_coefficient__coeff_7__k_10,Noise,-0.0158,0.1264,0.1422,0.2809,0.3799,-0.0326,0.0944,0.4228,31070.0,3.227327615812095e-07,0.0186
Temperature__ratio_beyond_r_sigma__r_2.5,Temperature,0.0074,0.0151,0.0076,0.0142,0.0211,0.0,0.0,0.4215,33998.5,5.786442407591438e-06,0.0292
Vibration__lempel_ziv_complexity__bins_2,Vibration,0.3696,0.3569,-0.0127,0.0289,0.0314,0.3667,0.3667,0.4193,50555.0,6.432414542425195e-07,0.048
"Vibration__fft_coefficient__attr_""real""__coeff_8",Vibration,-0.0121,-0.3215,-0.3094,0.0891,1.0182,-0.009,-0.3282,0.4185,50718.0,1.8896477078539763e-06,0.4448
"Temperature__change_quantiles__f_agg_""var""__isabs_True__qh_0.2__ql_0.0",Temperature,0.0088,0.1429,0.1341,0.0209,0.4439,0.0005,0.0036,0.4172,33747.0,0.00010063567965448131,0.1144
Motor_Current__ratio_beyond_r_sigma__r_3,Motor_Current,0.0012,0.006,0.0048,0.0063,0.0147,0.0,0.0,0.4157,36268.0,1.4237797833662309e-06,0.0
Motor_Current__partial_autocorrelation__lag_3,Motor_Current,0.0289,0.1105,0.0816,0.2014,0.1921,0.0291,0.113,0.4153,31628.0,1.370730683044953e-06,0.0238
Vibration__value_count__value_1,Vibration,0.0,0.1196,0.1196,0.0,0.3981,0.0,0.0,0.4152,37401.0,2.3445598838191525e-07,0.0297
Temperature__number_peaks__n_5,Temperature,1.4526,1.7342,0.2817,0.6038,0.7398,1.0,2.0,0.4152,32211.0,6.256667801634184e-07,0.0621
"Vibration__fft_coefficient__attr_""real""__coeff_9",Vibration,-0.0108,-0.3451,-0.3342,0.0976,1.1104,-0.0129,-0.1595,0.4145,48937.0,0.00010894515580549015,0.3783
Motor_Current__ratio_beyond_r_sigma__r_2.5,Motor_Current,0.0091,0.0176,0.0085,0.0162,0.0238,0.0,0.0,0.4138,33999.0,1.1601756409533255e-05,0.0191
"Pressure__fft_coefficient__attr_""real""__coeff_3",Pressure,-0.0018,-0.4236,-0.4218,0.1791,1.4161,-0.0015,-0.4338,0.4087,51616.0,1.826166957668462e-07,0.3766
Temperature__energy_ratio_by_chunks__num_segments_10__segment_focus_6,Temperature,0.1001,0.1011,0.001,0.0008,0.0035,0.1001,0.1008,0.4083,33275.0,6.29595280395927e-05,0.2223
"Vibration__change_quantiles__f_agg_""var""__isabs_False__qh_0.4__ql_0.2",Vibration,0.0001,0.0031,0.003,0.0002,0.0101,0.0,0.0,0.4076,36234.5,0.009892389906932135,0.2221
"Vibration__agg_linear_trend__attr_""slope""__chunk_len_5__f_agg_""var""",Vibration,0.0,0.0037,0.0037,0.0001,0.0124,0.0,0.0029,0.4069,28901.0,5.653521034930096e-10,0.5989
"Pressure__fft_coefficient__attr_""real""__coeff_6",Pressure,-0.0042,-0.4495,-0.4452,0.1789,1.5068,0.0087,-0.2197,0.4058,48956.0,0.0001047559763908267,0.3414
"Noise__change_quantiles__f_agg_""var""__isabs_False__qh_0.6__ql_0.4",Noise,0.0051,0.2697,0.2646,0.0137,0.9038,0.0,0.0,0.4046,36258.0,0.0036771621457972205,0.1084
"Pressure__fft_coefficient__attr_""real""__coeff_9",Pressure,-0.0071,-0.406,-0.3989,0.1752,1.3537,0.0074,-0.3101,0.4042,50017.0,1.0215541622226227e-05,0.3492
"Noise__agg_linear_trend__attr_""slope""__chunk_len_10__f_agg_""var""",Noise,0.0047,1.4027,1.3981,0.0977,4.7835,0.0017,1.0718,0.4038,27973.0,2.6249351163950076e-11,0.5225
"Pressure__fft_coefficient__attr_""real""__coeff_13",Pressure,-0.0097,-0.3993,-0.3896,0.1624,1.33,-0.0026,-0.3474,0.4022,52376.0,2.1660246660266254e-08,0.3496
"Motor_Current__fft_coefficient__attr_""imag""__coeff_7",Motor_Current,0.0229,1.0318,1.0089,0.2113,3.4626,0.0141,0.7357,0.402,30708.0,1.2124806692146973e-07,0.4459
Temperature__fourier_entropy__bins_2,Temperature,0.4461,0.4975,0.0514,0.128,0.1281,0.3768,0.4826,0.4017,31648.5,7.865755737671038e-07,0.0593
Vibration__count_above_mean,Vibration,14.6934,13.7309,-0.9625,2.4793,2.3208,15.0,14.0,0.4015,49839.5,1.3159052517776993e-05,0.0315
"Vibration__agg_linear_trend__attr_""slope""__chunk_len_10__f_agg_""var""",Vibration,0.0001,0.0089,0.0088,0.0004,0.0303,0.0,0.0051,0.4011,31143.0,3.9164562694765115e-07,0.575
Vibration__cid_ce__normalize_True,Vibration,6.2159,5.5455,-0.6705,1.8298,1.5136,6.784,5.5674,0.4011,54046.0,1.2143500204004055e-10,0.1053
"Noise__agg_linear_trend__attr_""slope""__chunk_len_5__f_agg_""var""",Noise,0.0016,0.6084,0.6068,0.0413,2.1049,0.0022,0.5794,0.3983,28850.0,4.802324303921493e-10,0.5356
"Noise__fft_coefficient__attr_""real""__coeff_6",Noise,-0.28,-4.9067,-4.6267,2.3291,16.0348,-0.35,-3.9989,0.395,49974.0,1.1285732401191786e-05,0.3337
Noise__lempel_ziv_complexity__bins_5,Noise,0.5179,0.5056,-0.0122,0.0258,0.0351,0.5333,0.5,0.3942,48632.5,6.341915884591876e-05,0.0461
"Temperature__change_quantiles__f_agg_""var""__isabs_True__qh_0.6__ql_0.4",Temperature,0.0007,0.0142,0.0135,0.0021,0.0473,0.0,0.0,0.394,38398.5,0.09776394308746619,0.0597
"Temperature__change_quantiles__f_agg_""var""__isabs_True__qh_0.4__ql_0.2",Temperature,0.0008,0.0246,0.0238,0.002,0.0836,0.0,0.0,0.3935,36262.0,0.004847688680766339,0.1091
"Pressure__cwt_coefficients__coeff_0__w_2__widths_(2, 5, 10, 20)",Pressure,-0.0031,-0.0739,-0.0708,0.0311,0.2476,-0.001,-0.0669,0.3926,55523.0,6.978012609985836e-13,0.324
Motor_Current__longest_strike_above_mean,Motor_Current,5.208,6.3023,1.0943,2.4234,3.1026,5.0,6.0,0.3909,33173.0,4.3113558306795013e-05,0.0768
Temperature__partial_autocorrelation__lag_2,Temperature,0.1296,0.0594,-0.0702,0.1597,0.1973,0.1191,0.0472,0.3893,50758.0,1.7099983283671803e-06,0.0118
Noise__energy_ratio_by_chunks__num_segments_10__segment_focus_4,Noise,0.1,0.0982,-0.0019,0.0016,0.0065,0.1001,0.0974,0.3871,53301.0,1.3352897161494158e-09,0.3021
Pressure__kurtosis,Pressure,-0.0457,0.6765,0.7221,0.9344,2.4273,-0.2096,-0.0186,0.386,34496.0,0.0007046523478736126,0.042
"Noise__change_quantiles__f_agg_""var""__isabs_True__qh_0.6__ql_0.4",Noise,0.0011,0.0897,0.0886,0.0029,0.3172,0.0,0.0,0.3859,35875.0,0.0017329401751637438,0.1102
Noise__ratio_beyond_r_sigma__r_3,Noise,0.0012,0.0052,0.004,0.0063,0.013,0.0,0.0,0.3858,36699.0,6.406724297934531e-06,0.0064
"Vibration__fft_coefficient__attr_""real""__coeff_5",Vibration,-0.0089,-0.3262,-0.3174,0.0959,1.1355,-0.005,-0.27,0.385,51336.0,3.865011491021211e-07,0.3807
"Temperature__change_quantiles__f_agg_""var""__isabs_True__qh_0.8__ql_0.6",Temperature,0.0009,0.0362,0.0353,0.0022,0.1269,0.0,0.0,0.3848,36445.0,0.007236780849776883,0.1553
"Noise__fft_coefficient__attr_""imag""__coeff_7",Noise,0.0533,4.562,4.5087,2.3464,16.0737,0.0303,4.1243,0.384,31111.0,3.598481166695222e-07,0.3478
"Noise__fft_coefficient__attr_""real""__coeff_13",Noise,-0.1042,-3.8333,-3.7291,2.2568,13.2552,-0.0017,-2.4978,0.3838,50084.0,8.738867881495597e-06,0.2489
"Vibration__fft_coefficient__attr_""imag""__coeff_9",Vibration,0.0056,0.2827,0.277,0.0867,0.9952,0.0108,0.2483,0.3834,29881.0,1.1481409801675054e-08,0.4259
"Motor_Current__fft_coefficient__attr_""real""__coeff_11",Motor_Current,-0.0271,-0.8516,-0.8245,0.2273,2.9676,-0.0238,-0.5862,0.383,50615.0,2.4395987602558057e-06,0.4357
"Pressure__change_quantiles__f_agg_""mean""__isabs_False__qh_0.4__ql_0.0",Pressure,-0.0004,0.0144,0.0148,0.0128,0.0524,-0.0,0.0111,0.3808,30036.0,1.8082428286390383e-08,0.1975
"Pressure__fft_coefficient__attr_""real""__coeff_5",Pressure,-0.0072,-0.385,-0.3778,0.177,1.3644,-0.005,-0.31,0.3798,49639.0,2.415233840002026e-05,0.3439
Temperature__ratio_beyond_r_sigma__r_1,Temperature,0.3318,0.3061,-0.0257,0.0563,0.0769,0.3333,0.3,0.3783,48735.5,0.0001343995720388078,0.0269
"Temperature__fft_coefficient__attr_""angle""__coeff_3",Temperature,3.2092,42.2286,39.0194,105.9117,101.571,6.1161,68.3575,0.3764,32479.0,1.0750360210741775e-05,0.0156
"Temperature__fft_coefficient__attr_""real""__coeff_8",Temperature,-0.0995,-2.2686,-2.1691,1.0914,7.8961,0.015,-1.6854,0.3764,48673.0,0.00018617839662982922,0.3361
Pressure__ar_coefficient__coeff_4__k_10,Pressure,-0.0582,0.0626,0.1207,0.3119,0.3292,-0.0674,0.0392,0.376,32438.0,9.774190501936474e-06,0.0182
Noise__autocorrelation__lag_9,Noise,-0.0337,0.0367,0.0703,0.2083,0.1662,-0.0376,0.0347,0.3751,32971.0,3.2639233552272225e-05,0.0392
Motor_Current__number_peaks__n_3,Motor_Current,2.7993,3.1528,0.3536,0.9665,0.9276,3.0,3.0,0.3736,33136.5,1.777057967297552e-05,0.0138
Noise__kurtosis,Noise,-0.0686,0.4424,0.5109,0.7916,1.7353,-0.2466,-0.1007,0.3731,36591.0,0.019552850747951954,0.0505
"Temperature__fft_coefficient__attr_""imag""__coeff_6",Temperature,-0.0721,2.0621,2.1342,1.1365,7.8377,-0.0224,1.7868,0.3728,31313.0,6.115538004122339e-07,0.3607
"Motor_Current__fft_coefficient__attr_""real""__coeff_9",Motor_Current,-0.0153,-0.8483,-0.833,0.2068,3.085,-0.0153,-0.7848,0.3724,51803.0,1.0950479276717992e-07,0.442
Temperature__lempel_ziv_complexity__bins_10,Temperature,0.6134,0.6017,-0.0117,0.0272,0.035,0.6333,0.6,0.3719,48988.5,3.186296212442548e-05,0.0
"Vibration__fft_coefficient__attr_""imag""__coeff_10",Vibration,0.0107,0.2569,0.2461,0.0853,0.9159,0.0173,0.1905,0.3699,32718.5,1.8594270557845888e-05,0.3931
"Vibration__change_quantiles__f_agg_""var""__isabs_False__qh_0.6__ql_0.4",Vibration,0.0001,0.0034,0.0033,0.0002,0.0125,0.0,0.0002,0.3699,32016.0,1.9831363488128614e-06,0.2697
"Noise__fft_coefficient__attr_""real""__coeff_10",Noise,-0.1259,-3.9886,-3.8627,2.1347,14.3285,-0.1525,-3.615,0.3689,50239.0,6.064242399515752e-06,0.355
Noise__number_cwt_peaks__n_5,Noise,3.146,3.4286,0.2826,0.6945,0.8267,3.0,3.0,0.3686,33249.5,1.423766719229812e-05,0.0068
"Vibration__cwt_coefficients__coeff_0__w_2__widths_(2, 5, 10, 20)",Vibration,-0.0018,-0.0518,-0.0501,0.0192,0.1869,-0.0006,-0.0529,0.3685,51097.0,7.219423437120589e-07,0.3844
Noise__ar_coefficient__coeff_9__k_10,Noise,-0.0263,0.1005,0.1267,0.3122,0.373,-0.0476,0.0969,0.367,32120.0,4.606916055176561e-06,0.0116
Motor_Current__ar_coefficient__coeff_4__k_10,Motor_Current,-0.078,0.0552,0.1332,0.3097,0.4092,-0.0763,0.0221,0.3649,33006.0,3.524379555908343e-05,0.0389
Motor_Current__partial_autocorrelation__lag_2,Motor_Current,0.0345,0.1085,0.074,0.205,0.2015,0.0346,0.0996,0.3645,33026.0,3.6819508844917165e-05,0.035
"Noise__fft_coefficient__attr_""real""__coeff_12",Noise,0.0314,-3.7574,-3.7889,2.1749,14.2372,0.0101,-2.9201,0.3639,48329.0,0.00036500307492427677,0.3313
"Noise__cwt_coefficients__coeff_0__w_2__widths_(2, 5, 10, 20)",Noise,-0.0016,-0.6389,-0.6373,0.3874,2.3934,-0.0218,-0.6497,0.3637,53187.0,1.9039531158211556e-09,0.2771
Noise__symmetry_looking__r_0.05,Noise,0.8431,0.691,-0.152,0.3637,0.4621,1.0,1.0,0.3636,47506.5,1.8623066212900974e-05,0.0299
"Vibration__fft_coefficient__attr_""real""__coeff_15",Vibration,-0.0095,-0.3794,-0.3698,0.1285,1.4071,-0.0,-0.32,0.3619,48729.0,0.00016637220132114573,0.3989
"Vibration__change_quantiles__f_agg_""mean""__isabs_False__qh_1.0__ql_0.6",Vibration,0.0007,0.0224,0.0217,0.006,0.083,0.0,0.0225,0.3603,29795.5,8.897730044274408e-09,0.4157
"Motor_Current__change_quantiles__f_agg_""mean""__isabs_False__qh_0.8__ql_0.2",Motor_Current,0.0004,0.0276,0.0272,0.0076,0.1042,-0.0,0.0258,0.36,25501.5,2.6072500588916614e-15,0.407
"Pressure__fft_coefficient__attr_""imag""__coeff_10",Pressure,-0.0077,0.328,0.3358,0.1874,1.2773,-0.013,0.3637,0.3598,32035.5,3.7567084475702884e-06,0.3621
Pressure__number_peaks__n_5,Pressure,1.4307,1.691,0.2604,0.7279,0.7251,1.0,2.0,0.3584,33764.0,4.2649836420014736e-05,0.0387
Temperature__ratio_beyond_r_sigma__r_3,Temperature,0.0012,0.0051,0.0039,0.0063,0.0137,0.0,0.0,0.3583,37232.0,3.75392160865188e-05,0.0419
"Pressure__fft_coefficient__attr_""real""__coeff_2",Pressure,-0.0277,-0.4754,-0.4477,0.1868,1.7194,-0.0228,-0.3207,0.3579,49842.0,1.528051001098567e-05,0.3334
"Noise__fft_coefficient__attr_""real""__coeff_5",Noise,-0.034,-4.1009,-4.0669,2.0886,15.6131,-0.0825,-3.605,0.3571,50098.0,8.457204512890322e-06,0.3288
Noise__binned_entropy__max_bins_10,Noise,2.06,2.0101,-0.0498,0.1096,0.1632,2.0707,2.055,0.3554,47118.5,0.003118406948163723,0.0388
Noise__lempel_ziv_complexity__bins_10,Noise,0.6158,0.6042,-0.0116,0.0278,0.0366,0.6333,0.6,0.3549,47803.0,0.00044464837480627143,0.009
"Vibration__fft_coefficient__attr_""angle""__coeff_5",Vibration,12.8631,49.6129,36.7498,106.2176,103.0656,30.0,85.147,0.3514,32615.0,1.4699045706106927e-05,0.0687
Pressure__ratio_beyond_r_sigma__r_1,Pressure,0.3282,0.302,-0.0262,0.0683,0.0801,0.3333,0.3,0.3511,47382.0,0.0017986581587265149,0.0133
"Motor_Current__fft_coefficient__attr_""imag""__coeff_10",Motor_Current,0.0184,0.7692,0.7507,0.2188,2.9481,0.0173,0.7708,0.351,30964.0,2.431010888124682e-07,0.4586
Noise__fourier_entropy__bins_10,Noise,1.7005,1.5963,-0.1042,0.2356,0.3449,1.7214,1.6462,0.3497,47552.0,0.0015037591126344377,0.0269
"Pressure__fft_coefficient__attr_""real""__coeff_7",Pressure,-0.0124,-0.4113,-0.3989,0.1865,1.5682,-0.0196,-0.3865,0.3493,51380.0,3.439842729969031e-07,0.3693
"Vibration__fft_coefficient__attr_""imag""__coeff_8",Vibration,0.0004,0.2631,0.2627,0.0929,1.0366,-0.0075,0.1746,0.349,33660.0,0.00014013232603062294,0.3951
"Temperature__change_quantiles__f_agg_""var""__isabs_False__qh_0.6__ql_0.4",Temperature,0.0022,0.045,0.0428,0.0058,0.1697,0.0,0.0,0.348,38539.5,0.11663141534537436,0.0646
"Temperature__fft_coefficient__attr_""real""__coeff_12",Temperature,0.0729,-1.8886,-1.9615,1.0975,7.7761,0.0964,-1.6832,0.3455,49408.0,4.017379361067092e-05,0.3259
"Motor_Current__cwt_coefficients__coeff_0__w_2__widths_(2, 5, 10, 20)",Motor_Current,-0.0025,-0.1464,-0.1438,0.0359,0.577,-0.0015,-0.1099,0.3439,55847.0,2.093162649871974e-13,0.3936
"Noise__fft_coefficient__attr_""real""__coeff_9",Noise,-0.0622,-4.0345,-3.9723,2.1883,15.8407,0.1505,-4.1596,0.3436,50139.0,7.681390803978444e-06,0.3294
"Motor_Current__fft_coefficient__attr_""real""__coeff_3",Motor_Current,-0.0161,-0.8514,-0.8352,0.2229,3.3564,-0.0235,-0.539,0.3432,50007.0,1.0455412669432865e-05,0.4109
"Motor_Current__fft_coefficient__attr_""real""__coeff_13",Motor_Current,-0.0184,-0.8185,-0.8001,0.231,3.2194,-0.0119,-0.7823,0.3427,52143.0,4.227284166314134e-08,0.4552
"Noise__fft_coefficient__attr_""real""__coeff_11",Noise,-0.0953,-3.7521,-3.6567,2.18,14.6543,-0.1479,-3.2292,0.3414,49660.0,2.3045854051993068e-05,0.329
"Vibration__fft_coefficient__attr_""real""__coeff_3",Vibration,-0.0162,-0.2918,-0.2756,0.1052,1.1112,-0.0177,-0.2559,0.3414,50398.0,4.143526301277745e-06,0.4136
"Pressure__fft_coefficient__attr_""angle""__coeff_4",Pressure,13.3145,47.6337,34.3191,101.6846,100.4031,20.8109,83.7027,0.3397,33153.0,4.849758161569554e-05,0.0073
Noise__fourier_entropy__bins_2,Noise,0.5023,0.4562,-0.0461,0.1211,0.1506,0.4826,0.4826,0.3359,47963.5,0.0005954578560118164,0.0038
Pressure__energy_ratio_by_chunks__num_segments_10__segment_focus_4,Pressure,0.0998,0.0984,-0.0014,0.0012,0.0056,0.0998,0.0977,0.3346,53804.0,2.685951483020993e-10,0.3011
"Motor_Current__fft_coefficient__attr_""real""__coeff_5",Motor_Current,-0.018,-0.821,-0.8029,0.2134,3.31,-0.005,-0.635,0.3346,51137.0,6.508938262481544e-07,0.464
Pressure__partial_autocorrelation__lag_7,Pressure,-0.0728,-0.0094,0.0634,0.1886,0.1906,-0.0678,-0.013,0.3342,33740.0,0.00016474088863281674,0.0179
Noise__fourier_entropy__bins_5,Noise,1.2142,1.1233,-0.0909,0.2158,0.3148,1.244,1.1602,0.3341,46868.5,0.004641488857454659,0.0093
Pressure__number_peaks__n_1,Pressure,8.135,8.6246,0.4895,1.5777,1.3647,8.0,9.0,0.333,33290.5,4.492260676311654e-05,0.0251
Pressure__partial_autocorrelation__lag_5,Pressure,-0.0212,0.0409,0.0621,0.1893,0.1838,-0.0194,0.0426,0.3329,34567.0,0.0008020738789547346,0.0257
"Noise__agg_linear_trend__attr_""rvalue""__chunk_len_10__f_agg_""var""",Noise,0.0182,0.2445,0.2264,0.7105,0.6525,0.0125,0.3856,0.3325,33763.0,0.0001725355952311853,0.0
"Motor_Current__fft_coefficient__attr_""real""__coeff_6",Motor_Current,-0.0148,-0.8307,-0.8159,0.2316,3.409,-0.0254,-0.5089,0.3301,48839.0,0.00013318165261471358,0.4482
"Temperature__change_quantiles__f_agg_""mean""__isabs_False__qh_1.0__ql_0.4",Temperature,0.0053,0.1086,0.1033,0.0444,0.4305,0.0059,0.1008,0.33,30751.0,1.3642822476685588e-07,0.3554
Pressure__benford_correlation,Pressure,-0.1211,-0.1918,-0.0707,0.0388,0.2944,-0.1453,-0.2638,0.3291,71883.0,1.1615050437309636e-53,0.5643
Vibration__number_cwt_peaks__n_5,Vibration,3.5584,3.9003,0.3419,1.0386,1.0737,4.0,4.0,0.3235,34279.0,0.0002563031302732841,0.0164
"Noise__fft_coefficient__attr_""real""__coeff_7",Noise,-0.1166,-3.6597,-3.5431,2.0199,15.0135,-0.1087,-3.0851,0.3235,48531.0,0.0002466636024988312,0.3626
"Noise__fft_coefficient__attr_""angle""__coeff_4",Noise,8.8203,42.4056,33.5853,106.6621,101.9004,32.2162,73.1154,0.3223,33594.0,0.00012248117415434326,0.0409
Noise__fourier_entropy__bins_100,Noise,2.5942,2.5464,-0.0478,0.1123,0.1748,2.5993,2.5993,0.3223,46555.5,0.0069580476355458505,0.0386
"Noise__fft_coefficient__attr_""real""__coeff_3",Noise,-0.1394,-3.548,-3.4087,2.3375,14.4748,-0.0463,-3.5283,0.3217,47746.0,0.0010710736705487741,0.3313
"Motor_Current__fft_coefficient__attr_""angle""__coeff_6",Motor_Current,9.7798,43.7159,33.9361,107.8063,103.5334,21.1623,71.8331,0.3214,33737.0,0.00016374896593835268,0.0332
Temperature__autocorrelation__lag_3,Temperature,0.1659,0.1015,-0.0644,0.1813,0.2166,0.1698,0.1041,0.3211,48574.0,0.00022663626890346986,0.0461
Pressure__fourier_entropy__bins_10,Pressure,1.6936,1.5913,-0.1023,0.278,0.3526,1.7404,1.6844,0.3205,47370.5,0.002051361414040216,0.0192
"Motor_Current__fft_coefficient__attr_""angle""__coeff_3",Motor_Current,19.7618,52.1319,32.37,104.1351,98.3397,28.36,84.8098,0.32,33431.0,8.744241913103086e-05,0.0427
"Motor_Current__fft_coefficient__attr_""real""__coeff_7",Motor_Current,-0.0195,-0.8348,-0.8153,0.2007,3.5182,-0.029,-0.5765,0.3198,50059.0,9.264272203452515e-06,0.4436
"Vibration__change_quantiles__f_agg_""mean""__isabs_False__qh_0.8__ql_0.4",Vibration,0.0003,0.0143,0.014,0.0047,0.0604,0.0,0.0133,0.3186,29614.5,5.173290506778836e-09,0.3742
"Vibration__change_quantiles__f_agg_""mean""__isabs_False__qh_0.2__ql_0.0",Vibration,-0.0017,0.0188,0.0205,0.011,0.0886,0.0,0.006,0.3174,31294.0,5.30820311978872e-07,0.1891
Vibration__longest_strike_above_mean,Vibration,6.3248,7.5017,1.1768,3.7747,3.6533,5.0,7.0,0.3171,32034.5,3.255129410964256e-06,0.0664
"Temperature__fft_coefficient__attr_""real""__coeff_10",Temperature,-0.0951,-1.8053,-1.7103,1.1152,7.3914,-0.0325,-1.795,0.3165,49864.5,1.4515566445317881e-05,0.3343
Pressure__lempel_ziv_complexity__bins_10,Pressure,0.6089,0.5969,-0.012,0.031,0.0433,0.6,0.6,0.3158,46356.0,0.006911637783801165,0.0646
"Noise__fft_coefficient__attr_""imag""__coeff_9",Noise,0.0292,3.2902,3.261,2.2248,14.1178,0.0003,2.3041,0.3157,33843.0,0.00020243430150706775,0.2923
"Noise__fft_coefficient__attr_""imag""__coeff_8",Noise,0.0473,3.6363,3.589,1.9446,15.6935,0.0099,3.4869,0.3139,33638.0,0.00013399824493481549,0.3674
"Motor_Current__fft_coefficient__attr_""angle""__coeff_5",Motor_Current,9.372,42.4842,33.1122,106.0051,105.2144,19.5703,80.3538,0.3136,33512.0,0.00010346495164952651,0.0482
Pressure__fourier_entropy__bins_3,Pressure,0.8037,0.7336,-0.0702,0.1915,0.25,0.8314,0.8305,0.3132,46893.0,0.0044020932125080825,0.0067
Pressure__fourier_entropy__bins_5,Pressure,1.1998,1.1093,-0.0905,0.2503,0.321,1.244,1.1574,0.3125,47198.0,0.002730341282490675,0.006
"Pressure__fft_coefficient__attr_""imag""__coeff_9",Pressure,0.0099,0.3279,0.318,0.1738,1.4011,0.0118,0.292,0.3115,31603.0,1.28681898789192e-06,0.3853
"Noise__fft_coefficient__attr_""angle""__coeff_5",Noise,9.8421,42.4032,32.5612,104.2571,105.131,20.5273,77.555,0.3109,33574.0,0.00011756060601440742,0.0466
Temperature__ar_coefficient__coeff_9__k_10,Temperature,-0.0693,0.0361,0.1053,0.287,0.3819,-0.0828,0.0633,0.3098,31751.0,1.866237708918244e-06,0.0418
"Temperature__agg_linear_trend__attr_""slope""__chunk_len_5__f_agg_""var""",Temperature,0.0009,0.1617,0.1608,0.0134,0.7189,-0.0004,0.1445,0.3091,30904.0,2.0682659597878248e-07,0.5594
"Pressure__fft_coefficient__attr_""real""__coeff_15",Pressure,-0.0122,-0.427,-0.4149,0.2724,1.8404,0.0,-0.37,0.3085,49411.5,3.98619556859685e-05,0.3093
Pressure__symmetry_looking__r_0.1,Pressure,0.9891,0.9269,-0.0621,0.1041,0.2603,1.0,1.0,0.3083,43799.5,0.0002668890859465533,0.0219
Vibration__fourier_entropy__bins_2,Vibration,0.4538,0.4066,-0.0472,0.1517,0.1549,0.4826,0.3768,0.3077,48326.5,0.0002687864389803941,0.0
Pressure__fourier_entropy__bins_2,Pressure,0.498,0.4543,-0.0438,0.1291,0.1541,0.4826,0.4826,0.3066,47390.5,0.0017008640310029518,0.0069
Vibration__lempel_ziv_complexity__bins_3,Vibration,0.432,0.4217,-0.0103,0.0285,0.0377,0.4333,0.4333,0.3061,46987.5,0.0021783673248519926,0.0
"Noise__cwt_coefficients__coeff_1__w_10__widths_(2, 5, 10, 20)",Noise,16.5698,17.626,1.0562,0.6775,4.7307,16.6317,16.9396,0.3057,38142.0,0.11987705242717976,0.3511
Temperature__autocorrelation__lag_4,Temperature,0.0626,0.1202,0.0576,0.1871,0.1901,0.0652,0.1121,0.3051,34393.0,0.0005827248227377762,0.0164
"Noise__fft_coefficient__attr_""real""__coeff_2",Noise,-0.0161,-3.2248,-3.2086,2.3158,14.4522,0.0682,-2.858,0.3033,48912.0,0.00011469837889785118,0.3327
"Vibration__agg_linear_trend__attr_""rvalue""__chunk_len_5__f_agg_""var""",Vibration,0.0389,0.1767,0.1378,0.4544,0.4573,0.0374,0.2298,0.3022,33959.0,0.00025453060259844525,0.0091
"Motor_Current__change_quantiles__f_agg_""mean""__isabs_False__qh_0.2__ql_0.0",Motor_Current,-0.0003,0.0384,0.0386,0.0272,0.1753,0.0,0.02,0.3014,31681.5,1.5318376223942352e-06,0.2504
Pressure__ar_coefficient__coeff_3__k_10,Pressure,-0.0287,0.0629,0.0916,0.2942,0.3175,-0.0669,0.0529,0.2986,33523.0,0.00010584340599969552,0.0
"Temperature__change_quantiles__f_agg_""mean""__isabs_False__qh_0.6__ql_0.0",Temperature,0.0022,0.0631,0.0609,0.0482,0.2787,0.0003,0.044,0.2982,32318.0,7.380012040234389e-06,0.2351
"Temperature__fft_coefficient__attr_""imag""__coeff_7",Temperature,0.0334,1.7572,1.7238,1.1036,7.9308,0.0189,1.537,0.2978,33552.0,0.00011236352639996433,0.3601
"Vibration__fft_coefficient__attr_""angle""__coeff_4",Vibration,14.5729,44.733,30.1601,105.3398,98.8623,23.9994,78.3036,0.2957,34508.0,0.0007203054005081062,0.0214
"Noise__fft_coefficient__attr_""real""__coeff_15",Noise,0.023,-4.2435,-4.2665,3.0719,19.8566,-0.06,-3.58,0.2938,48443.0,0.0002929316386852228,0.3356
Pressure__has_duplicate,Pressure,1.0,0.9568,-0.0432,0.0,0.2033,1.0,1.0,0.2936,43018.0,0.0005097154450003717,0.0158
"Noise__agg_linear_trend__attr_""rvalue""__chunk_len_5__f_agg_""var""",Noise,0.028,0.1519,0.1239,0.4137,0.4306,0.0314,0.1978,0.2932,33955.0,0.00025254208652270135,0.0
"Temperature__cwt_coefficients__coeff_0__w_2__widths_(2, 5, 10, 20)",Temperature,-0.0224,-0.2998,-0.2774,0.2296,1.2987,-0.0179,-0.2383,0.2911,50691.0,2.0210176596235865e-06,0.2568
Motor_Current__ar_coefficient__coeff_6__k_10,Motor_Current,-0.0589,0.0508,0.1097,0.3145,0.4274,-0.036,0.0138,0.2903,35035.0,0.0018278699828266182,0.006
"Temperature__fft_coefficient__attr_""real""__coeff_2",Temperature,-0.016,-1.9671,-1.9511,2.4366,8.9987,-0.223,-1.7049,0.2901,48484.0,0.0002704469229600316,0.2074
Pressure__binned_entropy__max_bins_10,Pressure,2.027,1.9782,-0.0487,0.1176,0.2036,2.0336,2.0343,0.2898,44128.5,0.14621694971204618,0.025
"Temperature__agg_autocorrelation__f_agg_""median""__maxlag_40",Temperature,-0.0725,-0.0968,-0.0244,0.0783,0.0893,-0.0631,-0.079,0.2892,47679.0,0.0012058796903696687,0.0
Motor_Current__energy_ratio_by_chunks__num_segments_10__segment_focus_4,Motor_Current,0.0998,0.0982,-0.0016,0.0008,0.0077,0.0998,0.0971,0.2888,52847.0,5.381871517395278e-09,0.4368
"Motor_Current__fft_coefficient__attr_""real""__coeff_1",Motor_Current,0.0398,-0.6389,-0.6787,0.26,3.2537,0.0506,-0.3165,0.2875,46360.0,0.010036801780105,0.4001
Vibration__partial_autocorrelation__lag_7,Vibration,-0.1216,-0.056,0.0656,0.2375,0.2196,-0.1227,-0.0637,0.2871,34467.0,0.0006681197319366418,0.0289
Pressure__ar_coefficient__coeff_6__k_10,Pressure,-0.0464,0.0517,0.0981,0.3071,0.3708,-0.0318,0.0414,0.2868,35085.0,0.0019899222793764307,0.0012
Noise__fourier_entropy__bins_3,Noise,0.8118,0.7519,-0.0599,0.1779,0.2346,0.8314,0.8305,0.2858,46245.5,0.011672774747838639,0.019
Temperature__number_peaks__n_10,Temperature,0.4672,0.3289,-0.1382,0.4989,0.4698,0.0,0.0,0.2857,46938.0,0.0007142288491347644,0.0
Vibration__ratio_beyond_r_sigma__r_1.5,Vibration,0.1373,0.1247,-0.0127,0.0479,0.0408,0.1333,0.1333,0.2854,47152.5,0.002292018394790084,0.0056
Pressure__ratio_beyond_r_sigma__r_2.5,Pressure,0.01,0.0155,0.0055,0.017,0.0213,0.0,0.0,0.2853,36014.5,0.00149018770324481,0.0
Vibration__fourier_entropy__bins_3,Vibration,0.7291,0.6538,-0.0754,0.2535,0.2742,0.8305,0.7029,0.2849,47841.0,0.0008609612976949454,0.0246
Pressure__ratio_beyond_r_sigma__r_3,Pressure,0.0016,0.0045,0.003,0.0071,0.0127,0.0,0.0,0.2849,38098.5,0.0012353006251953173,0.0123
"Motor_Current__cwt_coefficients__coeff_1__w_10__widths_(2, 5, 10, 20)",Motor_Current,3.1364,3.3422,0.2058,0.096,0.9963,3.1533,3.2093,0.2842,38492.0,0.16777746335689414,0.4268
Vibration__ar_coefficient__coeff_4__k_10,Vibration,-0.0633,0.0235,0.0868,0.2836,0.3243,-0.0594,0.0169,0.2841,34663.0,0.0009537409515663596,0.0079
"Noise__fft_coefficient__attr_""angle""__coeff_6",Noise,-5.2108,26.4483,31.6592,110.8947,112.1845,-5.5552,58.5435,0.2838,34703.0,0.001024449202808007,0.0
"Pressure__cwt_coefficients__coeff_6__w_2__widths_(2, 5, 10, 20)",Pressure,0.2071,0.2774,0.0703,0.043,0.34,0.2066,0.2468,0.2836,36502.0,0.01733375564830013,0.3558
"Motor_Current__fft_coefficient__attr_""real""__coeff_2",Motor_Current,-0.0106,-0.7234,-0.7128,0.2671,3.4888,0.0047,-0.4628,0.2816,47164.0,0.002895234479339791,0.4319
"Pressure__change_quantiles__f_agg_""mean""__isabs_False__qh_0.8__ql_0.2",Pressure,-0.0001,0.0096,0.0097,0.0061,0.0472,-0.0,0.0092,0.2806,29948.5,1.4002685314184004e-08,0.306
Noise__ratio_beyond_r_sigma__r_1,Noise,0.3321,0.312,-0.0202,0.0603,0.0812,0.3333,0.3333,0.2799,46637.5,0.006074444278660734,0.0194
Vibration__lempel_ziv_complexity__bins_5,Vibration,0.5097,0.5003,-0.0094,0.0277,0.0383,0.5,0.5,0.2794,45812.5,0.014273646278225558,0.0156
Vibration__binned_entropy__max_bins_10,Vibration,1.9717,2.0162,0.0445,0.1485,0.1689,1.9886,2.0579,0.2789,32046.5,3.85747662036457e-06,0.0326
"Temperature__fft_coefficient__attr_""real""__coeff_11",Temperature,-0.0399,-1.4996,-1.4596,1.0724,7.1661,-0.0198,-1.3666,0.2787,48336.0,0.00036013852357730795,0.3159
Pressure__permutation_entropy__dimension_6__tau_1,Pressure,3.1992,3.1871,-0.0121,0.0367,0.0488,3.2189,3.2189,0.2778,46426.0,0.0017439137115330544,0.0363
"Vibration__fft_coefficient__attr_""angle""__coeff_6",Vibration,15.6003,45.7637,30.1634,112.5898,105.2361,39.8302,78.9965,0.2772,35408.0,0.003396246208710348,0.0484
"Motor_Current__fft_coefficient__attr_""real""__coeff_15",Motor_Current,-0.02,-0.8968,-0.8768,0.2935,4.3765,0.0,-0.56,0.2763,46392.5,0.009572395863495734,0.4186
"Pressure__agg_linear_trend__attr_""rvalue""__chunk_len_5__f_agg_""var""",Pressure,-0.008,0.119,0.127,0.4466,0.4736,0.04,0.1521,0.2755,34647.0,0.0009267451604039212,0.0235
"Motor_Current__fft_coefficient__attr_""real""__coeff_4",Motor_Current,-0.0058,-0.606,-0.6002,0.2134,3.0172,-0.0152,-0.3219,0.2743,47154.0,0.0029430764813070365,0.414
"Pressure__fft_coefficient__attr_""imag""__coeff_8",Pressure,0.0236,0.3177,0.2941,0.1662,1.4743,0.0226,0.2877,0.2741,34572.0,0.0008093852981330942,0.3749
Noise__ar_coefficient__coeff_6__k_10,Noise,-0.078,0.0128,0.0908,0.2982,0.3605,-0.0883,-0.0098,0.2732,35098.0,0.0020341634057724914,0.0152
Pressure__partial_autocorrelation__lag_9,Pressure,-0.0613,0.0004,0.0617,0.2352,0.2177,-0.0752,0.0068,0.2729,34372.0,0.0005604106239380899,0.0424
"Pressure__fft_coefficient__attr_""angle""__coeff_7",Pressure,-3.2813,26.493,29.7742,106.0918,112.8524,5.6546,55.0276,0.2715,34458.0,0.0006571451278278639,0.0
Vibration__ar_coefficient__coeff_9__k_10,Vibration,-0.0714,0.0308,0.1023,0.3006,0.4348,-0.074,0.065,0.2713,31418.0,8.02495609603449e-07,0.0639
"Temperature__agg_linear_trend__attr_""rvalue""__chunk_len_5__f_agg_""var""",Temperature,0.0152,0.144,0.1288,0.4845,0.4701,-0.0204,0.197,0.27,34934.0,0.001536898372515789,0.0
"Motor_Current__fft_coefficient__attr_""imag""__coeff_9",Motor_Current,0.0091,0.6631,0.654,0.1885,3.3424,0.0051,0.6224,0.27,33276.0,6.309341823133987e-05,0.483
"Motor_Current__change_quantiles__f_agg_""mean""__isabs_False__qh_0.6__ql_0.2",Motor_Current,0.0006,0.02,0.0194,0.0093,0.0998,0.0,0.026,0.2677,28288.5,7.62209814335198e-11,0.3821
Noise__permutation_entropy__dimension_3__tau_1,Noise,1.7311,1.7172,-0.0139,0.0474,0.056,1.742,1.7298,0.2666,47246.5,0.0025151218512765197,0.0
"Temperature__fft_coefficient__attr_""real""__coeff_9",Temperature,0.0039,-1.4406,-1.4445,1.0834,7.4677,-0.0383,-1.1993,0.2648,47806.0,0.000962325367888196,0.2865
"Noise__fft_coefficient__attr_""real""__coeff_4",Noise,-0.1546,-3.0553,-2.9007,2.2801,15.0156,-0.1742,-1.6784,0.2642,45914.0,0.018753242608083358,0.3057
"Temperature__cwt_coefficients__coeff_6__w_2__widths_(2, 5, 10, 20)",Temperature,2.5453,2.9235,0.3782,0.3503,1.9522,2.553,2.7541,0.2639,36261.0,0.012395620836549569,0.2525
"Pressure__fft_coefficient__attr_""real""__coeff_1",Pressure,0.0128,-0.2741,-0.2869,0.2417,1.4864,0.0151,-0.1034,0.2636,45077.0,0.053640865122769846,0.2999
"Noise__change_quantiles__f_agg_""mean""__isabs_False__qh_1.0__ql_0.4",Noise,0.0073,0.1431,0.1358,0.1082,0.7073,0.0099,0.1713,0.2626,29905.5,1.234154400202986e-08,0.3544
"Temperature__fft_coefficient__attr_""imag""__coeff_10",Temperature,-0.0323,1.3018,1.3341,1.1044,6.9646,-0.0996,1.2557,0.2618,34165.5,0.0003796048485987151,0.3524
Vibration__fourier_entropy__bins_5,Vibration,1.0749,0.9761,-0.0988,0.366,0.3886,1.1614,1.0408,0.2615,47542.0,0.0015187326071326736,0.0
Noise__large_standard_deviation__r_0.25,Noise,0.3577,0.485,0.1274,0.4793,0.4998,0.0,0.0,0.2599,35984.0,0.002043829393532774,0.0437
Motor_Current__has_duplicate_min,Motor_Current,0.1496,0.0698,-0.0799,0.3567,0.2548,0.0,0.0,0.2597,44530.5,0.0020643980577264346,0.0
"Pressure__cwt_coefficients__coeff_1__w_10__widths_(2, 5, 10, 20)",Pressure,1.9674,2.0535,0.0861,0.0698,0.4561,1.9702,1.981,0.2581,39969.0,0.5240967660613296,0.3385
Pressure__ratio_beyond_r_sigma__r_1.5,Pressure,0.1353,0.125,-0.0103,0.0411,0.0384,0.1333,0.1333,0.258,46878.5,0.0033755217427692843,0.0585
Noise__ratio_beyond_r_sigma__r_1.5,Noise,0.1352,0.1258,-0.0094,0.035,0.0378,0.1333,0.1333,0.2564,46566.5,0.0055076800591776715,0.0075
"Temperature__change_quantiles__f_agg_""mean""__isabs_False__qh_0.8__ql_0.2",Temperature,0.0073,0.0652,0.0579,0.0464,0.3096,0.0045,0.0618,0.2559,32927.5,2.965632811448581e-05,0.2682
"Noise__fft_coefficient__attr_""angle""__coeff_7",Noise,3.0791,30.2221,27.143,105.8458,107.5548,3.3331,61.0853,0.2543,35172.0,0.0023036513989951003,0.0
"Temperature__fft_coefficient__attr_""real""__coeff_5",Temperature,-0.0154,-1.3966,-1.3812,1.0669,7.4435,0.0,-0.98,0.2541,46933.0,0.004202501478715212,0.3308
"Pressure__change_quantiles__f_agg_""mean""__isabs_False__qh_1.0__ql_0.4",Pressure,0.0007,0.0142,0.0135,0.0083,0.0733,0.0008,0.0168,0.2537,30127.0,2.3555144496749696e-08,0.379
Pressure__ar_coefficient__coeff_1__k_10,Pressure,-0.0034,0.0781,0.0814,0.3255,0.3167,-0.0214,0.0698,0.2537,35005.0,0.0017365528344738456,0.0
Temperature__number_cwt_peaks__n_1,Temperature,5.4526,5.6811,0.2285,0.8835,0.9354,5.0,6.0,0.2508,35114.0,0.00112464938677979,0.0035
Temperature__lempel_ziv_complexity__bins_100,Temperature,0.8723,0.8617,-0.0106,0.0415,0.0434,0.8667,0.8667,0.249,46188.0,0.01046863396136611,0.0
"Motor_Current__change_quantiles__f_agg_""mean""__isabs_False__qh_1.0__ql_0.4",Motor_Current,0.002,0.0298,0.0278,0.0096,0.1546,0.0015,0.0293,0.2484,30066.5,1.976701186328366e-08,0.4203
"Vibration__fft_coefficient__attr_""angle""__coeff_7",Vibration,5.4131,32.45,27.0369,106.7113,110.9096,5.8544,69.0823,0.2482,35186.0,0.002358174262827514,0.0028
Temperature__ratio_beyond_r_sigma__r_1.5,Temperature,0.1356,0.1261,-0.0095,0.0352,0.0411,0.1333,0.1333,0.2477,47377.5,0.0014010237125971316,0.0212
"Vibration__fft_coefficient__attr_""angle""__coeff_8",Vibration,-9.6955,17.7937,27.4893,105.8599,115.7269,-14.3451,51.1617,0.2473,35403.0,0.003368886103852444,0.0037
"Noise__fft_coefficient__attr_""imag""__coeff_10",Noise,0.3564,2.7304,2.374,2.3836,13.1367,0.3464,2.7886,0.2461,33341.0,7.239825384634072e-05,0.2824
Temperature__partial_autocorrelation__lag_9,Temperature,-0.0788,-0.02,0.0588,0.2489,0.2305,-0.0863,-0.0141,0.2455,34794.0,0.0012037573295360473,0.0196
Noise__symmetry_looking__r_0.1,Noise,0.9964,0.9601,-0.0362,0.0603,0.1956,1.0,1.0,0.2454,42730.5,0.003563865366094743,0.0023
"Vibration__cwt_coefficients__coeff_1__w_10__widths_(2, 5, 10, 20)",Vibration,0.0643,0.1502,0.086,0.0691,0.484,0.0785,0.1755,0.2432,34980.0,0.0016636802146662915,0.4625
"Vibration__fft_coefficient__attr_""real""__coeff_4",Vibration,-0.0116,-0.197,-0.1854,0.1003,1.0647,-0.0089,-0.198,0.2397,48248.0,0.0004259448630004796,0.4135
Motor_Current__large_standard_deviation__r_0.30000000000000004,Motor_Current,0.0219,0.0731,0.0512,0.1463,0.2603,0.0,0.0,0.2395,39126.0,0.004435863780467785,0.0
"Temperature__fft_coefficient__attr_""angle""__coeff_5",Temperature,7.8027,32.4886,24.6859,103.6734,102.8356,8.0734,59.6802,0.2391,35503.0,0.003956035715571756,0.0125
"Temperature__fft_coefficient__attr_""angle""__coeff_9",Temperature,-2.895,22.7127,25.6076,105.1589,108.7963,-5.3725,47.3735,0.2391,35476.0,0.0037889720610548463,0.0166
"Pressure__agg_linear_trend__attr_""rvalue""__chunk_len_10__f_agg_""var""",Pressure,-0.0117,0.1582,0.1698,0.7189,0.7067,0.0609,0.3016,0.2383,35630.0,0.004835146298144041,0.0179
"Pressure__fft_coefficient__attr_""real""__coeff_4",Pressure,-0.0068,-0.249,-0.2422,0.1785,1.3967,-0.0028,-0.2115,0.2379,49295.0,5.128677804984251e-05,0.3293
"Temperature__fft_coefficient__attr_""real""__coeff_7",Temperature,-0.035,-1.4069,-1.3719,1.1011,7.947,-0.0924,-1.1863,0.2365,46226.0,0.012168815751101044,0.3701
"Temperature__fft_coefficient__attr_""real""__coeff_13",Temperature,-0.0393,-1.3193,-1.28,1.1363,7.4494,-0.0686,-1.2882,0.235,47646.0,0.0012778873037358278,0.3397
Pressure__fourier_entropy__bins_100,Pressure,2.5876,2.549,-0.0387,0.1478,0.1789,2.5993,2.5993,0.2345,46198.5,0.0119627821202756,0.0
"Pressure__fft_coefficient__attr_""angle""__coeff_6",Pressure,12.4855,36.7779,24.2924,100.8837,106.2709,23.0933,75.9136,0.2342,34915.0,0.0014871780205834755,0.0374
"Pressure__fft_coefficient__attr_""angle""__coeff_10",Pressure,-1.729,24.6457,26.3747,110.7229,115.0912,-10.5823,62.6563,0.2333,36243.0,0.012082565691138516,0.0253
"Temperature__change_quantiles__f_agg_""mean""__isabs_False__qh_0.6__ql_0.2",Temperature,-0.0012,0.0635,0.0648,0.0663,0.3786,0.0,0.0225,0.2333,37410.0,0.05445557124590329,0.2247
Temperature__ratio_beyond_r_sigma__r_0.5,Temperature,0.6344,0.6146,-0.0198,0.0735,0.0942,0.6333,0.6333,0.2331,45549.0,0.02889157964731671,0.0498
"Temperature__fft_coefficient__attr_""real""__coeff_3",Temperature,-0.0601,-1.3795,-1.3194,1.2173,7.7462,-0.0712,-1.4722,0.2328,47898.0,0.0008152789088887516,0.3293
Vibration__energy_ratio_by_chunks__num_segments_10__segment_focus_6,Vibration,0.1015,0.1077,0.0062,0.0195,0.032,0.0996,0.1086,0.2328,34546.0,0.0007720302072360898,0.0767
"Temperature__augmented_dickey_fuller__attr_""pvalue""__autolag_""AIC""",Temperature,0.1158,0.1802,0.0644,0.213,0.3245,0.0147,0.0026,0.2326,46641.0,0.0066118062991614435,0.0317
"Motor_Current__change_quantiles__f_agg_""mean""__isabs_False__qh_0.4__ql_0.2",Motor_Current,-0.0006,0.0212,0.0218,0.0097,0.1292,0.0,0.005,0.2324,34401.0,0.0005422606053022641,0.2941
"Temperature__agg_linear_trend__attr_""slope""__chunk_len_10__f_agg_""var""",Temperature,0.0031,0.2715,0.2684,0.0359,1.5969,0.0006,0.2213,0.2322,31108.0,3.5699822475471043e-07,0.5228
Motor_Current__number_peaks__n_1,Motor_Current,8.3029,8.6179,0.315,1.4269,1.2954,8.0,9.0,0.2317,35985.0,0.006807883836857622,0.0073
Pressure__permutation_entropy__dimension_4__tau_1,Pressure,2.6909,2.6612,-0.0297,0.1287,0.1294,2.6923,2.6729,0.2304,46281.0,0.011226221225869321,0.0
Pressure__permutation_entropy__dimension_5__tau_1,Pressure,3.1224,3.0998,-0.0226,0.0942,0.1017,3.1515,3.0981,0.2301,46734.0,0.005212595835697729,0.0222
"Temperature__cwt_coefficients__coeff_1__w_10__widths_(2, 5, 10, 20)",Temperature,24.5581,24.9092,0.3511,0.4396,2.0752,24.5682,24.6562,0.2292,38671.0,0.19725369157402428,0.2367
Noise__energy_ratio_by_chunks__num_segments_10__segment_focus_5,Noise,0.1,0.1012,0.0012,0.0016,0.007,0.0999,0.1003,0.2283,40512.0,0.7157591946290771,0.2673
Motor_Current__partial_autocorrelation__lag_5,Motor_Current,-0.0026,0.0392,0.0418,0.2004,0.1661,0.0006,0.0269,0.228,36582.0,0.019317693698007742,0.0181
Temperature__energy_ratio_by_chunks__num_segments_10__segment_focus_4,Temperature,0.0999,0.0994,-0.0005,0.0008,0.0031,0.0999,0.0992,0.2275,50102.0,8.378340032531354e-06,0.2426
"Pressure__fft_coefficient__attr_""angle""__coeff_15",Pressure,88.0292,108.2392,20.21,89.9784,88.1325,0.0,180.0,0.227,36607.0,0.006952653433170053,0.0
"Noise__cwt_coefficients__coeff_6__w_2__widths_(2, 5, 10, 20)",Noise,1.7324,2.3304,0.598,0.6201,3.6036,1.6955,1.9377,0.2263,38308.0,0.14105907378414975,0.2557
"Pressure__agg_linear_trend__attr_""slope""__chunk_len_5__f_agg_""var""",Pressure,0.0,0.0037,0.0037,0.0003,0.0226,0.0,0.0036,0.226,32155.0,5.010568364004935e-06,0.5516
"Vibration__cwt_coefficients__coeff_6__w_2__widths_(2, 5, 10, 20)",Vibration,0.0052,0.0474,0.0421,0.0282,0.2563,0.0046,0.0208,0.2259,39209.0,0.30819457764372205,0.3366
"Noise__fft_coefficient__attr_""real""__coeff_1",Noise,0.0674,-2.5025,-2.5699,2.8255,15.5564,0.2069,-2.3689,0.225,44574.0,0.09355840085884537,0.345
Noise__ar_coefficient__coeff_3__k_10,Noise,-0.0299,0.0398,0.0697,0.3266,0.2966,-0.0381,0.0313,0.2239,35758.0,0.005896469700423618,0.0069
Motor_Current__ratio_beyond_r_sigma__r_0.5,Motor_Current,0.6341,0.6115,-0.0225,0.0886,0.1117,0.6333,0.6333,0.2224,45677.5,0.02477754178915646,0.0078
"Temperature__fft_coefficient__attr_""angle""__coeff_4",Temperature,3.7141,27.2309,23.5168,109.1316,102.8002,14.9447,56.8561,0.2221,36274.0,0.012626162084755206,0.0217
"Temperature__fft_coefficient__attr_""real""__coeff_6",Temperature,-0.0713,-1.3385,-1.2672,1.033,7.8427,-0.148,-0.7689,0.2216,44485.0,0.10264002145673541,0.3493
Noise__partial_autocorrelation__lag_6,Noise,-0.0734,-0.0315,0.0419,0.2011,0.1787,-0.0764,-0.0165,0.2209,35775.0,0.0060522038538792355,0.033
Motor_Current__max_langevin_fixed_point__m_3__r_30,Motor_Current,15.9231,16.6354,0.7122,0.6417,4.4162,15.9782,15.9782,0.2208,40665.0,0.7313316915351821,0.2761
Vibration__ar_coefficient__coeff_10__k_10,Vibration,-0.0874,0.0072,0.0946,0.2998,0.5244,-0.0832,0.0577,0.2188,31715.0,1.7057244987675537e-06,0.0619
Motor_Current__ratio_beyond_r_sigma__r_1.5,Motor_Current,0.1328,0.1244,-0.0085,0.0399,0.0379,0.1333,0.1333,0.2184,45611.5,0.022798728389047423,0.0214
Noise__ratio_beyond_r_sigma__r_2.5,Noise,0.01,0.0138,0.0039,0.0155,0.0195,0.0,0.0,0.2182,37805.0,0.035655108467096394,0.0149
"Temperature__fft_coefficient__attr_""angle""__coeff_6",Temperature,-4.1198,19.1442,23.264,105.87,107.2792,-1.2223,35.7948,0.2182,36167.0,0.010836696960347947,0.0072
Pressure__partial_autocorrelation__lag_8,Pressure,-0.0918,-0.0484,0.0434,0.1976,0.1999,-0.0854,-0.0339,0.2181,35722.0,0.005578542801944291,0.0108
Vibration__ar_coefficient__coeff_3__k_10,Vibration,-0.0148,0.0527,0.0675,0.2898,0.3337,-0.0245,0.0439,0.2153,35846.0,0.00674344648877896,0.0
"Temperature__agg_linear_trend__attr_""rvalue""__chunk_len_10__f_agg_""var""",Temperature,0.031,0.1836,0.1525,0.7302,0.688,0.03,0.3143,0.2153,36640.0,0.020877514701135465,0.0019
Vibration__energy_ratio_by_chunks__num_segments_10__segment_focus_5,Vibration,0.102,0.0967,-0.0053,0.0188,0.029,0.1007,0.0969,0.2145,45947.0,0.017933620657593886,0.0543
"Temperature__fft_coefficient__attr_""angle""__coeff_10",Temperature,-3.5592,19.9302,23.4894,106.5791,112.5122,-20.5795,42.0681,0.2141,36313.0,0.013340720832790068,0.0099
"Pressure__fft_coefficient__attr_""imag""__coeff_11",Pressure,0.0074,0.2123,0.2048,0.1821,1.312,0.0143,0.2268,0.2139,34655.0,0.0009401532954034603,0.3183
Vibration__fourier_entropy__bins_10,Vibration,1.5089,1.4065,-0.1024,0.4808,0.4805,1.6675,1.5093,0.213,47570.5,0.0014538326166576977,0.0
Temperature__symmetry_looking__r_0.1,Temperature,0.9854,0.9468,-0.0386,0.1199,0.2243,1.0,1.0,0.2116,42827.0,0.011827466671288716,0.0089
Temperature__ar_coefficient__coeff_6__k_10,Temperature,-0.1098,-0.0416,0.0682,0.2567,0.3732,-0.1131,-0.0195,0.2113,34459.0,0.0006583561972495489,0.0075
"Temperature__fft_coefficient__attr_""imag""__coeff_9",Temperature,0.0028,1.1839,1.1811,1.1238,7.6778,-0.0674,1.4255,0.2106,33660.0,0.00014013232603062294,0.3182
"Motor_Current__fft_coefficient__attr_""angle""__coeff_7",Motor_Current,6.1897,28.9527,22.763,105.2072,111.1771,10.6774,61.8126,0.21,35854.0,0.006825622080228589,0.0102
"Motor_Current__change_quantiles__f_agg_""mean""__isabs_False__qh_0.8__ql_0.4",Motor_Current,0.0009,0.0226,0.0218,0.011,0.1436,0.0005,0.0267,0.2089,30552.5,7.879894100680911e-08,0.4059
Motor_Current__partial_autocorrelation__lag_9,Motor_Current,-0.0721,0.0073,0.0794,0.2249,0.4798,-0.0711,-0.0219,0.2087,36007.0,0.00858035103380842,0.0
Vibration__number_peaks__n_10,Vibration,0.3759,0.2791,-0.0968,0.4844,0.4485,0.0,0.0,0.2078,45230.5,0.013384342511759201,0.0337
Vibration__symmetry_looking__r_0.05,Vibration,0.7153,0.6179,-0.0974,0.4513,0.4859,1.0,1.0,0.2073,45253.0,0.013606120255510216,0.0205
"Vibration__fft_coefficient__attr_""imag""__coeff_11",Vibration,0.0044,0.161,0.1566,0.0881,1.0429,0.0044,0.1358,0.2069,35719.0,0.005552760137445035,0.3877
Vibration__max_langevin_fixed_point__m_3__r_30,Vibration,3.1835,3.5551,0.3716,0.0,2.4896,3.1835,3.1835,0.2063,41237.0,1.0,0.1853
Vibration__ratio_beyond_r_sigma__r_3,Vibration,0.0016,0.0035,0.002,0.0071,0.0113,0.0,0.0,0.2059,39201.0,0.023238825963693484,0.0
Vibration__ratio_beyond_r_sigma__r_2.5,Vibration,0.0091,0.013,0.0038,0.0157,0.021,0.0,0.0,0.2055,38542.5,0.08684464428187885,0.0053
"Noise__fft_coefficient__attr_""imag""__coeff_11",Noise,0.0441,2.1083,2.0642,2.3387,13.8834,0.3356,1.2374,0.2029,37153.0,0.040134748433387706,0.257
Pressure__large_standard_deviation__r_0.25,Pressure,0.4051,0.505,0.0999,0.4909,0.5,0.0,1.0,0.2015,37118.5,0.01645769474817762,0.0224
"Temperature__change_quantiles__f_agg_""mean""__isabs_False__qh_0.8__ql_0.4",Temperature,0.0023,0.0654,0.0631,0.056,0.432,-0.0025,0.04,0.2002,35568.0,0.004385930893448131,0.2715
Noise__permutation_entropy__dimension_5__tau_1,Noise,3.1411,3.1234,-0.0177,0.0884,0.0891,3.1515,3.1515,0.1997,46295.5,0.009744863725511145,0.0021
"Motor_Current__fft_coefficient__attr_""imag""__coeff_8",Motor_Current,0.0375,0.5365,0.499,0.2035,3.4494,0.0454,0.4814,0.1996,34975.0,0.0016494476615242601,0.4565
"Motor_Current__cwt_coefficients__coeff_6__w_2__widths_(2, 5, 10, 20)",Motor_Current,0.3298,0.4504,0.1206,0.0534,0.8367,0.3256,0.3646,0.1989,39070.0,0.27620733275481335,0.3863
"Vibration__cwt_coefficients__coeff_12__w_2__widths_(2, 5, 10, 20)",Vibration,0.002,-0.0395,-0.0415,0.0298,0.2906,0.0012,-0.0352,0.1963,46996.0,0.0038011236866214563,0.3734
Pressure__ar_coefficient__coeff_5__k_10,Pressure,-0.0049,0.0583,0.0632,0.2861,0.3525,-0.0067,0.0382,0.1961,36831.0,0.026815300384588438,0.0068
"Temperature__fft_coefficient__attr_""real""__coeff_15",Temperature,-0.0466,-1.5318,-1.4852,1.4235,10.3891,0.18,-0.91,0.1959,44522.0,0.09878258376434818,0.3409
Motor_Current__partial_autocorrelation__lag_6,Motor_Current,-0.076,-0.0371,0.039,0.21,0.1896,-0.0803,-0.0313,0.1953,36278.0,0.012697857470024842,0.0
Temperature__ar_coefficient__coeff_0__k_10,Temperature,87.485,70.2804,-17.2046,52.628,111.8177,82.2031,51.9317,0.194,51962.0,7.04132204208289e-08,0.078
Temperature__permutation_entropy__dimension_5__tau_1,Temperature,3.1243,3.1416,0.0173,0.0954,0.0854,3.1515,3.1515,0.1918,36978.0,0.02962224223692592,0.0141
"Vibration__fft_coefficient__attr_""angle""__coeff_15",Vibration,90.0,107.0432,17.0432,90.0,88.3715,90.0,180.0,0.1912,37332.5,0.022792247622893433,0.0
"Vibration__cwt_coefficients__coeff_9__w_2__widths_(2, 5, 10, 20)",Vibration,-0.0033,0.031,0.0343,0.0297,0.2464,-0.0032,0.007,0.1909,39291.0,0.3281709630220673,0.3182
"Temperature__augmented_dickey_fuller__attr_""usedlag""__autolag_""AIC""",Temperature,2.2153,1.6445,-0.5708,3.2512,2.7431,0.0,0.0,0.1905,43751.0,0.15838004749335466,0.0
"Noise__fft_coefficient__attr_""imag""__coeff_14",Noise,-0.2062,1.8307,2.0369,2.1649,14.7217,-0.0426,0.7006,0.1894,38270.0,0.13597270680766388,0.325
Motor_Current__ar_coefficient__coeff_3__k_10,Motor_Current,0.0018,0.0596,0.0578,0.2847,0.3227,0.0144,0.0347,0.1894,37901.0,0.09365673712749911,0.0368
"Noise__change_quantiles__f_agg_""mean""__isabs_False__qh_0.6__ql_0.0",Noise,0.0186,0.0988,0.0802,0.1035,0.5816,0.02,0.1038,0.1878,31626.0,1.3638223437983485e-06,0.2045
"Temperature__agg_autocorrelation__f_agg_""var""__maxlag_40",Temperature,0.1699,0.2004,0.0305,0.1337,0.1863,0.1271,0.1459,0.187,37093.0,0.03729542925847473,0.0049
Motor_Current__energy_ratio_by_chunks__num_segments_10__segment_focus_5,Motor_Current,0.1,0.1012,0.0011,0.0008,0.0084,0.1,0.0998,0.1868,42266.0,0.6052104995617154,0.3917
Pressure__energy_ratio_by_chunks__num_segments_10__segment_focus_5,Pressure,0.0999,0.1008,0.0009,0.0012,0.0063,0.0998,0.0996,0.1862,42750.0,0.4471472114675342,0.3231
Temperature__number_peaks__n_1,Temperature,8.6168,8.8472,0.2304,1.2683,1.2294,9.0,9.0,0.1846,36455.0,0.013230643291394424,0.0
"Motor_Current__fft_coefficient__attr_""angle""__coeff_4",Motor_Current,19.758,38.4835,18.7255,100.5733,102.2827,27.5975,74.5557,0.1845,36828.0,0.026711796339311228,0.0
Temperature__large_standard_deviation__r_0.30000000000000004,Temperature,0.0146,0.0465,0.0319,0.1199,0.2106,0.0,0.0,0.184,39921.0,0.02837445384797104,0.0104
"Motor_Current__fft_coefficient__attr_""imag""__coeff_11",Motor_Current,0.0113,0.4352,0.4239,0.2074,3.1828,0.0139,0.2917,0.1837,36954.0,0.03136772004141403,0.4472
Vibration__kurtosis,Vibration,-0.1041,0.1086,0.2127,0.8281,1.3922,-0.2394,-0.2563,0.1837,40727.0,0.7978939003678703,0.0271
Temperature__longest_strike_below_mean,Temperature,6.1934,6.6711,0.4777,2.1721,2.9404,6.0,6.0,0.1835,39350.5,0.33784746102163365,0.0554
"Temperature__change_quantiles__f_agg_""mean""__isabs_False__qh_0.4__ql_0.2",Temperature,0.0054,0.0708,0.0654,0.0748,0.4879,0.0,0.0,0.1832,39677.5,0.4306217252720518,0.1585
Vibration__permutation_entropy__dimension_4__tau_1,Vibration,2.6209,2.651,0.0301,0.1542,0.1733,2.6313,2.6703,0.1828,35626.5,0.004802058238256926,0.0061
Temperature__friedrich_coefficients__coeff_0__m_3__r_30,Temperature,-0.1277,0.0007,0.1284,1.011,0.1192,-0.0031,-0.0031,0.1826,36271.0,0.011094400847234008,0.2902
Noise__ar_coefficient__coeff_1__k_10,Noise,-0.0204,0.0369,0.0573,0.3147,0.3134,-0.0106,0.05,0.1825,37151.0,0.040037231536394935,0.0241
Vibration__has_duplicate,Vibration,1.0,0.9834,-0.0166,0.0,0.1278,1.0,1.0,0.1796,41922.0,0.03240869106590877,0.0
Vibration__number_cwt_peaks__n_1,Vibration,6.0657,5.8937,-0.172,0.9681,0.9551,6.0,6.0,0.1789,45877.5,0.013439518664082429,0.0573
"Temperature__change_quantiles__f_agg_""mean""__isabs_False__qh_0.4__ql_0.0",Temperature,-0.0047,0.0512,0.056,0.0847,0.4256,-0.0013,0.0088,0.1785,37673.5,0.07333188786105571,0.2115
Vibration__partial_autocorrelation__lag_9,Vibration,-0.1405,-0.0362,0.1043,0.4721,0.6766,-0.0956,-0.0737,0.1774,38113.0,0.11644647510917697,0.0033
"Noise__fft_coefficient__attr_""angle""__coeff_8",Noise,1.4712,20.8098,19.3386,106.263,112.9545,0.2509,51.9039,0.1761,36838.0,0.02705815748019072,0.0404
"Noise__change_quantiles__f_agg_""mean""__isabs_False__qh_0.6__ql_0.2",Noise,-0.0024,0.0942,0.0966,0.124,0.7504,-0.0027,0.0525,0.1758,36677.5,0.02194337979331589,0.2038
Pressure__ratio_beyond_r_sigma__r_2,Pressure,0.0411,0.0458,0.0047,0.0265,0.0276,0.0333,0.0333,0.1746,37585.0,0.04906956606958757,0.0077
Vibration__ar_coefficient__coeff_2__k_10,Vibration,-0.0508,0.0061,0.0568,0.308,0.344,-0.0466,-0.0132,0.1737,37480.0,0.059024634217243695,0.0386
"Temperature__cwt_coefficients__coeff_7__w_2__widths_(2, 5, 10, 20)",Temperature,0.5718,0.8107,0.2388,0.3339,1.873,0.5609,0.7058,0.1737,38065.0,0.11093829496766475,0.2858
"Pressure__fft_coefficient__attr_""angle""__coeff_9",Pressure,4.1616,22.967,18.8054,102.7887,113.0791,12.7677,53.5117,0.1736,36661.0,0.021468756775192527,0.0048
Noise__has_duplicate_max,Noise,0.0292,0.0066,-0.0226,0.1684,0.0812,0.0,0.0,0.1732,42167.0,0.03908855295484912,0.0018
"Pressure__change_quantiles__f_agg_""mean""__isabs_False__qh_0.4__ql_0.2",Pressure,-0.0005,0.0074,0.0079,0.0102,0.0624,0.0,0.0,0.1727,37879.0,0.0872241402398456,0.1705
"Vibration__agg_linear_trend__attr_""rvalue""__chunk_len_10__f_agg_""var""",Vibration,0.099,0.217,0.1179,0.6836,0.683,0.0921,0.3006,0.1726,36823.0,0.026540056281596194,0.0
"Vibration__change_quantiles__f_agg_""mean""__isabs_False__qh_0.8__ql_0.6",Vibration,0.0001,0.0104,0.0103,0.0057,0.0831,0.0,0.0,0.1703,34428.0,0.0005481191360386894,0.3268
Vibration__friedrich_coefficients__coeff_2__m_3__r_30,Vibration,-0.2283,-2.2723,-2.044,0.0,16.6163,-0.2283,-0.2283,0.17,41237.0,1.0,0.2102
"Noise__fft_coefficient__attr_""angle""__coeff_15",Noise,91.3139,106.4452,15.1313,89.9904,88.4848,180.0,180.0,0.1696,37770.5,0.043159357967888654,0.0133
"Pressure__change_quantiles__f_agg_""var""__isabs_False__qh_0.6__ql_0.4",Pressure,0.0001,0.0052,0.0051,0.0002,0.0419,0.0,0.0001,0.1692,33936.5,0.00013977141960388765,0.1635
"Temperature__fft_coefficient__attr_""angle""__coeff_7",Temperature,3.9995,22.0263,18.0268,106.1738,107.5234,5.5289,41.7551,0.1687,37268.0,0.04609082394229337,0.0225
"Temperature__fft_coefficient__attr_""angle""__coeff_14",Temperature,-8.343,10.4453,18.7884,103.9808,117.7609,-12.4736,16.1616,0.1686,37211.0,0.04305163545702151,0.0205
Noise__partial_autocorrelation__lag_7,Noise,-0.0309,0.0017,0.0327,0.1938,0.1982,-0.0295,-0.0252,0.1665,38155.0,0.12144036724989724,0.0018
Motor_Current__permutation_entropy__dimension_3__tau_1,Motor_Current,1.7118,1.7013,-0.0105,0.0637,0.0629,1.7298,1.7156,0.166,46766.0,0.005447867620855007,0.0
"Temperature__fft_coefficient__attr_""imag""__coeff_14",Temperature,-0.0623,0.9058,0.9681,1.0788,7.992,-0.0775,0.1442,0.166,40156.0,0.5870903792081688,0.3461
Motor_Current__ratio_beyond_r_sigma__r_2,Motor_Current,0.0459,0.0506,0.0047,0.0266,0.0313,0.0333,0.0667,0.1628,37814.5,0.06800159242756264,0.0099
"Temperature__change_quantiles__f_agg_""mean""__isabs_False__qh_1.0__ql_0.6",Temperature,0.0119,0.0948,0.0829,0.0764,0.7033,0.0094,0.0617,0.162,37293.5,0.047507580346254366,0.3621
Motor_Current__permutation_entropy__dimension_6__tau_1,Motor_Current,3.1943,3.1859,-0.0084,0.05,0.054,3.2189,3.2189,0.161,44913.5,0.027611611623397436,0.007
"Pressure__cwt_coefficients__coeff_12__w_2__widths_(2, 5, 10, 20)",Pressure,-0.0041,-0.044,-0.0399,0.048,0.3404,-0.0025,-0.0257,0.1605,44382.0,0.11401076916286594,0.3074
"Motor_Current__fft_coefficient__attr_""angle""__coeff_10",Motor_Current,7.6626,25.3171,17.6545,106.6094,112.9338,13.8979,59.7614,0.1605,37242.0,0.04468281700579647,0.0347
"Vibration__cwt_coefficients__coeff_13__w_2__widths_(2, 5, 10, 20)",Vibration,0.0044,-0.0296,-0.034,0.0288,0.292,0.0054,-0.0247,0.16,46990.0,0.003837791348245596,0.3452
Pressure__large_standard_deviation__r_0.2,Pressure,0.9234,0.9601,0.0368,0.266,0.1956,1.0,1.0,0.1586,39720.5,0.05857874393205163,0.0045
"Pressure__agg_linear_trend__attr_""slope""__chunk_len_10__f_agg_""var""",Pressure,0.0,0.006,0.006,0.0007,0.0521,0.0,0.0058,0.1585,33719.0,0.00015791444584421983,0.5381
"Temperature__fft_coefficient__attr_""imag""__coeff_8",Temperature,0.2107,1.1586,0.9479,1.0613,8.2337,0.1986,1.0481,0.1579,37340.0,0.050186197252912346,0.3321
Vibration__ratio_beyond_r_sigma__r_1,Vibration,0.336,0.3236,-0.0124,0.0734,0.0839,0.3333,0.3333,0.1571,43533.0,0.2441853838210989,0.0096
Noise__number_peaks__n_5,Noise,1.7336,1.6213,-0.1123,0.7583,0.6936,2.0,2.0,0.1549,44455.0,0.07774113196864098,0.0
"Vibration__cwt_coefficients__coeff_8__w_2__widths_(2, 5, 10, 20)",Vibration,-0.0033,0.0248,0.0281,0.0299,0.2495,-0.0003,0.0039,0.1549,39993.0,0.5319836915744633,0.2941
"Temperature__fft_coefficient__attr_""imag""__coeff_11",Temperature,-0.009,0.7609,0.7699,1.0948,6.795,0.0782,0.9511,0.1548,36709.0,0.022875176830847544,0.334
Vibration__ratio_beyond_r_sigma__r_0.5,Vibration,0.6325,0.6476,0.0151,0.103,0.0933,0.6333,0.6667,0.1544,36939.0,0.02986816064198811,0.0395
Temperature__ar_coefficient__coeff_3__k_10,Temperature,0.0598,0.0098,-0.05,0.2813,0.3597,0.0572,-0.0094,0.1541,45071.0,0.054015798501669765,0.0
"Motor_Current__change_quantiles__f_agg_""mean""__isabs_False__qh_0.8__ql_0.6",Motor_Current,-0.0008,0.0189,0.0197,0.013,0.1771,0.0,0.0,0.1533,36916.5,0.029103448193993395,0.3184
"Motor_Current__change_quantiles__f_agg_""mean""__isabs_False__qh_1.0__ql_0.6",Motor_Current,0.0025,0.0328,0.0303,0.0139,0.2733,0.0026,0.024,0.1533,33847.0,0.00020403486946345622,0.421
Temperature__ratio_beyond_r_sigma__r_2,Temperature,0.0427,0.0468,0.0041,0.0257,0.0283,0.0333,0.0333,0.1529,37929.5,0.0745348561344615,0.0
"Temperature__cwt_coefficients__coeff_12__w_2__widths_(2, 5, 10, 20)",Temperature,-0.006,-0.2057,-0.1997,0.3514,1.7776,-0.0204,-0.229,0.1526,45513.0,0.0316456402657196,0.2773
"Temperature__fft_coefficient__attr_""angle""__coeff_15",Temperature,84.0876,97.4751,13.3875,89.8056,89.689,0.0,180.0,0.1492,38170.0,0.07511304881786697,0.0128
"Noise__cwt_coefficients__coeff_13__w_2__widths_(2, 5, 10, 20)",Noise,0.0701,-0.3369,-0.407,0.5807,3.7487,0.0835,-0.2448,0.1484,45960.0,0.01761945884691003,0.2839
Motor_Current__ar_coefficient__coeff_5__k_10,Motor_Current,0.008,0.0618,0.0538,0.3183,0.4025,0.0048,0.0317,0.1475,39606.0,0.412509060695748,0.0
Temperature__permutation_entropy__dimension_4__tau_1,Temperature,2.7036,2.7227,0.0191,0.1335,0.1269,2.7117,2.7436,0.147,36600.0,0.019747644141659658,0.0
Noise__permutation_entropy__dimension_4__tau_1,Noise,2.7282,2.7102,-0.018,0.1206,0.125,2.7436,2.7243,0.1468,44304.5,0.12307630625653079,0.0
"Noise__change_quantiles__f_agg_""mean""__isabs_False__qh_0.8__ql_0.6",Noise,-0.0013,0.1005,0.1017,0.1493,0.9484,0.0,0.0,0.1466,37930.0,0.09386794448222643,0.1918
"Motor_Current__fft_coefficient__attr_""imag""__coeff_14",Motor_Current,0.0212,0.3598,0.3386,0.2038,3.1973,0.0161,0.1905,0.1461,38690.0,0.20059223539000537,0.4356
"Temperature__fft_coefficient__attr_""real""__coeff_1",Temperature,0.0396,-0.8056,-0.8452,1.7706,7.8425,0.1098,-0.6979,0.1456,45730.0,0.023950521871601266,0.2567
"Motor_Current__fft_coefficient__attr_""angle""__coeff_15",Motor_Current,88.0292,101.0631,13.0339,89.9784,89.3175,0.0,180.0,0.1454,38251.0,0.08271303920010267,0.0
"Vibration__fft_coefficient__attr_""angle""__coeff_9",Vibration,13.5491,29.5518,16.0027,108.4171,112.7243,19.774,60.63,0.1446,37707.0,0.0760763785236992,0.0
"Pressure__augmented_dickey_fuller__attr_""usedlag""__autolag_""AIC""",Pressure,1.635,2.0399,0.4048,2.7917,2.8364,0.0,0.0,0.1438,36921.0,0.016458886131456008,0.0
"Noise__change_quantiles__f_agg_""mean""__isabs_False__qh_0.6__ql_0.4",Noise,-0.0026,0.0896,0.0922,0.1014,0.8841,0.0,0.0,0.1433,37390.5,0.050866822130186305,0.203
"Temperature__cwt_coefficients__coeff_8__w_2__widths_(2, 5, 10, 20)",Temperature,0.0698,0.259,0.1893,0.3359,1.8025,0.0515,0.1717,0.1429,38252.0,0.1336133501527749,0.2625
Noise__partial_autocorrelation__lag_8,Noise,-0.0856,-0.0563,0.0294,0.2151,0.1971,-0.0747,-0.0523,0.1426,38378.0,0.1508098782800938,0.0
Pressure__symmetry_looking__r_0.15000000000000002,Pressure,1.0,0.99,-0.01,0.0,0.0993,1.0,1.0,0.1387,41648.0,0.09824638640777758,0.0
Motor_Current__permutation_entropy__dimension_4__tau_1,Motor_Current,2.6877,2.6689,-0.0189,0.1408,0.1333,2.7083,2.6729,0.1377,44880.5,0.06702717680841658,0.0031
"Noise__cwt_coefficients__coeff_12__w_2__widths_(2, 5, 10, 20)",Noise,0.0607,-0.3285,-0.3891,0.5485,3.9228,0.0338,-0.2689,0.1359,45050.0,0.05534533128532508,0.3279
"Pressure__change_quantiles__f_agg_""mean""__isabs_False__qh_0.8__ql_0.6",Pressure,0.0004,0.0097,0.0093,0.0107,0.0942,0.0,0.0,0.1359,38107.0,0.11271728764193838,0.2171
"Motor_Current__agg_linear_trend__attr_""slope""__chunk_len_5__f_agg_""var""",Motor_Current,0.0001,0.0125,0.0124,0.0005,0.1269,0.0,0.0086,0.1351,35856.0,0.006846306072506467,0.5874
Noise__ar_coefficient__coeff_2__k_10,Noise,-0.1024,-0.0605,0.042,0.3231,0.2999,-0.1041,-0.0568,0.1349,37671.0,0.07313079307374756,0.0
Noise__max_langevin_fixed_point__m_3__r_30,Noise,47.7752,137.2516,89.4764,7.75,916.8914,44.3415,68.9593,0.1349,6719.0,4.8994667215048416e-68,0.423
"Vibration__fft_coefficient__attr_""imag""__coeff_14",Vibration,0.0051,0.1119,0.1068,0.0835,1.0938,0.0091,0.0733,0.1346,38420.0,0.15690214896991253,0.4472
"Temperature__fft_coefficient__attr_""angle""__coeff_11",Temperature,-1.7101,12.9094,14.6195,105.4948,112.993,7.9198,29.2277,0.1335,38029.0,0.10694378346797875,0.0421
"Pressure__cwt_coefficients__coeff_8__w_2__widths_(2, 5, 10, 20)",Pressure,0.0097,0.0418,0.032,0.0433,0.3324,0.0076,0.005,0.1321,42443.0,0.5445930977463751,0.3268
Temperature__ar_coefficient__coeff_5__k_10,Temperature,-0.0311,0.0092,0.0402,0.2648,0.3484,-0.0169,0.0127,0.1293,38720.0,0.20594728158632958,0.0249
"Vibration__fft_coefficient__attr_""real""__coeff_1",Vibration,-0.0391,-0.2021,-0.1629,0.3294,1.7193,0.0113,-0.0392,0.1288,41503.0,0.8938455721675854,0.3784
Motor_Current__symmetry_looking__r_0.15000000000000002,Motor_Current,0.9964,0.9834,-0.013,0.0603,0.1278,1.0,1.0,0.1278,41771.5,0.12728794246178915,0.0029
"Pressure__fft_coefficient__attr_""angle""__coeff_12",Pressure,-6.2893,7.733,14.0223,101.2385,117.2839,-19.2422,26.7323,0.1276,38288.0,0.138364102644949,0.0044
"Pressure__cwt_coefficients__coeff_7__w_2__widths_(2, 5, 10, 20)",Pressure,0.0495,0.0806,0.0311,0.0418,0.3347,0.0504,0.0565,0.1276,39327.0,0.3372006386008817,0.2912
Vibration__symmetry_looking__r_0.1,Vibration,0.9489,0.9169,-0.032,0.2202,0.276,1.0,1.0,0.1274,42555.0,0.12840565820918798,0.0052
Vibration__permutation_entropy__dimension_3__tau_1,Vibration,1.6764,1.6874,0.011,0.0888,0.0848,1.698,1.7161,0.1267,37537.5,0.06298372180064005,0.0312
Pressure__permutation_entropy__dimension_3__tau_1,Pressure,1.7129,1.7053,-0.0076,0.0618,0.0606,1.7288,1.7161,0.1246,44957.5,0.061482781505174486,0.0
Motor_Current__fourier_entropy__bins_100,Motor_Current,2.5542,2.5295,-0.0246,0.1746,0.2186,2.5993,2.5993,0.1237,42371.5,0.5659593758052635,0.0313
Pressure__ar_coefficient__coeff_2__k_10,Pressure,-0.0857,-0.0492,0.0365,0.3039,0.2876,-0.0748,-0.043,0.1235,38183.0,0.12486163196105714,0.0
"Pressure__fft_coefficient__attr_""imag""__coeff_14",Pressure,-0.0042,0.1167,0.121,0.1894,1.3567,-0.0064,0.0356,0.1222,39019.0,0.2650598945252284,0.3263
Motor_Current__fourier_entropy__bins_5,Motor_Current,1.1444,1.1043,-0.0401,0.2905,0.3616,1.1901,1.1901,0.1217,41969.5,0.7128760406767428,0.0
Noise__ratio_beyond_r_sigma__r_2,Noise,0.0401,0.0434,0.0033,0.0252,0.0286,0.0333,0.0333,0.1208,38629.5,0.15867766227652125,0.0234
"Temperature__change_quantiles__f_agg_""mean""__isabs_False__qh_0.2__ql_0.0",Temperature,-0.014,0.0478,0.0618,0.1534,0.6956,0.0,0.0,0.1203,37556.0,0.06395266306054823,0.1634
"Motor_Current__cwt_coefficients__coeff_12__w_2__widths_(2, 5, 10, 20)",Motor_Current,-0.0077,-0.0752,-0.0675,0.0607,0.7736,-0.0067,-0.0542,0.1202,46529.0,0.007825721667924085,0.3692
"Pressure__fft_coefficient__attr_""angle""__coeff_11",Pressure,4.1112,17.5878,13.4767,105.8581,117.7285,16.1539,39.2066,0.1201,37998.0,0.10359615410025415,0.0
"Vibration__change_quantiles__f_agg_""mean""__isabs_False__qh_1.0__ql_0.8",Vibration,-0.0002,0.0154,0.0156,0.0107,0.1813,0.0,0.0033,0.1186,36062.5,0.009157331095108237,0.3226
"Noise__fft_coefficient__attr_""angle""__coeff_9",Noise,-0.7742,12.1052,12.8794,102.721,115.5761,-0.0356,39.567,0.1175,38147.0,0.12047645170951696,0.0
Pressure__ratio_beyond_r_sigma__r_0.5,Pressure,0.6353,0.6247,-0.0106,0.0887,0.0919,0.6333,0.6333,0.1171,43113.5,0.34218480899908554,0.0
"Noise__cwt_coefficients__coeff_14__w_2__widths_(2, 5, 10, 20)",Noise,0.039,-0.2649,-0.3039,0.5746,3.5606,0.0374,-0.2581,0.1166,45517.0,0.03148657125748929,0.2912
"Vibration__cwt_coefficients__coeff_11__w_2__widths_(2, 5, 10, 20)",Vibration,-0.0009,-0.0244,-0.0235,0.0298,0.2791,-0.0011,-0.0356,0.1159,46273.0,0.011379208124899945,0.362
"Motor_Current__agg_linear_trend__attr_""slope""__chunk_len_10__f_agg_""var""",Motor_Current,0.0003,0.0245,0.0242,0.0012,0.2909,0.0002,0.0108,0.1151,35923.0,0.007572595013778608,0.5885
"Pressure__cwt_coefficients__coeff_13__w_2__widths_(2, 5, 10, 20)",Pressure,-0.004,-0.0334,-0.0294,0.0477,0.3546,-0.0064,-0.0228,0.1136,43483.0,0.2590733386455909,0.3287
"Temperature__cwt_coefficients__coeff_11__w_2__widths_(2, 5, 10, 20)",Temperature,-0.0099,-0.1576,-0.1476,0.3482,1.7852,-0.0251,-0.1078,0.1124,43536.0,0.24799962668217668,0.2479
Motor_Current__fourier_entropy__bins_3,Motor_Current,0.7708,0.7433,-0.0275,0.2167,0.268,0.8305,0.8314,0.1123,41599.5,0.8553463162409504,0.0505
"Pressure__cwt_coefficients__coeff_11__w_2__widths_(2, 5, 10, 20)",Pressure,-0.0028,-0.0302,-0.0274,0.045,0.3388,-0.002,-0.0299,0.1111,44872.0,0.06774596616582339,0.3237
"Pressure__cwt_coefficients__coeff_9__w_2__widths_(2, 5, 10, 20)",Pressure,0.0014,0.0291,0.0276,0.0442,0.3461,0.0011,-0.0019,0.1095,41594.0,0.8577993300442627,0.3309
Motor_Current__friedrich_coefficients__coeff_0__m_3__r_30,Motor_Current,0.0504,-0.0177,-0.0682,0.7587,0.4735,0.0183,0.0183,0.109,41239.0,0.9992809519255251,0.2664
"Vibration__fft_coefficient__attr_""angle""__coeff_13",Vibration,2.8132,15.0432,12.23,106.1714,118.9631,4.155,27.0571,0.1082,38445.0,0.16061605549780356,0.0
"Temperature__fft_coefficient__attr_""real""__coeff_4",Temperature,-0.1531,-0.7089,-0.5558,1.0932,7.0385,-0.1031,-0.3764,0.108,43397.0,0.27776196627794403,0.314
Vibration__ar_coefficient__coeff_1__k_10,Vibration,0.126,0.0889,-0.0371,0.3599,0.3343,0.0916,0.1175,0.1071,42341.0,0.5791566478742616,0.0197
Noise__number_peaks__n_10,Noise,0.438,0.3854,-0.0526,0.4961,0.4867,0.0,0.0,0.107,43405.0,0.20104213216651468,0.0
"Temperature__cwt_coefficients__coeff_13__w_2__widths_(2, 5, 10, 20)",Temperature,-0.0164,-0.169,-0.1526,0.3612,1.9509,0.0065,-0.1754,0.1065,44604.0,0.09064663311167984,0.2805
Vibration__permutation_entropy__dimension_5__tau_1,Vibration,3.0566,3.0705,0.0139,0.1198,0.1559,3.078,3.0981,0.0995,35970.5,0.007776373105579369,0.0477
Vibration__permutation_entropy__dimension_6__tau_1,Vibration,3.173,3.1644,-0.0086,0.0708,0.0999,3.2189,3.2189,0.0988,42030.0,0.6579302056234502,0.0044
Vibration__friedrich_coefficients__coeff_1__m_3__r_30,Vibration,0.1594,0.5334,0.3741,0.0,5.2457,0.1594,0.1594,0.0985,41237.0,1.0,0.1613
"Motor_Current__fft_coefficient__attr_""angle""__coeff_13",Motor_Current,0.4283,11.2727,10.8444,104.18,116.1126,8.4243,15.3262,0.0981,38477.0,0.16546631474638285,0.032
Pressure__max_langevin_fixed_point__m_3__r_30,Pressure,8.7876,8.9173,0.1298,0.0,1.8297,8.7876,8.7876,0.098,41237.0,1.0,0.1899
Temperature__has_duplicate_max,Temperature,0.0401,0.0233,-0.0169,0.1963,0.1507,0.0,0.0,0.0971,41933.5,0.2461414483227461,0.0
"Temperature__fft_coefficient__attr_""angle""__coeff_13",Temperature,1.6924,12.118,10.4256,105.301,110.9467,0.4378,12.9308,0.0963,38808.0,0.22225284358860153,0.0
Temperature__permutation_entropy__dimension_6__tau_1,Temperature,3.1967,3.2004,0.0037,0.0403,0.0369,3.2189,3.2189,0.0956,39330.0,0.21605564176369674,0.0037
"Temperature__augmented_dickey_fuller__attr_""teststat""__autolag_""AIC""",Temperature,-3.2927,-3.4489,-0.1562,1.2989,1.8899,-3.305,-3.8325,0.0955,46641.0,0.0066118062991614435,0.0302
"Motor_Current__cwt_coefficients__coeff_13__w_2__widths_(2, 5, 10, 20)",Motor_Current,-0.0076,-0.0642,-0.0566,0.0547,0.8269,-0.0082,-0.0313,0.0944,43702.0,0.2154740147047588,0.3876
"Temperature__fft_coefficient__attr_""angle""__coeff_8",Temperature,17.0874,6.8071,-10.2803,104.7314,114.0039,38.7348,25.0789,0.0937,43263.0,0.30867202801510274,0.0
"Noise__fft_coefficient__attr_""angle""__coeff_13",Noise,4.4599,14.622,10.1621,106.439,111.7621,0.9842,30.446,0.093,39120.0,0.28744246472900103,0.0396
Motor_Current__permutation_entropy__dimension_5__tau_1,Motor_Current,3.1145,3.1052,-0.0094,0.0979,0.1042,3.1515,3.0981,0.0927,43185.5,0.3215416639007088,0.0084
"Pressure__fft_coefficient__attr_""imag""__coeff_13",Pressure,0.002,0.0916,0.0896,0.1734,1.3266,0.0058,0.0875,0.0927,39074.0,0.27709496667764144,0.3478
"Noise__cwt_coefficients__coeff_11__w_2__widths_(2, 5, 10, 20)",Noise,0.0115,-0.2367,-0.2483,0.5731,3.7284,-0.0024,-0.3489,0.0911,45781.0,0.0223977253600461,0.2774
"Pressure__change_quantiles__f_agg_""mean""__isabs_False__qh_0.6__ql_0.2",Pressure,0.001,0.0049,0.0039,0.0079,0.0604,0.0,0.005,0.0889,38131.5,0.11860889326790912,0.294
"Motor_Current__fft_coefficient__attr_""imag""__coeff_13",Motor_Current,0.0042,0.2015,0.1973,0.2154,3.0679,0.0131,0.2271,0.0887,38995.0,0.25992277827767285,0.4609
"Motor_Current__change_quantiles__f_agg_""mean""__isabs_False__qh_0.6__ql_0.4",Motor_Current,0.0005,0.01,0.0095,0.0116,0.1484,0.0,0.0,0.0886,37178.5,0.04005506015233412,0.298
"Noise__change_quantiles__f_agg_""mean""__isabs_False__qh_0.8__ql_0.2",Noise,0.0064,0.0456,0.0392,0.0819,0.6075,0.0061,0.09,0.0885,34852.0,0.001332722572727161,0.2959
"Noise__fft_coefficient__attr_""imag""__coeff_13",Noise,-0.0235,0.9548,0.9784,1.9647,15.2092,0.0206,1.9346,0.0882,37867.0,0.09035951032385571,0.3833
"Vibration__fft_coefficient__attr_""imag""__coeff_13",Vibration,0.0038,0.0695,0.0656,0.0842,1.0277,0.0021,0.0345,0.088,39132.0,0.2901841519185965,0.4146
Temperature__energy_ratio_by_chunks__num_segments_10__segment_focus_5,Temperature,0.1,0.1002,0.0002,0.0007,0.0033,0.1,0.0996,0.0866,43578.0,0.23946268090514045,0.3188
"Motor_Current__augmented_dickey_fuller__attr_""usedlag""__autolag_""AIC""",Motor_Current,1.8212,2.0664,0.2453,2.8324,2.8429,0.0,1.0,0.0864,38414.5,0.1232871115146044,0.0
"Vibration__change_quantiles__f_agg_""mean""__isabs_False__qh_0.6__ql_0.4",Vibration,0.0002,0.004,0.0037,0.0049,0.0598,0.0,0.0,0.0859,40303.0,0.6354674283553773,0.3349
Pressure__permutation_entropy__dimension_7__tau_1,Pressure,3.1747,3.1732,-0.0015,0.0161,0.0201,3.1781,3.1781,0.0845,42018.0,0.3303918738102537,0.0081
"Vibration__cwt_coefficients__coeff_14__w_2__widths_(2, 5, 10, 20)",Vibration,0.0052,-0.0111,-0.0163,0.0291,0.265,0.0062,-0.0054,0.0843,43676.0,0.2203546993812694,0.3566
Noise__ratio_beyond_r_sigma__r_0.5,Noise,0.6345,0.6277,-0.0069,0.0787,0.0866,0.6333,0.6333,0.0828,43072.0,0.3528806241509813,0.0
"Motor_Current__fft_coefficient__attr_""imag""__coeff_12",Motor_Current,0.0027,0.1773,0.1747,0.2259,2.92,0.002,0.3108,0.0824,37185.0,0.04172262357557028,0.4485
"Temperature__cwt_coefficients__coeff_9__w_2__widths_(2, 5, 10, 20)",Temperature,-0.0267,0.0869,0.1137,0.356,1.8864,-0.0183,0.0628,0.082,39201.0,0.3062896640439281,0.2827
Motor_Current__symmetry_looking__r_0.2,Motor_Current,1.0,0.9967,-0.0033,0.0,0.0575,1.0,1.0,0.0798,41374.0,0.34180045709096196,0.0226
Temperature__large_standard_deviation__r_0.2,Temperature,0.9599,0.9435,-0.0163,0.1963,0.2308,1.0,1.0,0.0759,41910.5,0.36422731387233753,0.0
Motor_Current__ar_coefficient__coeff_2__k_10,Motor_Current,-0.0492,-0.0733,-0.024,0.3123,0.3223,-0.0267,-0.0608,0.0757,43726.0,0.21103833000742567,0.0028
"Pressure__change_quantiles__f_agg_""mean""__isabs_False__qh_0.8__ql_0.4",Pressure,-0.0004,0.0038,0.0042,0.0091,0.0767,0.0,0.0067,0.0752,35807.0,0.00635289556363323,0.279
Vibration__partial_autocorrelation__lag_8,Vibration,0.3592,-0.0989,-0.4581,8.8399,0.3366,-0.1545,-0.0796,0.075,33082.0,4.1595067868327065e-05,0.0245
Motor_Current__number_peaks__n_10,Motor_Current,0.354,0.3189,-0.0351,0.4782,0.4661,0.0,0.0,0.0743,42683.5,0.37424112454956304,0.0255
"Motor_Current__fft_coefficient__attr_""angle""__coeff_8",Motor_Current,10.2072,18.3807,8.1735,107.1913,114.894,24.5194,45.0361,0.0734,39052.0,0.2722369897722571,0.0
"Pressure__fft_coefficient__attr_""imag""__coeff_12",Pressure,-0.0219,0.0471,0.069,0.1674,1.2888,-0.0191,0.1563,0.0734,35555.0,0.004296761162967067,0.344
"Temperature__change_quantiles__f_agg_""mean""__isabs_False__qh_0.8__ql_0.6",Temperature,0.0011,0.0295,0.0284,0.0647,0.5411,0.0,0.0,0.0721,41254.0,0.9933339397406992,0.2316
"Motor_Current__cwt_coefficients__coeff_11__w_2__widths_(2, 5, 10, 20)",Motor_Current,-0.0071,-0.0473,-0.0402,0.0571,0.7693,-0.0094,-0.0782,0.072,47283.0,0.0023779313227140116,0.3742
"Noise__cwt_coefficients__coeff_7__w_2__widths_(2, 5, 10, 20)",Noise,0.403,0.5803,0.1773,0.6006,3.4364,0.4057,0.4054,0.0703,41393.0,0.9377055477249533,0.2521
"Vibration__cwt_coefficients__coeff_7__w_2__widths_(2, 5, 10, 20)",Vibration,-0.0019,0.0112,0.0131,0.029,0.2603,-0.0025,0.0033,0.0692,40795.0,0.8243940145382489,0.3429
"Noise__change_quantiles__f_agg_""mean""__isabs_False__qh_0.4__ql_0.2",Noise,-0.0023,0.0404,0.0427,0.1363,0.8443,0.0,0.0,0.0691,40278.5,0.6273351856435168,0.1415
"Pressure__change_quantiles__f_agg_""mean""__isabs_False__qh_1.0__ql_0.8",Pressure,0.0028,-0.0105,-0.0133,0.0243,0.2661,0.0,0.0,0.0689,42302.5,0.590715438540915,0.2681
Noise__large_standard_deviation__r_0.30000000000000004,Noise,0.0219,0.0332,0.0113,0.1463,0.1792,0.0,0.0,0.0689,40770.0,0.41049362808052303,0.0174
Pressure__number_cwt_peaks__n_1,Pressure,5.6898,5.6279,-0.0619,0.9449,0.8594,6.0,6.0,0.0687,42758.5,0.4174390189537779,0.0186
"Noise__cwt_coefficients__coeff_8__w_2__widths_(2, 5, 10, 20)",Noise,0.0471,0.2087,0.1616,0.5813,3.2083,0.0853,-0.0731,0.0686,42381.0,0.5654800431132192,0.2685
"Pressure__fft_coefficient__attr_""angle""__coeff_14",Pressure,0.6866,8.3732,7.6866,106.2826,119.6376,-3.2668,28.8511,0.0677,39572.0,0.4028317526018297,0.0291
"Vibration__fft_coefficient__attr_""angle""__coeff_11",Vibration,16.5831,8.9921,-7.591,106.0026,117.8459,13.4217,27.9996,0.0676,42888.0,0.4067999402413027,0.0364
Noise__partial_autocorrelation__lag_9,Noise,-0.0313,-0.048,-0.0167,0.2769,0.2256,-0.0382,-0.0501,0.0664,42094.0,0.6668499433311473,0.0142
"Pressure__fft_coefficient__attr_""angle""__coeff_8",Pressure,13.4827,20.8948,7.4121,110.0773,117.2688,23.6905,57.5493,0.0651,39298.0,0.3299143363312359,0.0199
"Motor_Current__cwt_coefficients__coeff_9__w_2__widths_(2, 5, 10, 20)",Motor_Current,-0.0026,0.0351,0.0377,0.0573,0.8096,-0.0031,0.0089,0.0642,40868.0,0.8530663620388532,0.4078
"Pressure__change_quantiles__f_agg_""mean""__isabs_False__qh_1.0__ql_0.6",Pressure,0.0013,0.007,0.0057,0.0157,0.1236,0.0,0.0045,0.063,39411.0,0.35888015221356007,0.3267
Vibration__permutation_entropy__dimension_7__tau_1,Vibration,3.1634,3.1599,-0.0035,0.0423,0.0679,3.1781,3.1781,0.0616,41002.0,0.8429691061202175,0.0
Pressure__friedrich_coefficients__coeff_0__m_3__r_30,Pressure,-0.1075,-0.0778,0.0298,0.0,0.672,-0.1075,-0.1075,0.0613,41237.0,1.0,0.1845
Motor_Current__permutation_entropy__dimension_7__tau_1,Motor_Current,3.1737,3.1723,-0.0014,0.023,0.0224,3.1781,3.1781,0.061,42282.5,0.20494109384487957,0.0229
"Motor_Current__fft_coefficient__attr_""angle""__coeff_12",Motor_Current,1.9653,8.7347,6.7694,106.0857,121.5083,5.203,19.5426,0.0592,39766.0,0.45986417531178325,0.0281
"Vibration__cwt_coefficients__coeff_10__w_2__widths_(2, 5, 10, 20)",Vibration,-0.0027,0.0087,0.0114,0.0293,0.265,0.0006,-0.012,0.0589,42213.0,0.6239326237531556,0.3749
Noise__permutation_entropy__dimension_7__tau_1,Noise,3.1759,3.1752,-0.0008,0.0108,0.015,3.1781,3.1781,0.0585,41391.0,0.8163989761310818,0.0
"Pressure__fft_coefficient__attr_""angle""__coeff_13",Pressure,8.0697,14.4486,6.3789,104.5559,116.284,15.4078,24.3615,0.0575,39531.0,0.3913448178643658,0.0
Noise__friedrich_coefficients__coeff_0__m_3__r_30,Noise,-0.0174,-0.0012,0.0162,0.4109,0.0321,-0.0009,-0.0009,0.0569,37579.0,0.06476491641246523,0.3815
Vibration__large_standard_deviation__r_0.30000000000000004,Vibration,0.0803,0.0963,0.0161,0.2717,0.2951,0.0,0.0,0.0565,40575.0,0.4995742896351094,0.0066
"Temperature__fft_coefficient__attr_""imag""__coeff_13",Temperature,0.0267,0.3058,0.2792,1.0851,7.0053,0.005,0.2266,0.0545,40358.0,0.6588275814349189,0.329
"Motor_Current__agg_linear_trend__attr_""rvalue""__chunk_len_5__f_agg_""var""",Motor_Current,0.0701,0.0961,0.026,0.4814,0.4769,0.0824,0.09,0.0542,39977.0,0.5267190668642466,0.028
Motor_Current__large_standard_deviation__r_0.2,Motor_Current,0.9672,0.9568,-0.0103,0.1782,0.2033,1.0,1.0,0.0539,41663.5,0.5193087989491689,0.0086
Temperature__has_duplicate_min,Temperature,0.0328,0.0432,0.0103,0.1782,0.2033,0.0,0.0,0.0539,40810.5,0.5193087989491689,0.0142
Noise__number_cwt_peaks__n_1,Noise,5.7117,5.6611,-0.0505,0.9556,0.9566,6.0,6.0,0.0529,41884.5,0.731757568782986,0.0
Noise__lempel_ziv_complexity__bins_100,Noise,0.8715,0.8691,-0.0024,0.0441,0.0475,0.8667,0.8667,0.0529,41663.0,0.8266549050856227,0.0451
Temperature__ar_coefficient__coeff_4__k_10,Temperature,-0.0237,-0.0062,0.0174,0.2942,0.3619,-0.0426,0.0287,0.0526,38439.0,0.15971871571461715,0.0266
"Motor_Current__change_quantiles__f_agg_""mean""__isabs_False__qh_1.0__ql_0.8",Motor_Current,0.0008,0.0227,0.0219,0.0285,0.5818,0.0,0.0,0.0519,37677.0,0.07255733197909339,0.3093
"Temperature__fft_coefficient__attr_""imag""__coeff_12",Temperature,-0.0332,0.2469,0.2801,0.9806,7.4111,0.1007,0.4375,0.0518,39051.0,0.27201756635080665,0.3163
"Noise__cwt_coefficients__coeff_9__w_2__widths_(2, 5, 10, 20)",Noise,-0.04,0.0869,0.127,0.5861,3.3888,-0.0604,-0.1614,0.0511,42172.0,0.6385851346200269,0.3078
"Vibration__fft_coefficient__attr_""angle""__coeff_14",Vibration,14.3817,8.3815,-6.0002,115.2147,120.801,32.3051,35.0003,0.0508,42552.0,0.5088270348905348,0.0091
Vibration__fourier_entropy__bins_100,Vibration,2.4328,2.4129,-0.0199,0.3978,0.386,2.5993,2.5127,0.0507,45114.0,0.050035013844671794,0.0245
"Motor_Current__cwt_coefficients__coeff_8__w_2__widths_(2, 5, 10, 20)",Motor_Current,0.0128,0.0402,0.0275,0.0549,0.7512,0.0108,0.0059,0.0504,41529.0,0.8835208885396213,0.3886
"Vibration__fft_coefficient__attr_""angle""__coeff_10",Vibration,16.9881,21.9227,4.9346,100.5291,115.9236,22.0988,46.1021,0.0453,39510.5,0.385676628568712,0.0615
Pressure__number_peaks__n_10,Pressure,0.3467,0.3256,-0.0211,0.4759,0.4686,0.0,0.0,0.0448,42108.5,0.5924952686621632,0.0102
"Temperature__cwt_coefficients__coeff_14__w_2__widths_(2, 5, 10, 20)",Temperature,-0.0277,-0.0895,-0.0618,0.3481,1.9602,-0.0245,-0.1525,0.043,43160.0,0.33392166591570194,0.2564
"Pressure__change_quantiles__f_agg_""mean""__isabs_False__qh_0.2__ql_0.0",Pressure,0.0018,-0.0014,-0.0032,0.0183,0.1009,0.0,0.004,0.0429,39053.5,0.2713041947727495,0.2175
Noise__number_peaks__n_1,Noise,8.7993,8.7475,-0.0518,1.1714,1.2586,9.0,9.0,0.0425,42037.0,0.67750880455606,0.0177
Noise__permutation_entropy__dimension_6__tau_1,Noise,3.2005,3.1989,-0.0016,0.0381,0.0371,3.2189,3.2189,0.0419,42561.5,0.3805704538695094,0.0
"Vibration__augmented_dickey_fuller__attr_""usedlag""__autolag_""AIC""",Vibration,2.4635,2.3289,-0.1346,3.3615,3.153,0.0,1.0,0.0414,40775.5,0.8026810825540526,0.0053
"Pressure__cwt_coefficients__coeff_14__w_2__widths_(2, 5, 10, 20)",Pressure,-0.0033,-0.0137,-0.0104,0.0441,0.3573,-0.0044,-0.0213,0.0401,44081.0,0.15296465129259806,0.2901
"Noise__augmented_dickey_fuller__attr_""usedlag""__autolag_""AIC""",Noise,2.0,1.8837,-0.1163,3.0459,2.8628,0.0,0.0,0.0394,41417.5,0.9201441043903588,0.0033
"Noise__fft_coefficient__attr_""imag""__coeff_12",Noise,0.0313,0.4554,0.4241,2.1489,14.8881,0.0996,0.5578,0.039,39645.0,0.423777490771172,0.3543
"Noise__change_quantiles__f_agg_""mean""__isabs_False__qh_1.0__ql_0.8",Noise,-0.0107,0.0613,0.072,0.2813,2.5347,0.0,0.0,0.039,37685.0,0.07340783547658053,0.2756
"Motor_Current__fft_coefficient__attr_""angle""__coeff_9",Motor_Current,8.6569,12.9549,4.298,106.6019,114.8228,4.8773,43.6723,0.0387,40234.0,0.6143635514334885,0.0116
Vibration__large_standard_deviation__r_0.2,Vibration,0.9781,0.9834,0.0053,0.1463,0.1278,1.0,1.0,0.0386,41019.0,0.6449890649422517,0.015
"Motor_Current__cwt_coefficients__coeff_14__w_2__widths_(2, 5, 10, 20)",Motor_Current,-0.0055,-0.0276,-0.0221,0.0506,0.7932,-0.0055,-0.021,0.0384,42373.0,0.5682029135694033,0.4187
"Motor_Current__cwt_coefficients__coeff_7__w_2__widths_(2, 5, 10, 20)",Motor_Current,0.078,0.0997,0.0216,0.0522,0.7911,0.0782,0.073,0.0377,41796.0,0.7789397071122465,0.3583
Temperature__permutation_entropy__dimension_7__tau_1,Temperature,3.1748,3.1754,0.0006,0.0163,0.0139,3.1781,3.1781,0.0368,41072.0,0.8113945689877018,0.017
Motor_Current__fourier_entropy__bins_2,Motor_Current,0.4728,0.4677,-0.0051,0.1419,0.1537,0.4826,0.4826,0.0345,41460.0,0.909650794024337,0.0
Vibration__mean_second_derivative_central,Vibration,-0.0,0.0002,0.0002,0.0008,0.0093,0.0,0.0002,0.0338,40223.0,0.6104503348297177,0.3294
Vibration__lempel_ziv_complexity__bins_10,Vibration,0.6011,0.6022,0.0011,0.0288,0.0383,0.6,0.6,0.0329,38705.0,0.18060578890384793,0.0118
Noise__large_standard_deviation__r_0.2,Noise,0.9781,0.9734,-0.0047,0.1463,0.1608,1.0,1.0,0.0304,41430.0,0.7170378581410852,0.0026
Pressure__partial_autocorrelation__lag_6,Pressure,-0.0317,-0.0259,0.0059,0.2068,0.1928,-0.0237,-0.0141,0.0294,40678.0,0.7789397071122465,0.0
"Vibration__fft_coefficient__attr_""imag""__coeff_12",Vibration,0.0023,-0.0166,-0.0189,0.0918,0.9155,-0.0053,-0.0336,0.0284,42403.0,0.5580246372340415,0.4104
Temperature__mean_second_derivative_central,Temperature,-0.0006,0.0008,0.0013,0.0093,0.0651,0.0002,-0.0029,0.0283,41785.5,0.782989893466572,0.3423
Temperature__partial_autocorrelation__lag_3,Temperature,0.0587,0.0538,-0.0049,0.1751,0.1942,0.0674,0.0429,0.0264,42531.0,0.5156207460258007,0.0195
Motor_Current__number_cwt_peaks__n_1,Motor_Current,5.6314,5.608,-0.0234,0.9509,0.8698,6.0,6.0,0.0257,41608.5,0.8433249750559342,0.0
"Noise__change_quantiles__f_agg_""mean""__isabs_False__qh_1.0__ql_0.6",Noise,0.0255,0.0012,-0.0243,0.1755,1.4091,0.0144,0.1225,0.0237,39443.0,0.3673703681202687,0.3579
Motor_Current__ar_coefficient__coeff_1__k_10,Motor_Current,0.0157,0.0227,0.007,0.2965,0.3423,0.0117,0.0053,0.0217,41363.0,0.949705935333863,0.029
Vibration__large_standard_deviation__r_0.25,Vibration,0.5146,0.5249,0.0103,0.4998,0.4994,1.0,1.0,0.0207,40811.5,0.8050273590552918,0.0106
"Noise__fft_coefficient__attr_""angle""__coeff_12",Noise,9.6817,11.8588,2.1771,103.3166,111.6924,9.363,20.5394,0.0202,40659.0,0.7716246742335979,0.0125
"Pressure__change_quantiles__f_agg_""mean""__isabs_False__qh_0.6__ql_0.4",Pressure,0.0002,-0.0009,-0.0011,0.0088,0.0795,0.0,0.0,0.0195,45714.5,0.023118829949664705,0.2096
"Vibration__fft_coefficient__attr_""angle""__coeff_12",Vibration,-6.2991,-4.345,1.9541,102.257,118.9834,-9.0125,-7.7214,0.0176,41065.0,0.9313109474120003,0.0252
"Noise__change_quantiles__f_agg_""mean""__isabs_False__qh_0.8__ql_0.4",Noise,-0.0007,-0.0095,-0.0088,0.1219,0.7973,0.0,0.0288,0.0151,39051.5,0.27212671818651735,0.2356
"Motor_Current__cwt_coefficients__coeff_10__w_2__widths_(2, 5, 10, 20)",Motor_Current,-0.0063,0.0028,0.0091,0.0553,0.8363,-0.0087,-0.0375,0.0149,42975.0,0.3825190790906947,0.4185
Noise__mean_second_derivative_central,Noise,-0.0003,0.0012,0.0015,0.0198,0.1377,-0.0004,0.0068,0.0149,39903.0,0.5027205313970832,0.3086
"Noise__change_quantiles__f_agg_""mean""__isabs_False__qh_0.2__ql_0.0",Noise,-0.0214,-0.0378,-0.0163,0.2659,1.5599,0.0,0.0,0.0143,37825.0,0.08553705236957906,0.1622
"Noise__cwt_coefficients__coeff_10__w_2__widths_(2, 5, 10, 20)",Noise,-0.0373,-0.0732,-0.0359,0.6044,3.5733,-0.0322,-0.0663,0.0137,42620.0,0.48715439374068015,0.2627
Vibration__ratio_beyond_r_sigma__r_2,Vibration,0.0392,0.0395,0.0004,0.029,0.0291,0.0333,0.0333,0.0125,40870.5,0.8453053532184747,0.0
"Motor_Current__agg_linear_trend__attr_""rvalue""__chunk_len_10__f_agg_""var""",Motor_Current,0.1142,0.1059,-0.0083,0.7212,0.6922,0.316,0.1752,0.0117,41751.0,0.7963419791635717,0.0
Noise__number_peaks__n_3,Noise,3.2591,3.2492,-0.01,0.8556,0.8399,3.0,3.0,0.0117,41511.5,0.8826246407833543,0.0379
"Pressure__cwt_coefficients__coeff_10__w_2__widths_(2, 5, 10, 20)",Pressure,-0.0009,0.0021,0.003,0.0436,0.3571,-0.0017,-0.0174,0.0116,43548.0,0.2455390530008401,0.3164
Vibration__friedrich_coefficients__coeff_0__m_3__r_30,Vibration,-0.1016,-0.1081,-0.0066,0.0,0.7889,-0.1016,-0.1016,0.0115,41237.0,1.0,0.1841
"Temperature__cwt_coefficients__coeff_10__w_2__widths_(2, 5, 10, 20)",Temperature,-0.0265,-0.0424,-0.016,0.3603,1.9478,-0.0178,0.03,0.0112,40343.0,0.6533801421897711,0.2332
"Noise__change_quantiles__f_agg_""mean""__isabs_False__qh_0.4__ql_0.0",Noise,0.0062,0.0124,0.0062,0.1711,0.8232,0.0141,0.0586,0.0102,36882.5,0.028646810252063597,0.1762
"Temperature__change_quantiles__f_agg_""mean""__isabs_False__qh_0.6__ql_0.4",Temperature,-0.0053,-0.0076,-0.0024,0.0565,0.3557,0.0,0.0,0.0091,40540.5,0.7233805692287917,0.1368
Temperature__permutation_entropy__dimension_3__tau_1,Temperature,1.7201,1.7207,0.0006,0.067,0.0566,1.7388,1.7388,0.0091,42323.0,0.5852247102715112,0.0359
Vibration__symmetry_looking__r_0.15000000000000002,Vibration,0.9927,0.9934,0.0007,0.0851,0.0812,1.0,1.0,0.0079,41210.0,0.926286659713128,0.0113
"Temperature__change_quantiles__f_agg_""mean""__isabs_False__qh_1.0__ql_0.8",Temperature,-0.0027,-0.0107,-0.0081,0.1568,1.4659,0.0,0.0,0.0076,39025.5,0.2656881215751018,0.2742
Motor_Current__mean_second_derivative_central,Motor_Current,0.0001,0.0002,0.0001,0.002,0.0277,0.0,0.0005,0.0072,41520.0,0.8870905713074352,0.3887
"Temperature__fft_coefficient__attr_""angle""__coeff_12",Temperature,2.1535,1.3785,-0.775,102.1761,112.4558,8.9223,6.0198,0.0072,41445.0,0.9169399212860068,0.0
Pressure__large_standard_deviation__r_0.30000000000000004,Pressure,0.0255,0.0266,0.001,0.1578,0.1608,0.0,0.0,0.0065,41194.5,0.9390527486954949,0.0
Temperature__large_standard_deviation__r_0.25,Temperature,0.4453,0.4485,0.0032,0.497,0.4973,0.0,0.0,0.0065,41103.0,0.9378945996781115,0.0
"Noise__fft_coefficient__attr_""angle""__coeff_11",Noise,10.0195,10.6921,0.6726,104.942,115.1242,15.2768,28.7278,0.0061,40942.0,0.8823308169151538,0.0
"Motor_Current__fft_coefficient__attr_""angle""__coeff_11",Motor_Current,7.1564,7.8007,0.6444,109.351,115.8982,6.3824,32.2887,0.0057,41282.0,0.9821563079870677,0.0
"Motor_Current__fft_coefficient__attr_""angle""__coeff_14",Motor_Current,8.6711,9.1179,0.4468,108.6236,121.6969,15.5224,21.8835,0.0039,40792.0,0.8232204218610324,0.0
Noise__has_duplicate_min,Noise,0.0328,0.0332,0.0004,0.1782,0.1792,0.0,0.0,0.0021,41221.5,0.9805731842873805,0.0014
"Vibration__change_quantiles__f_agg_""mean""__isabs_False__qh_0.4__ql_0.2",Vibration,0.0003,0.0004,0.0001,0.0062,0.067,0.0,0.0,0.0016,39766.0,0.4532973299813501,0.2361
Pressure__mean_second_derivative_central,Pressure,-0.0001,-0.0001,0.0,0.0016,0.0111,-0.0002,-0.0007,0.0011,42459.5,0.5390816904859125,0.3213
"Noise__fft_coefficient__attr_""angle""__coeff_14",Noise,4.6051,4.4973,-0.1079,101.9568,122.1605,-2.5725,18.9304,0.001,41281.0,0.9825572252111531,0.0403
"Noise__fft_coefficient__attr_""angle""__coeff_10",Noise,23.5828,23.5456,-0.0371,102.4182,111.6339,35.6583,51.363,0.0003,40718.0,0.7944032103831413,0.0249
