window_id,label,"Motor_Current__fft_aggregated__aggtype_""skew""","Temperature__fft_aggregated__aggtype_""skew""",Motor_Current__variation_coefficient,"Pressure__fft_aggregated__aggtype_""skew""",Temperature__variance_larger_than_standard_deviation,Motor_Current__percentage_of_reoccurring_values_to_all_values,Vibration__percentage_of_reoccurring_values_to_all_values,Pressure__percentage_of_reoccurring_values_to_all_values,Vibration__standard_deviation,"Vibration__agg_linear_trend__attr_""stderr""__chunk_len_5__f_agg_""max""","Motor_Current__agg_linear_trend__attr_""stderr""__chunk_len_5__f_agg_""max""",Pressure__lempel_ziv_complexity__bins_100,"Pressure__agg_linear_trend__attr_""stderr""__chunk_len_5__f_agg_""max""","Noise__agg_linear_trend__attr_""stderr""__chunk_len_5__f_agg_""max""",Temperature__mean_abs_change,"Motor_Current__agg_linear_trend__attr_""stderr""__chunk_len_5__f_agg_""var""","Temperature__agg_linear_trend__attr_""stderr""__chunk_len_5__f_agg_""max""","Motor_Current__agg_linear_trend__attr_""stderr""__chunk_len_5__f_agg_""mean""","Motor_Current__change_quantiles__f_agg_""mean""__isabs_True__qh_1.0__ql_0.6","Pressure__change_quantiles__f_agg_""mean""__isabs_True__qh_1.0__ql_0.6","Vibration__agg_linear_trend__attr_""stderr""__chunk_len_5__f_agg_""mean""",Vibration__range_count__max_1__min_-1,"Vibration__change_quantiles__f_agg_""mean""__isabs_True__qh_1.0__ql_0.6","Noise__agg_linear_trend__attr_""stderr""__chunk_len_5__f_agg_""mean""","Pressure__agg_linear_trend__attr_""stderr""__chunk_len_5__f_agg_""mean"""
0,0,11.68881305216659,12.557052177418768,0.005278419510015657,11.41990804447253,0.0,0.6153846153846154,0.6666666666666666,0.5833333333333334,0.022360679774997894,0.004680252333449757,0.006477590885002656,0.6666666666666666,0.006242274136447208,0.1990834098603715,0.3127586206896542,0.00014443007582467512,0.0524091698888216,0.005691191427455713,0.03333333333333336,0.018000000000000148,0.004224322189320277,30.0,0.013999999999999995,0.06885923727302833,0.004585098608721678
1,0,12.331350237546397,13.21322485089472,0.004786706973091258,10.573720523836677,0.0,0.5,0.7272727272727273,0.6666666666666666,0.025907956735764057,0.004967924325998085,0.0061434108277600985,0.6333333333333333,0.00594075054238119,0.1399253445263449,0.303793103448275,0.00011654169555451522,0.06206930513108534,0.005035168832330063,0.022222222222222143,0.026000000000000155,0.004358742875621629,30.0,0.012222222222222221,0.059361894830127195,0.0024198723753382366
2,0,12.479882414250795,12.706235807929193,0.004940435342409669,8.805943987174611,0.0,0.5714285714285714,0.8888888888888888,0.5,0.022469732728470294,0.003181579635902869,0.008741176309016252,0.7,0.009290474970100715,0.05917068588437367,0.33482758620689657,0.00015699202458186677,0.04180062818914093,0.0057370973248051255,0.037142857142857366,0.03125000000000022,0.0025125535158615083,30.0,0.012500000000000004,0.02975135050956217,0.0044921700587505515
3,0,12.032164461765982,12.389858633353004,0.005107778803333259,8.139757011173016,0.0,0.6923076923076923,0.875,0.4117647058823529,0.01885912687975418,0.0020067911910195677,0.0023211538298959894,0.7,0.0072242976261001745,0.043905278377294986,0.3562068965517253,0.0001933648541041551,0.03538130487551136,0.002288807430908621,0.02222222222222224,0.02833333333333347,0.002549749887694072,30.0,0.011666666666666667,0.07421509463787493,0.003204248879902121
4,0,11.217748601431902,10.81555968985431,0.005065841791028255,8.886328636575996,0.0,0.6923076923076923,0.6,0.6,0.02065591117977289,0.005185012414787125,0.005453576496083948,0.7333333333333333,0.006880911187881296,0.05175084211743749,0.38137931034482764,0.0002902772552198304,0.04152632146181083,0.0015589984574963629,0.014999999999999977,0.016666666666666607,0.00428609522116553,30.0,0.014285714285714287,0.07015154053515713,0.0042298582340631686
5,0,11.793336195523434,12.024916235473402,0.004683246982364037,10.32965540979651,0.0,0.5714285714285714,0.8,0.6923076923076923,0.023534844144138468,0.00598865139895714,0.006847215035435651,0.7,0.007435893827025955,0.08636609312002201,0.3393103448275858,0.0002396562799448536,0.07186116622268478,0.0038871145936215184,0.015000000000000036,0.01749999999999996,0.0052488547503694765,30.0,0.017777777777777778,0.06476061623368061,0.005257246375792425
6,0,11.370617410346242,12.689088751512145,0.005572945376474501,10.250363573092505,0.0,0.7333333333333333,0.9,0.5714285714285714,0.025044405008349112,0.004389226141639205,0.009393875555870599,0.6666666666666666,0.006936053888012647,0.10092200800955291,0.3103448275862062,0.0002577023331617435,0.07761145157105351,0.007277362159464065,0.023749999999999938,0.019999999999999907,0.004418637090947457,30.0,0.02,0.06180665926299303,0.005442088434655655
7,0,11.323014508775042,11.75412011287152,0.0052645299923354295,9.869491546190657,0.0,0.375,0.9,0.6153846153846154,0.025519056060564274,0.004123930494211613,0.010376582741334205,0.6666666666666666,0.004237827706911793,0.10024215578247714,0.33206896551724147,0.00020916837731365338,0.0701876978192766,0.006486993790298578,0.01499999999999968,0.011999999999999744,0.0036317571317401706,30.0,0.018750000000000003,0.11245735094831827,0.0025201230938514817
8,0,11.047969891441229,11.302401144798484,0.005693967424359181,8.620476204073091,0.0,0.4666666666666667,0.6363636363636364,0.5333333333333333,0.026068286394689534,0.004843117003844237,0.008035634920243038,0.7,0.005827450872677447,0.10547050398516372,0.3665517241379321,0.00010920102164930469,0.07716102078933157,0.004424176006143181,0.02666666666666669,0.02166666666666665,0.0036919474793767333,30.0,0.018000000000000006,0.10182368113958859,0.004167904578013831
9,0,10.598056664867403,10.52690061928796,0.005547660839399832,8.25732485410371,0.0,0.4,0.9166666666666666,0.7333333333333333,0.038240467221692435,0.0057095218237416595,0.008913797300417204,0.6666666666666666,0.00490175589807915,0.17533113472147793,0.40448275862069005,0.00023743525748422145,0.05117344124089538,0.0035132402626147155,0.03624999999999978,0.020000000000000285,0.006403060492722945,30.0,0.013749999999999998,0.0815192944900151,0.004620569214279297
10,0,10.057752368706574,10.675562910736232,0.007026238749875874,8.621291431068599,0.0,0.4117647058823529,0.3888888888888889,0.625,0.06850790708621401,0.00433307168231517,0.010119019607804354,0.7,0.002291658936288736,0.15284672861719834,0.38241379310344764,0.00041784557639669233,0.0674467287901337,0.005935709987964643,0.037499999999999534,0.02888888888888916,0.007931132147610275,30.0,0.028999999999999998,0.07297087668061505,0.0043718331589927125
11,0,9.326555967461296,10.83297279330595,0.011295047297046026,8.234141808822118,0.0,0.3181818181818182,0.42105263157894735,0.5294117647058824,0.09123900238141336,0.012119585543305375,0.007336424827645956,0.7333333333333333,0.004943214960899434,0.17499131173767862,0.3944827586206888,0.0004381734754156414,0.05614122135021539,0.01048728416949299,0.04222222222222251,0.02000000000000008,0.010248079295736375,30.0,0.028999999999999998,0.10325580413921258,0.005502949116573066
12,1,2.6354089644882905,5.969807826029462,0.08691523621512029,3.605257488132797,1.0,0.16,0.16,0.21739130434782608,0.2752647210716743,0.06144340906075121,0.16538497657341936,0.8,0.06340883433803879,0.5554497350465348,1.018275862068965,0.07247961658140689,0.2824040141550481,0.054927732360920425,1.2088888888888887,0.37909090909090915,0.03341445367330901,27.0,0.32909090909090916,0.24565211395067482,0.02144375335204003
13,1,2.002120204220706,4.25741686355877,0.10978341467021792,2.531313773315247,1.0,0.20833333333333334,0.2,0.07142857142857142,0.28521025382845,0.0830034832479488,0.28067862368894136,0.8666666666666667,0.09830578421885634,1.022335634544675,2.104482758620688,0.14458136859738646,0.4404848287441258,0.10448801252729802,1.3079999999999998,0.7699999999999998,0.03869788090315228,23.0,0.384,0.36749152241598537,0.03442946056943153
14,1,2.259415943197544,4.515478000355874,0.10543421700696262,2.8375953308765447,1.0,0.07142857142857142,0.5263157894736842,0.07407407407407407,0.23378527660131967,0.07548068185524913,0.30616353284403003,0.8666666666666667,0.11536785295999324,0.9547214289009753,2.2520689655172403,0.16077151449281515,0.5366334463880464,0.1073555577616406,1.8433333333333337,0.6699999999999999,0.0281534763624764,24.0,0.384,0.3887507149412669,0.04381799090020683
15,1,2.4941798435422315,5.215208550812822,0.09021626507324806,3.337969336219391,1.0,0.07142857142857142,0.22727272727272727,0.1111111111111111,0.2872041472928659,0.056769494538916596,0.30626105977530665,0.8666666666666667,0.10536660974416706,0.6921923172656806,1.678620689655173,0.14206169389410764,0.569522129317476,0.06909295326208162,1.0266666666666664,0.40600000000000025,0.008440395257856295,23.0,0.23285714285714285,0.26965510448376384,0.032006087856280445
16,1,2.2901082393022087,4.569876372210312,0.08819355459634196,2.957076076378603,1.0,0.11538461538461539,0.16,0.2,0.27338800266288205,0.04000238088152348,0.22040766187899638,0.7666666666666667,0.07805806316127634,0.30525711254924864,1.890000000000001,0.08269157129268903,0.43824371190059075,0.05364242406774642,0.8480000000000001,0.48250000000000015,0.007925984133834494,12.0,0.31400000000000006,0.1778700679946882,0.018856911975498596
17,1,2.0493394155118962,3.863016148020588,0.11243916687240389,2.726922948094031,1.0,0.1111111111111111,0.15384615384615385,0.1111111111111111,0.310859918434154,0.03635351745419578,0.09354907039318218,0.8333333333333334,0.046280716955388275,0.3030999475936817,2.882758620689657,0.05542345138877898,0.1632999827120062,0.0690489563088895,1.3359999999999999,0.49833333333333335,0.029192637222889117,2.0,0.27,0.07570535796421451,0.03309253980093089
18,1,2.178943069418612,3.6793596287831543,0.09864814130330476,2.6245499522798412,1.0,0.1111111111111111,0.25,0.07407407407407407,0.38833962798904087,0.06850135308261918,0.184679166550597,0.8666666666666667,0.08114604286167534,0.5496247328302971,3.323793103448277,0.08920815644231608,0.29006815994687496,0.10182603812785951,0.54,0.3866666666666667,0.049433228517189266,0.0,0.3685714285714286,0.3537016568250945,0.04300941836420502
19,1,2.7590237880129656,4.271165614396197,0.08268509810225994,2.9986002527232842,1.0,0.034482758620689655,0.2,0.0,0.3705071599248192,0.059633803133713324,0.23255528199478392,0.9333333333333333,0.10517041564304389,0.937806922094975,2.943448275862067,0.11176331460991742,0.4374853000445866,0.11008603685392636,0.7966666666666663,0.565,0.05102627841059326,0.0,0.1766666666666666,0.38643575840513267,0.053719027146356776
20,1,3.097746792962431,4.465569808699277,0.0863780954049335,3.454970927792648,1.0,0.0,0.15384615384615385,0.07142857142857142,0.35089156286364154,0.0503465541045669,0.13656126680664882,0.9,0.0673336701008618,0.8377644368798902,2.5620689655172404,0.11197717073905894,0.3288211473411883,0.12924552177139145,0.8422222222222217,0.32555555555555554,0.015540686122886166,0.0,0.17999999999999994,0.5060537596135888,0.060540081735975755
21,1,2.760728180171222,3.8488418470141745,0.08322102160663324,3.2321397374338003,1.0,0.0,0.1111111111111111,0.1111111111111111,0.46448167049112093,0.08075275105357767,0.15749501665801632,0.8666666666666667,0.05938345356934981,0.7879183285829868,3.4013793103448258,0.12626079229993298,0.3940508962602896,0.1287748739594232,1.0999999999999996,0.3999999999999999,0.04765585244341816,0.0,0.4114285714285713,0.7289563741227236,0.03257824490079715
22,1,2.536607549316929,3.645101773986889,0.09177050253185193,3.0367728725560887,1.0,0.034482758620689655,0.2,0.07142857142857142,0.407481287913936,0.09586512634414869,0.25157420024973254,0.9333333333333333,0.11123206115401894,1.3710354297609761,4.126896551724135,0.17330075150008953,0.2869910520305095,0.11534324050091396,1.6519999999999997,0.4275000000000002,0.062414650294851215,0.0,0.2839999999999999,0.937631387183306,0.06445588482392722
23,0,11.059050669640564,12.943674380253393,0.0050647632919816376,8.271431851335075,0.0,0.6153846153846154,0.5454545454545454,0.5625,0.024011571284602667,0.003982956888824092,0.0051455019654247924,0.7,0.008419284633595462,0.05688513309597655,0.2744827586206892,0.00017831535773096477,0.03976392923275094,0.003036646915562661,0.022000000000000065,0.03666666666666648,0.002667006781031506,30.0,0.009999999999999995,0.024716801413387248,0.005305163701975789
24,0,9.903152714652265,13.567767573328863,0.006347042323896855,7.922130143503818,0.0,0.5714285714285714,0.8,0.4444444444444444,0.02305548862105411,0.004843117003844238,0.003717946913512991,0.7333333333333333,0.009686234007688494,0.07706044981162596,0.2555172413793105,0.0002848660322441611,0.04127986447269826,0.0034872752164654105,0.02124999999999999,0.035714285714285844,0.003281280652594112,30.0,0.009090909090909092,0.04478820301431765,0.006757369371014559
25,0,9.628432488067928,12.69458147892725,0.006735062525645971,8.371330982546503,0.0,0.4375,0.75,0.4666666666666667,0.019232495649002212,0.004885073753612253,0.0058437710311018635,0.7,0.012980361933257783,0.06710475109146656,0.22413793103448348,0.0004528378628913772,0.059896055086841274,0.005906021371056356,0.02750000000000008,0.016666666666666902,0.002376300216952486,30.0,0.011666666666666667,0.042675398766314675,0.009584568095549837
26,0,9.54241684113421,11.661142863529184,0.006390952157181216,7.823224799335262,0.0,0.5,0.7777777777777778,0.6428571428571429,0.01977933826552906,0.002291658936288756,0.007435893827025904,0.6666666666666666,0.011556427666375282,0.08588760255187487,0.3262068965517244,0.0002706718433873762,0.0735304092769472,0.005600097180886638,0.03833333333333296,0.03714285714285749,0.0008027164764078279,30.0,0.014999999999999994,0.0834527557902055,0.007629659276813891
27,0,9.224001869710339,10.541742215589887,0.007267473616936572,7.643461044553143,0.0,0.5625,0.7,0.6,0.022469732728470287,0.003717946913512978,0.007023769168568496,0.7,0.006511110337195183,0.10110774208834897,0.37206896551724133,0.00036972119225167383,0.07398528995179883,0.006955798246908848,0.0259999999999998,0.03600000000000012,0.0029962334631978187,30.0,0.017499999999999995,0.09668479116974626,0.005048014360081747
28,0,10.21300611106957,11.737599915898526,0.006639953359880472,6.9733797098678725,0.0,0.5294117647058824,0.8888888888888888,0.5,0.02412928142780514,0.003440455593940656,0.004831867007225124,0.7333333333333333,0.010330589936464116,0.08562328502677068,0.30999999999999983,0.00026548490252628024,0.06511904326630062,0.006591852319856913,0.012499999999999734,0.06285714285714292,0.004773167632893347,30.0,0.010833333333333334,0.08262840018423921,0.0035286967396296475
29,0,10.652150325829698,11.87868070486586,0.007392799466033036,7.343776850987505,0.0,0.4666666666666667,0.7,0.4117647058823529,0.026087459737497546,0.004212065597618282,0.009290474970100698,0.7333333333333333,0.014047538337136957,0.13079266450545085,0.3417241379310346,0.00039852576219016656,0.07012719250940869,0.010733481217555607,0.026249999999999662,0.028000000000000115,0.0039396812606319,30.0,0.01,0.0696175206659466,0.006865233322431908
30,0,10.366653640660472,9.939743992751731,0.007250301534718833,7.298318415949166,0.0,0.5294117647058824,0.9,0.4117647058823529,0.025388098699106153,0.0039313842743905324,0.009731077923386488,0.7333333333333333,0.012832781152534457,0.10614737540854423,0.4789655172413793,0.000282812448609384,0.050005986036231485,0.008760579609936715,0.03666666666666648,0.03999999999999989,0.004271340976964565,30.0,0.011111111111111112,0.02382852575078414,0.005078110956286153
31,0,10.456723525523666,10.379201081515841,0.00794831522760706,6.996068379946029,0.0,0.2777777777777778,0.5,0.5,0.06070053999393708,0.008390146472090297,0.009250850301054254,0.7,0.012743412330421169,0.10279919002301391,0.3920689655172408,0.00016043190684740668,0.02746426249302433,0.009979461902524888,0.03749999999999987,0.05400000000000045,0.010465778375582137,30.0,0.022500000000000006,0.07930344374916101,0.010084702498824425
32,0,8.881245154865356,11.760837190353362,0.01326199208868184,7.325685881438378,0.0,0.16666666666666666,0.5294117647058824,0.25,0.07288041956215369,0.012978265452272878,0.010668792305209578,0.7666666666666667,0.005408484138857356,0.10919121342138921,0.3241379310344827,0.0003964441019694872,0.09646373256659896,0.00833287073545956,0.05899999999999981,0.04142857142857143,0.015542156846968901,30.0,0.01363636363636364,0.07938322103765437,0.00680536003236174
33,1,7.202917992270254,8.857916609759073,0.0242062612316151,6.96878198225466,0.0,0.1111111111111111,0.47368421052631576,0.2608695652173913,0.07269724127426631,0.017458989848516786,0.022593720155746545,0.8333333333333334,0.011069354644463125,0.21606574963021177,0.6248275862068969,0.0006292099544688713,0.1269820277604266,0.015954936540143173,0.11454545454545452,0.07181818181818182,0.018449032568703665,30.0,0.019999999999999997,0.1002461840419179,0.010721457916903963
34,1,3.470821218273719,6.832680202066625,0.0761184392777601,4.359646948031534,1.0,0.07142857142857142,0.15384615384615385,0.20833333333333334,0.2981552541136171,0.035545123186070546,0.14525483119812088,0.8666666666666667,0.05277084332054871,0.5272195840405761,1.0455172413793117,0.06233702812601136,0.20777624018735816,0.08166776564580559,0.5660000000000001,0.22374999999999967,0.026818411788999585,28.0,0.07500000000000002,0.36258776952931654,0.03403908118059366
35,1,3.057316529904907,6.0417535379812,0.0671164309937597,3.7969433120220644,1.0,0.0,0.17391304347826086,0.07142857142857142,0.1524062553396896,0.0490383717588778,0.1841710237425925,0.9333333333333333,0.06518252760335323,0.8692358048042786,1.2941379310344843,0.06864816402933613,0.16135101381727965,0.06763402919212995,0.20285714285714335,0.12714285714285722,0.013946369580998349,26.0,0.06375000000000001,0.29781123181626085,0.030168740861528636
36,1,3.2022156938304502,6.028264058536605,0.06779126275415881,3.7006109383832717,1.0,0.034482758620689655,0.12,0.2,0.24672431758723926,0.07650654678313663,0.20602476569973974,0.8333333333333334,0.07457215836169083,1.0558867440812634,1.3848275862068984,0.07174414848146202,0.2656902190841934,0.044224559926360804,0.6183333333333337,0.33500000000000024,0.029315306767699924,18.0,0.3157142857142857,0.2869009585205335,0.013950739380108141
37,1,2.9888311010662334,5.450561855826838,0.07486397665854308,3.3198321836832054,1.0,0.034482758620689655,0.15384615384615385,0.1111111111111111,0.38324187314714625,0.048822878544671634,0.18019792595090223,0.9,0.0717165622860051,0.7247180451030314,1.5655172413793113,0.0570939096904569,0.2294988328635122,0.04824007987267895,0.8528571428571426,0.2942857142857142,0.023784474442160662,5.0,0.386,0.17751876244613915,0.02602054656492465
38,1,3.5755864150319745,5.492633725127914,0.06072265335476556,3.577428444983261,1.0,0.07142857142857142,0.2,0.1111111111111111,0.23338785077396143,0.046750168248815074,0.1506177754639681,0.8666666666666667,0.06001292377820097,0.8261298180010676,1.7486206896551726,0.03782276406995794,0.34239007869153326,0.061358161197824716,0.63375,0.2200000000000001,0.03080855080527302,0.0,0.15500000000000014,0.3005172085805761,0.026505437768362086
39,1,3.1439113186156473,5.08674039680189,0.07868445215112642,3.450565429737677,1.0,0.07142857142857142,0.07142857142857142,0.15384615384615385,0.36191711758357054,0.03673327283721573,0.17565581683051248,0.8666666666666667,0.05857375140574056,0.7250423961331345,1.8048275862068976,0.08733205629703701,0.4081895651390853,0.06076001191259814,0.9755555555555553,0.407142857142857,0.03212633226015378,0.0,0.2888888888888889,0.5880186012144099,0.01885950923103168
40,1,3.0872987370700566,4.41929841670584,0.06836966453069386,3.3756804861160825,1.0,0.034482758620689655,0.07142857142857142,0.15384615384615385,0.40375405054727725,0.03796812125049796,0.1989891461163369,0.8,0.0452055020430698,0.4812584975837817,1.986896551724137,0.11899667964648267,0.3946808923709401,0.05311573296524642,0.748,0.2539999999999999,0.013198144582029833,0.0,0.20125000000000004,0.4464717227145232,0.020161740557623518
41,1,3.4464668758093944,5.003399610625064,0.06733278135248912,3.93607877615145,1.0,0.034482758620689655,0.03571428571428571,0.16,0.27263019315956594,0.046255133930905294,0.200233740963925,0.8666666666666667,0.06403506692366596,1.1409862305178322,1.878965517241379,0.09497741968858453,0.37816628815456094,0.06728929926755317,0.9600000000000006,0.18833333333333346,0.0348622634802444,0.0,0.2099999999999999,0.7585287226791428,0.05332331878766177
42,1,4.129451510749499,6.737028568256598,0.05724570601311693,4.778202224324759,1.0,0.16,0.11538461538461539,0.20833333333333334,0.45290236867955946,0.027329185017879638,0.1626650496183707,0.8333333333333334,0.06058176012517256,1.1085277360069068,1.1796551724137943,0.06529997109318372,0.2629483278692818,0.07094497628348269,0.3220000000000006,0.15285714285714264,0.030643830598368393,0.0,0.14999999999999997,0.6448793700412219,0.05170263483594996
43,1,4.3972121028219595,4.62209372738655,0.049382632903588554,4.896538444882959,1.0,0.1111111111111111,0.034482758620689655,0.2,0.5506016910818765,0.07821964539148756,0.13273184055304396,0.8333333333333334,0.06382757385075405,0.4748505529311792,2.0517241379310365,0.05792366373995213,0.4832025251094092,0.052986682963067404,0.5199999999999996,0.2166666666666671,0.04484583418264634,0.0,0.21624999999999983,0.4590652875477425,0.04474188407383149
44,1,4.230171353205566,4.153525394333164,0.0642175458961162,3.5218849261119196,1.0,0.1111111111111111,0.15384615384615385,0.1111111111111111,0.3887409877483407,0.0778891589917067,0.1635524006399848,0.8666666666666667,0.03239215492492386,0.5329970963916258,3.1200000000000028,0.09239068295487682,0.4704836706557862,0.06343876365987841,0.5966666666666668,0.2928571428571427,0.046842308917920614,0.0,0.16428571428571445,0.4486327383033365,0.045463897615520665
45,1,3.884167272246537,4.122842635726104,0.053849485692260675,3.269629288363233,1.0,0.16,0.1111111111111111,0.15384615384615385,0.5991442972180314,0.10314879286442359,0.11733410636727412,0.8333333333333334,0.06369143301461958,0.8401082210818144,2.6962068965517254,0.10794995150937647,0.3146306332418219,0.038820711212542686,0.8237500000000004,0.4562500000000005,0.03510703555668345,0.0,0.48624999999999996,0.5797664817263356,0.05178476649378962
46,0,12.023530651987596,12.566716422974011,0.005455420886873004,8.721293074487852,0.0,0.6666666666666666,0.75,0.6923076923076923,0.01702612371882951,0.0031815796359028706,0.012600615469257037,0.7,0.006384505052226406,0.03996018426547346,0.2682758620689648,0.00023723108398960495,0.06156397038024408,0.008838875170841382,0.018000000000000328,0.019999999999999955,0.0019143567861717693,30.0,0.010000000000000005,0.04063388887579044,0.0035268455389741602
47,0,15.172497196785693,8.609605394865525,0.004659313439323539,9.337757294471134,0.0,0.5714285714285714,1.0,0.6428571428571429,0.01819951159295826,0.004370588154508101,0.008349508112115767,0.7,0.008316854455093616,0.08721417846411265,0.1706896551724129,7.395383741245183e-05,0.04543605808330734,0.007372092993312129,0.016000000000000368,0.02333333333333328,0.002446043591537294,30.0,0.013333333333333327,0.04020126237568469,0.001989632995248687
48,0,12.024749467901461,14.709732808996131,0.004899102658102127,9.310838652553784,0.0,0.5333333333333333,0.6,0.5714285714285714,0.025811280910141253,0.00473228885668756,0.006805360032361843,0.7,0.008027164764078247,0.10272902073260616,0.2079310344827584,0.00017084048971239134,0.03517574922206128,0.005062010033398966,0.022499999999999964,0.03571428571428559,0.0023988659452185397,30.0,0.021000000000000005,0.03511543645679292,0.0010981741185066018
49,0,10.561688692443548,13.171420293855464,0.005648199201198643,8.897235086032849,0.0,0.5,0.5454545454545454,0.5714285714285714,0.02526306042866189,0.0031815796359028698,0.009963197585235777,0.6666666666666666,0.0037688302737922817,0.1030012218407154,0.27620689655172453,0.00031092136591478,0.03210865905631318,0.004229858234063141,0.03500000000000014,0.03666666666666677,0.0018000755842029349,30.0,0.01333333333333333,0.06896042047317269,0.003581053696641733
50,0,10.144067114053733,10.914647546747759,0.006012880747350939,8.587890704192759,0.0,0.6428571428571429,0.8888888888888888,0.7142857142857143,0.020645150089602698,0.0022916589362887555,0.008373914794144505,0.6666666666666666,0.005742786069211929,0.09127487080690029,0.34448275862068994,0.0003451170472847285,0.040263756258292524,0.002702077809722538,0.03000000000000025,0.02857142857142834,0.0020951515133625967,30.0,0.015,0.0656701466670004,0.003983366777532907
51,0,11.172187832178214,11.179094165771458,0.005171951201421654,8.637916395802955,0.0,0.4666666666666667,0.8571428571428571,0.6,0.01631631766736056,0.0015474358865973253,0.007041181100676033,0.6666666666666666,0.0013997084244475007,0.033621340809419364,0.3551724137931036,0.0003710589692211416,0.055841856390793816,0.0022441458232903113,0.028571428571428976,0.01599999999999966,0.002227350092682817,30.0,0.006666666666666672,0.031929718739373815,0.003927506349129005
52,0,11.29174294173319,11.865958974387715,0.0050812001960249195,9.40412201829689,0.0,0.5,0.7142857142857143,0.6923076923076923,0.015577761927397233,0.002770102775666474,0.0062269984907723855,0.6666666666666666,0.0037361990944634643,0.10667644513002039,0.35172413793103435,0.00035774293510710967,0.09075166084198251,0.002819369351010074,0.038333333333333997,0.01749999999999985,0.0030830676480494185,30.0,0.008000000000000002,0.03996089244711675,0.003281280652594144
53,0,11.862177086474665,13.085772078361142,0.004986802220456081,10.038323961012683,0.0,0.6428571428571429,0.75,0.5384615384615384,0.0187053171287976,0.003910564793837678,0.004199125273342603,0.7,0.0027454352962665756,0.1215136956531756,0.28310344827586187,0.00010734667597805909,0.1044844811573522,0.0061564191376676965,0.03250000000000064,0.016666666666666607,0.003095399263203288,30.0,0.008888888888888882,0.08491042098492171,0.003944513109810811
54,0,11.588486302894758,13.325496742711891,0.0057481257272152305,9.320934698482915,0.0,0.6428571428571429,0.4166666666666667,0.5384615384615384,0.03142716447067197,0.006936053888012616,0.008817113847435469,0.6666666666666666,0.003606494519764087,0.04751569737043404,0.2617241379310351,0.00036119488473939184,0.06755758440681797,0.007853557623583137,0.01833333333333324,0.019999999999999574,0.005436385353733281,30.0,0.013333333333333322,0.05961310178779387,0.004704260624924019
55,0,10.038865605075985,12.391382686656463,0.009477586132648297,8.745863240396172,0.0,0.35,0.4117647058823529,0.6,0.07337953090307647,0.0051110125199995285,0.008708428945215996,0.6666666666666666,0.004420114813665652,0.05809867281025374,0.32344827586206953,0.0004423860695792989,0.06523885991904958,0.0073243977719052115,0.03249999999999975,0.0399999999999995,0.0052066937555367634,30.0,0.026428571428571437,0.07472755049324917,0.003597429165201012
56,0,7.788106975273115,11.142436536162245,0.014374599375812818,7.822618044932089,0.0,0.2727272727272727,0.25,0.47058823529411764,0.08461415694525093,0.01341336525063486,0.008658290038717676,0.6666666666666666,0.005016977977548913,0.0628727253412534,0.33655172413793094,0.0004902045798113564,0.04722417229533583,0.007006935339871666,0.08666666666666699,0.0255555555555558,0.01177189088320081,30.0,0.025555555555555567,0.08865742062169675,0.0047754474093203055
57,1,3.640987921769309,7.176210791096792,0.0659779563100151,4.40250035336069,1.0,0.22727272727272727,0.12,0.14285714285714285,0.2120704809465214,0.055870842309814546,0.14663917491259845,0.7666666666666667,0.05861833197505212,0.4656449846188404,0.5713793103448276,0.04906578065275173,0.27414391175756847,0.04242407223218806,0.5112500000000004,0.22888888888888856,0.030139394971560065,30.0,0.133,0.17308351018106416,0.01979563615760696
58,1,2.8531546054154946,5.728341950427839,0.08876122331267809,3.4165756700406513,1.0,0.11538461538461539,0.16,0.15384615384615385,0.28415645142929424,0.047731676328933485,0.154909058245574,0.9,0.06340733235138007,0.542489900843331,1.0248275862068963,0.06634419036133836,0.2437954981084748,0.07322467150494305,0.5462499999999999,0.30374999999999996,0.03761672807797773,25.0,0.18499999999999994,0.25709905870382743,0.0337343443154682
59,1,2.6504984295534695,5.379035977169748,0.07515766559431748,3.1624492876166794,1.0,0.07142857142857142,0.21739130434782608,0.12,0.22651980536417168,0.03440732401071363,0.16021652016360033,0.8,0.0575634521237926,0.7147124058873273,1.4141379310344815,0.06498271949267706,0.25440355749876564,0.09188826104028096,0.466,0.29000000000000004,0.01666361876892862,23.0,0.08499999999999999,0.2702395973946083,0.03206393273310263
60,1,2.8971829322878273,4.875957447375675,0.07542255603967085,3.2985671497738105,1.0,0.07142857142857142,0.16,0.11538461538461539,0.3084477265275269,0.06909975043517944,0.21229539169123135,0.8333333333333334,0.09284219659932519,0.7260551692836686,1.8948275862068966,0.08714982214918487,0.364553291084879,0.11383641682659555,0.3939999999999998,0.3166666666666667,0.03398871361292193,16.0,0.2575,0.39271533371302575,0.04645809171408447
61,1,2.882946945209191,4.93911875084712,0.06487435230143744,3.289859550831772,1.0,0.11538461538461539,0.2608695652173913,0.1111111111111111,0.21168136431911053,0.05140740305087755,0.2191864984172961,0.9333333333333333,0.08252692819650452,0.479640795301032,1.7551724137931042,0.08339857785356251,0.32490618216784434,0.08484029334078044,0.2675000000000003,0.15285714285714277,0.023972092618079806,3.0,0.1616666666666666,0.18520187184079184,0.03538579598967823
62,1,3.7679270694716305,6.178059317948698,0.05482803718006926,4.542194834867205,1.0,0.1111111111111111,0.2608695652173913,0.1111111111111111,0.17253952848228396,0.0258872489821523,0.174198885474851,0.9,0.06391150344115555,0.5756309286221468,1.3713793103448269,0.04942791715768468,0.2532299108618523,0.03936970070159699,0.6650000000000003,0.28666666666666657,0.021880068897651712,1.0,0.17666666666666675,0.3129990145819175,0.02054553926460596
63,1,3.190818691912165,5.081487918575247,0.07441182220390738,3.7340577909781985,1.0,0.034482758620689655,0.15384615384615385,0.03571428571428571,0.480548875997252,0.06563618547369589,0.1499462035050512,0.9,0.08042539958221644,0.8297284696413249,2.0062068965517246,0.0678757251309618,0.32061794077309186,0.0539208591142522,1.3166666666666662,0.40999999999999986,0.026833261925793397,1.0,0.35400000000000004,0.35191408660885104,0.0366875092277104
64,1,3.213495195100504,5.256460568535495,0.0680716055601858,3.495493789804893,1.0,0.1111111111111111,0.15384615384615385,0.11538461538461539,0.3243516610100834,0.07182594229381581,0.11517983572580384,0.8666666666666667,0.05680207910346411,0.8571108247982835,1.7786206896551737,0.08021877358270284,0.2973707001930984,0.057672516710071176,0.9200000000000003,0.3325,0.04038694474855022,0.0,0.13285714285714287,0.38950373868421345,0.03117267249056581
65,1,3.4745564379621046,5.133134963708101,0.05689116427655274,3.8443481733843785,1.0,0.07142857142857142,0.16,0.07142857142857142,0.2062956346820962,0.0491818781957048,0.1250303908634049,0.8666666666666667,0.05846145308319523,0.46159990921844446,1.6551724137931045,0.07925294268646921,0.421834606657811,0.06409417391036144,0.3175000000000001,0.22874999999999956,0.011994329726092727,0.0,0.21999999999999992,0.23361172973998703,0.03595640595570823
66,1,3.479981104482911,4.581221679065299,0.06577343552615351,3.6430311377555746,1.0,0.034482758620689655,0.07142857142857142,0.07142857142857142,0.5295843233665017,0.06560384093616953,0.17987622350470034,0.9,0.05412708653344137,0.7146411877375128,2.1675862068965523,0.08219401196278371,0.36028401495011014,0.038821299995406434,0.6314285714285709,0.493,0.06016153312563778,0.0,0.28499999999999986,0.45151550338379204,0.03517169548465521
67,1,3.1749725127296897,4.480469687440504,0.05514496168292653,3.297904897097421,1.0,0.034482758620689655,0.1111111111111111,0.16,0.2957250975709254,0.051474053962093536,0.22407439240871171,0.9,0.07027603495100863,0.6154005387788122,2.642068965517241,0.12255368157741979,0.1812856579984152,0.08663304423683535,0.6950000000000003,0.24833333333333338,0.03918975292973762,0.0,0.12600000000000006,0.5255303539522445,0.021281271508225563
68,1,3.518321360568214,4.367589840391711,0.05935411863858665,3.5274579589655626,1.0,0.034482758620689655,0.16,0.15384615384615385,0.39630529757863303,0.05094160989846727,0.27146606257366995,0.8333333333333334,0.0957877472175163,0.8871850614913067,2.8803448275862054,0.12602710437478007,0.5320262384200118,0.12142244466336188,1.0514285714285714,0.682,0.04651152442956376,0.0,0.13222222222222227,0.5398870851964386,0.039790977680397695
69,0,9.80182952564544,12.793109781004071,0.007122869498855256,8.71427138101715,0.0,0.42857142857142855,0.8888888888888888,0.7142857142857143,0.022815686611530134,0.004084148884265061,0.011497411717011654,0.7,0.006242274136447251,0.08960335878058294,0.2541379310344824,0.0003767488851330281,0.05309393549544563,0.005392057651238951,0.04000000000000026,0.020000000000000018,0.003923069740710222,30.0,0.010000000000000002,0.05340063440729905,0.007115146247439291
70,0,11.53441533196973,11.478458352888774,0.0059842230383772696,7.361358466887707,0.0,0.4666666666666667,0.8,0.47058823529411764,0.024677925358506127,0.004279360369268757,0.007081642455246236,0.7,0.00533758334064847,0.08650791320809313,0.3172413793103442,0.00027540005384869766,0.07130522683611393,0.0037059246553350416,0.03200000000000003,0.021666666666666796,0.004229729571130754,30.0,0.012857142857142857,0.07187322928904262,0.006438658752458736
71,0,10.576910659856503,11.215633776688685,0.007687876380823729,7.1331223126326,0.0,0.4666666666666667,0.8,0.38095238095238093,0.02319243171573194,0.0018070158058105029,0.004212065597618344,0.8,0.0052940731846427905,0.07379913905439558,0.33241379310344804,0.0002370938055982549,0.10987091993616449,0.00487369727928072,0.022857142857143003,0.040000000000000036,0.002993507714266681,30.0,0.016666666666666653,0.05685224195197563,0.008086740638209034
72,0,8.467911896197057,11.363607968825452,0.009015681790764353,7.443209830514011,0.0,0.4117647058823529,0.8,0.5625,0.025086516962969038,0.006635300361276323,0.007012137193980962,0.7,0.011497411717011631,0.06128488177922774,0.355862068965518,0.0008170055109348745,0.09502881768430145,0.00750379495825343,0.0433333333333333,0.04833333333333334,0.0038773018179856823,30.0,0.04999999999999999,0.040422839910062056,0.011213597188447716
73,0,7.838423838367905,10.852593016653929,0.00967525094496618,7.252969854496567,0.0,0.3684210526315789,0.6363636363636364,0.3157894736842105,0.02740843341422895,0.006916410535377259,0.013505352932194311,0.7333333333333333,0.013842653200129205,0.06648819648711238,0.39275862068965617,0.0011530631904143112,0.06212517537171232,0.006118823416311242,0.043999999999999775,0.06166666666666668,0.003935949781218262,30.0,0.031999999999999994,0.04650875127949818,0.01106837131367636
74,0,9.14327647853279,9.87545651329705,0.008248847434093485,6.779951045418537,0.0,0.4444444444444444,0.6363636363636364,0.4117647058823529,0.02547329756605707,0.003614031611621008,0.009290474970100758,0.7333333333333333,0.016653327995729068,0.04747588002000032,0.42862068965517314,0.0007811862544116046,0.060163722203565216,0.005178710999761183,0.023333333333333428,0.07999999999999985,0.0023472664663274968,30.0,0.018000000000000006,0.059706875821869815,0.012999131315822
75,0,9.659263084422797,10.049769620585113,0.007724771178989091,6.5859427849204515,0.0,0.42105263157894735,0.6363636363636364,0.7857142857142857,0.025551690528982398,0.004237827706911809,0.006220440302022093,0.7,0.0169737692790204,0.06384824695679431,0.45862068965517233,0.0004126030221381712,0.06500695933440305,0.00698359593940668,0.03199999999999985,0.1200000000000001,0.00270046607214435,30.0,0.021111111111111115,0.07601575203747685,0.011059665025496457
76,0,9.970524963801791,10.273699594829829,0.006327589271948508,7.053843855633566,0.0,0.5,0.8,0.625,0.02803965445975079,0.006635300361276329,0.006805360032361877,0.7333333333333333,0.011084094137869082,0.07140799703686077,0.4300000000000002,0.0003614740615076795,0.05430701336549692,0.0063438866603356455,0.029999999999999954,0.009999999999999787,0.004700788759983417,30.0,0.020000000000000007,0.07183012461858229,0.009007751763716345
77,0,9.145319335035044,11.487583923799153,0.007022245123950203,8.27182586588217,0.0,0.4444444444444444,0.8,0.6428571428571429,0.02294921930407801,0.005301777394177823,0.009644003459201368,0.7333333333333333,0.006056424036413178,0.09506918354474209,0.38862068965517277,0.0006645073973165645,0.043101525455587084,0.0046567046244296185,0.01714285714285741,0.021999999999999707,0.0029769180063156844,30.0,0.018333333333333337,0.04690483055349049,0.005599999999999979
78,0,9.12139386957608,11.183938463532964,0.007906563092354331,7.713310697332057,0.0,0.42105263157894735,0.6666666666666666,0.3,0.0187053171287976,0.0032366943748507477,0.013275725891987306,0.7666666666666667,0.01400874362529283,0.10657308820359668,0.38482758620689617,0.0007748532434232531,0.03897391417851837,0.00341871599399822,0.03428571428571444,0.04285714285714245,0.0018315452009517149,30.0,0.004999999999999994,0.08162761304169318,0.012180591230358626
79,0,9.537077129582665,10.22020305282854,0.007622813784118971,7.119172257331215,0.0,0.5294117647058824,0.7,0.3684210526315789,0.04739901546094251,0.010860901604998979,0.009464577713375062,0.7333333333333333,0.016719372445339737,0.08902464689681129,0.4375862068965509,0.00019184474448468483,0.03313218218890232,0.009951720187679947,0.024999999999999762,0.05999999999999961,0.007976291399503652,30.0,0.017000000000000008,0.08941789073599055,0.011114738636872505
80,0,7.4878673174240005,10.011032665421416,0.014949236049797037,6.7114476144326,0.0,0.38095238095238093,0.47058823529411764,0.21052631578947367,0.08084896756023267,0.012467099559583679,0.01758787461103048,0.7666666666666667,0.013043099669158066,0.14079579461870587,0.4575862068965516,0.0002967178498994931,0.09594045772546403,0.015653631862165066,0.1179999999999997,0.027999999999999758,0.01359223467783774,30.0,0.036363636363636355,0.04944007573250011,0.007110555533852455
81,1,6.498359286330147,10.811344270987698,0.019761725035225094,5.798354709196324,0.0,0.3,0.5263157894736842,0.35294117647058826,0.0827848617401354,0.007821129587675356,0.02672001466454444,0.7333333333333333,0.017599474327338258,0.12697077707603616,0.39448275862069004,0.0010805604230005395,0.06593957241963583,0.017677011475186574,0.14857142857142897,0.02599999999999989,0.008810939397205288,30.0,0.03666666666666666,0.10595720866475875,0.01140101439573257
82,1,4.47443370357241,8.479355297461774,0.04194441832177401,4.821990446865808,0.0,0.07407407407407407,0.3181818181818182,0.21739130434782608,0.21947411895002308,0.04146041469154112,0.09263372389535614,0.8,0.03483371578086438,0.24982758680588402,0.5541379310344835,0.021604480898587086,0.14867423183216513,0.024990403600358906,0.43333333333333296,0.1399999999999998,0.022286984090808364,29.0,0.10909090909090909,0.16887329871950782,0.012216549497818632
83,1,2.5535247557485614,5.651697321305185,0.0892531161686466,3.079757455371793,1.0,0.034482758620689655,0.2,0.11538461538461539,0.2872569504042601,0.0636138435282398,0.13273573561857438,0.8666666666666667,0.050984858363174165,0.5656093697806583,1.2455172413793123,0.059604869787006375,0.1516250297934482,0.07849965206387644,1.05125,0.30428571428571416,0.03457437216905542,24.0,0.32,0.3593538570237181,0.03214722933226888
84,1,2.5171593039619165,4.8034523997681005,0.08103220854283157,2.910268133715656,1.0,0.07142857142857142,0.07142857142857142,0.07142857142857142,0.2492085249121484,0.059798300433155094,0.15543706209301844,0.9,0.061582752245654473,0.9034590669832725,1.8993103448275885,0.06870827146758338,0.2793336580453685,0.09394377823670792,0.8879999999999996,0.5366666666666665,0.025124170545079334,20.0,0.2233333333333333,0.49126521315870086,0.03667282075751634
85,1,3.0741627023108564,5.070288157109972,0.07789379127798497,3.3677343291347737,1.0,0.11538461538461539,0.07142857142857142,0.15384615384615385,0.367396243856684,0.07061787559634952,0.22050116077871773,0.7666666666666667,0.08661306558049826,1.0908445458126705,1.8162068965517242,0.08360832685157789,0.48422764085011244,0.10243961287370364,0.746666666666667,0.24249999999999994,0.03683033354977599,10.0,0.20555555555555557,0.585325791716869,0.04896920592833521
86,1,2.867242662165311,4.346871979458755,0.08675513660970235,3.3522335571621142,1.0,0.07142857142857142,0.1111111111111111,0.16666666666666666,0.3404271826201114,0.07279399691179597,0.22037815366375343,0.8666666666666667,0.10210412185940522,1.1295875835204359,2.3141379310344834,0.10776598284179964,0.5333204420210711,0.10128026716496553,0.5700000000000008,0.22999999999999998,0.052772256161814454,0.0,0.22666666666666677,0.589066058455662,0.05360913720474092
87,1,2.778684643590276,4.355638205032816,0.0726886902285428,3.349849851968317,1.0,0.11538461538461539,0.2,0.12,0.24733894872331683,0.04666627793812831,0.20891719545749013,0.8666666666666667,0.09021621797877896,0.9114113746698308,2.374827586206897,0.08843573574924148,0.603948526887227,0.08532586276823036,0.6240000000000006,0.5016666666666668,0.03440523611470851,0.0,0.14166666666666675,0.3471685540165741,0.04058459880131813
88,1,3.16166241155011,5.383345537476136,0.06454779730012658,3.4046892685170755,1.0,0.1111111111111111,0.15384615384615385,0.15384615384615385,0.3594596253019555,0.05515395891206243,0.1463890074308814,0.9,0.09617303000675542,0.289725415396252,1.6603448275862065,0.06751001262821105,0.43293860619572155,0.09956614456157852,0.4657142857142854,0.4233333333333335,0.02486813112355311,0.0,0.2800000000000001,0.34204130712870495,0.022183158409180618
89,1,3.2355119378043073,4.929394962771318,0.06933937501568088,3.867678173903918,1.0,0.1111111111111111,0.15384615384615385,0.11538461538461539,0.3373637996782307,0.05878636521076871,0.19010287225819694,0.8666666666666667,0.11052355306590958,0.7841800258392015,2.0051724137931033,0.15007034878107312,0.5120176973982248,0.10454273350765074,0.5537500000000002,0.44499999999999984,0.03945427733465661,0.0,0.1266666666666667,0.5700296285413292,0.038192950875765436
90,1,2.828349769126937,3.63675213488494,0.08413966462430479,3.2848147805107626,1.0,0.1111111111111111,0.2,0.15384615384615385,0.3384935581202231,0.05804806828217898,0.17503336902462016,0.8333333333333334,0.07220680805333865,0.7915938455587763,3.7003448275862065,0.1570567041425927,0.5200114598423261,0.07002481970094371,1.043333333333333,0.3683333333333332,0.02962168721969587,0.0,0.25333333333333335,0.638537495636186,0.029323492474197948
91,1,2.8192733761711692,3.439824197714334,0.06411077968588733,2.990563964305794,1.0,0.07142857142857142,0.16,0.15384615384615385,0.47606302103818143,0.06795396601081237,0.11793714456449754,0.8666666666666667,0.0555976801747728,0.7674219231708629,3.8151724137931025,0.05677775742861927,0.6442881849810081,0.07198669567177993,0.7999999999999989,0.3099999999999999,0.03941266759998542,0.0,0.37000000000000005,0.6035089340427268,0.03293377399248004
92,0,8.700545339560072,11.529669193268568,0.007577782333602842,9.975148500305096,0.0,0.47058823529411764,0.6363636363636364,0.8461538461538461,0.025342103744997617,0.004901755898079152,0.00580874311694346,0.7,0.005025107031723013,0.11613480321164234,0.32103448275862123,0.00032366007531628264,0.06132372003927816,0.007573530705486043,0.02249999999999952,0.012000000000000099,0.003246264205593412,30.0,0.014285714285714294,0.07023924131429835,0.0018404376882561568
93,0,9.764350497593712,11.242726651618959,0.007647220263702782,10.011976491785585,0.0,0.4444444444444444,0.5833333333333334,0.6923076923076923,0.02560598888281151,0.003910564793837679,0.011543470045019828,0.7,0.005564709012568265,0.11606238059972886,0.3106896551724142,0.00028985861343474597,0.1288388752757208,0.009085055381917999,0.05999999999999943,0.015000000000000124,0.002944936851822888,30.0,0.0057142857142857195,0.05622018907709231,0.001881380300932018
94,0,8.990228227729895,10.008299903588274,0.008163256812323197,8.542559483440389,0.0,0.4375,1.0,0.5714285714285714,0.019267128022157902,0.0021633936555429615,0.015057260323026043,0.7,0.004645237485050382,0.08522718738400202,0.4541379310344826,0.000440539276203097,0.13426240932525751,0.008516650358758097,0.051111111111111406,0.014000000000000058,0.0010370024829574255,30.0,0.003333333333333336,0.03863357251368411,0.0019194670462128079
95,0,9.028067567526998,10.797233422794218,0.00800543066182148,7.524828009020545,0.0,0.4666666666666667,0.8,0.5,0.024424486802296492,0.002700466072144349,0.01355061059949145,0.6666666666666666,0.01030157507275423,0.1270532589595593,0.398620689655172,0.00029089555738464544,0.09472294006284718,0.007186381678748652,0.03833333333333341,0.03124999999999989,0.00324676709953755,30.0,0.024444444444444435,0.031829563120397336,0.007212762686948144
96,0,10.10324235593994,11.954230535317402,0.006641249512470969,8.122948203737597,0.0,0.3888888888888889,0.9,0.5384615384615384,0.026574841903992997,0.0039313842743905324,0.010245954901166464,0.6666666666666666,0.011347330292271586,0.13971077997354503,0.32827586206896536,0.00017702474710738853,0.08114604286167548,0.009212236760008215,0.04333333333333359,0.051666666666666604,0.0033628624023910028,30.0,0.02285714285714285,0.08489700522750203,0.007600071607253032
97,0,11.077660304379943,11.82158816162514,0.005549904657826213,9.960338324139416,0.0,0.5882352941176471,0.6,0.6428571428571429,0.02250925735484551,0.004323641700120445,0.0043892261416392546,0.7,0.005438587251531199,0.12244582308856754,0.3327586206896556,0.0001625638394747183,0.023945516388293814,0.004462024189081062,0.025714285714286182,0.029999999999999954,0.0016951310827647231,30.0,0.010909090909090908,0.09915722141035994,0.004466412826577475
98,0,10.47417120758493,12.319930540066192,0.006125809907678188,10.559916041587503,0.0,0.5,0.75,0.6666666666666666,0.020733762053445313,0.0057923242664895125,0.006458659745975636,0.6333333333333333,0.005438587251531159,0.1497968692623995,0.28724137931034477,0.00023155914012223445,0.05802063906768972,0.003956223032169942,0.021999999999999888,0.02499999999999991,0.002331213808969322,30.0,0.017142857142857144,0.120259642010937,0.005254036349244671
99,0,9.479016342259653,12.802075902396453,0.006860749763214127,11.159023383563564,0.0,0.4375,0.7777777777777778,0.7272727272727273,0.021969676071045444,0.004163331998932267,0.014993876301030825,0.6333333333333333,0.0027701027756664707,0.17202610148415512,0.2893103448275862,0.0005826479101574812,0.050194180761448326,0.00539367228150461,0.045714285714285756,0.016666666666666757,0.003349565917657796,30.0,0.015000000000000013,0.14514481813448474,0.0016121983976760163
100,0,9.241233380729568,10.220251804751639,0.007607668328105113,9.535243094175286,0.0,0.3888888888888889,0.6363636363636364,0.5384615384615384,0.025733678754158374,0.0030416608424135836,0.014501231474799486,0.7,0.009030560359588087,0.17233427413261804,0.41137931034482805,0.0005709043995883954,0.06267766584612401,0.004120233795625189,0.01499999999999968,0.025999999999999978,0.0029896874907784266,30.0,0.016666666666666673,0.11821128092857994,0.004638202795271947
101,0,8.585804018730995,11.517691857606756,0.008026823597964089,8.557659510589772,0.0,0.3684210526315789,0.5,0.5625,0.02258071940591993,0.002700466072144348,0.005247610405316583,0.7,0.012630812126145637,0.07804097999015067,0.385172413793103,0.00043864770796241776,0.057771541613567234,0.004830177247772401,0.016666666666666313,0.025999999999999978,0.0021596169980418484,30.0,0.009999999999999993,0.038711885358726814,0.007685307123221001
102,0,9.300717737256361,12.933007840425661,0.006859670030608734,8.18023146801405,0.0,0.625,0.5,0.5294117647058824,0.04722169934351038,0.009686234007688472,0.004831867007225147,0.7333333333333333,0.010237984495525173,0.088043279400639,0.31517241379310346,0.00023227839735444933,0.041467305373823975,0.005311315093948822,0.020000000000000757,0.020000000000000018,0.008919107365116542,30.0,0.031666666666666655,0.06613297673812117,0.005918999731637932
103,0,8.21211765473038,11.23056427484473,0.013209268451828222,8.888158359971815,0.0,0.2608695652173913,0.2857142857142857,0.5,0.0782027280001578,0.006963461489687973,0.010119019607804395,0.7333333333333333,0.013261370426099763,0.15417191570398464,0.40344827586206977,0.0004929195896946706,0.07840467152540564,0.00993677975184762,0.09888888888888915,0.041111111111111126,0.007188426071662352,30.0,0.02099999999999999,0.07181357573512098,0.006729607644403893
104,1,7.119753418579306,10.229947846401036,0.019126325839809024,8.164716634813471,0.0,0.2,0.4117647058823529,0.5882352941176471,0.07411702458499891,0.011908951643688062,0.011556427666375307,0.7666666666666667,0.010985457300852087,0.19867712158035636,0.46241379310344793,0.00043324255668755084,0.08671040236067973,0.009930260219511572,0.11749999999999972,0.036250000000000115,0.010885826771072369,30.0,0.02099999999999999,0.078073692730642,0.005444288025889469
105,1,3.2122127799242812,6.204172082782722,0.06594106940897784,4.260548453349214,1.0,0.16666666666666666,0.22727272727272727,0.2608695652173913,0.2807244596080331,0.040862470515114935,0.1274654014681183,0.8,0.042746842187544085,0.4311633369492952,0.8772413793103443,0.037872900955344485,0.20529308731830243,0.04912803763262521,0.3890000000000004,0.21888888888888897,0.03055643602112204,27.0,0.14181818181818182,0.23663131977107085,0.0192618052855163
106,1,2.783325432726113,5.316112116856887,0.08807469749894277,3.7459273240605393,1.0,0.11538461538461539,0.1111111111111111,0.15384615384615385,0.2983443200956461,0.06280452342996724,0.12313622786265986,0.8333333333333334,0.042343911046584845,0.4151851648221973,1.4210344827586203,0.06705531601577544,0.20822652500170463,0.045724439348574605,0.37833333333333297,0.15000000000000022,0.037961140173410304,23.0,0.19333333333333327,0.21418507605041334,0.01899974937178059
107,1,3.0527698436498887,5.840002591375619,0.08761238531954703,3.5183892453257983,1.0,0.034482758620689655,0.25,0.1111111111111111,0.23674177212031397,0.06459881425166479,0.17830929331258272,0.8333333333333334,0.06726088916215987,0.6549537658294283,1.4117241379310344,0.06745222038488947,0.3797971889863126,0.14150167615170328,0.1850000000000002,0.09400000000000013,0.03730535880967194,20.0,0.21500000000000002,0.5091373811901555,0.05503997310551464
108,1,2.9284221767183496,5.461902070450281,0.07759644820054239,3.3822244009176594,1.0,0.1111111111111111,0.07142857142857142,0.034482758620689655,0.33127430728426055,0.0630865941967621,0.2174203740398288,0.8666666666666667,0.08979038325550277,0.8661939893643248,1.547586206896552,0.09035430293153922,0.39693458053499214,0.14904798296015212,0.28666666666666707,0.16400000000000006,0.05169710843372349,9.0,0.12800000000000006,0.5271875443699092,0.056704288431569376
109,1,3.1778790692486747,5.208019528701659,0.08216040323750297,3.5629093692625147,1.0,0.25,0.16,0.1111111111111111,0.2541093377968538,0.03635800822246403,0.22188843185365967,0.9,0.10155364521839115,0.9064024424918004,1.7579310344827588,0.10806487224375474,0.3684841904878093,0.14521324877244385,0.6925000000000003,0.3433333333333335,0.020989663798988256,0.0,0.05599999999999996,0.4441490795869773,0.0668460145398658
110,1,3.0363997232941062,4.810757410930947,0.07327249825474212,3.666774377075914,1.0,0.30434782608695654,0.2608695652173913,0.20833333333333334,0.2234499695432713,0.06243516364889215,0.25464073665049103,0.8,0.09299067322114866,1.045297184575579,1.8613793103448273,0.1037080035955897,0.48354214583914107,0.12866541326801306,1.0614285714285714,0.3016666666666669,0.030621285558442853,0.0,0.19833333333333325,0.392954137982822,0.049530838329047415
111,1,3.555268309024138,4.847494195881724,0.06178953538888474,3.6946817936491017,1.0,0.15384615384615385,0.034482758620689655,0.1111111111111111,0.35473072729732463,0.042170047725489566,0.18749200436466681,0.8666666666666667,0.06677976800623066,0.9704451885323445,1.9962068965517241,0.06367104780201749,0.5061286438067227,0.07510567974029451,0.4980000000000004,0.24714285714285694,0.016146000536768543,0.0,0.2099999999999999,0.3278659224885255,0.025383094700974437
112,1,3.952481540951544,4.883494518081984,0.07302264892960966,4.376010085110347,1.0,0.07407407407407407,0.16,0.07142857142857142,0.35813855171179526,0.04086247051511495,0.17231895754458262,0.8666666666666667,0.04703016834643346,0.3720025601550406,2.191379310344828,0.06254962128610017,0.3694758928186648,0.10610828508304754,0.7922222222222215,0.36571428571428577,0.013208449161491297,0.0,0.23999999999999996,0.4539124336421782,0.04038416878475262
113,1,3.109485283218653,4.908313176435809,0.07954824639631429,4.070388355890342,1.0,0.07142857142857142,0.2,0.07142857142857142,0.348520045653363,0.059352515434776446,0.23833595450725503,0.9,0.07108144222349062,0.5406212601616547,1.8296551724137926,0.09218602409947274,0.564752139962157,0.11593282126998834,0.4940000000000001,0.18000000000000038,0.027785612681905134,0.0,0.2571428571428571,0.5527022074028891,0.03218768091554743
114,1,2.9386455659296438,5.167905059939856,0.07194851016438711,3.557428580489851,1.0,0.07407407407407407,0.07142857142857142,0.07142857142857142,0.5913469558746559,0.09566708146583383,0.20979140920006628,0.9,0.11215004526553357,0.8282448781799333,1.6251724137931027,0.12972139155967918,0.6175426835340161,0.09380287334415205,0.4583333333333333,0.4042857142857143,0.05375294454835989,0.0,0.43499999999999994,0.5019248305376037,0.04618769161955211
115,0,10.639539162523207,12.313151519452246,0.005624228012065777,10.710114263796086,0.0,0.38461538461538464,0.8,0.7272727272727273,0.03007583008921874,0.007598782573454739,0.0100095192786904,0.6333333333333333,0.004981598792617976,0.10063918172341835,0.30862068965517153,0.00026964234714552777,0.07581305327988712,0.006374438750804357,0.05249999999999988,0.022499999999999964,0.007370616418899968,30.0,0.015833333333333335,0.040915615833660206,0.002760656532384294
116,0,9.845344585914939,11.751907435329484,0.00623646777289629,8.49144038662653,0.0,0.5,0.6363636363636364,0.6428571428571429,0.024048561980570343,0.003910564793837678,0.004981598792617864,0.7333333333333333,0.005649634266652988,0.04791914959553432,0.3024137931034481,0.00028885255518941845,0.09308294889049039,0.0010675166681297272,0.0499999999999997,0.027499999999999858,0.0027706920965487217,30.0,0.0175,0.022074530526360027,0.004252186312401451
117,0,9.92749646630087,10.33422488239083,0.006600605886109599,8.310635505093597,0.0,0.47058823529411764,0.5454545454545454,0.5333333333333333,0.0272213151776324,0.0047236559114808545,0.008373914794144394,0.7,0.009250850301054327,0.04704839019996485,0.43379310344827654,0.000275808850301727,0.06158120572024549,0.005411803677852441,0.03833333333333281,0.0379999999999999,0.0017037773161000676,30.0,0.031666666666666676,0.019527005545608607,0.00506802702826107
118,0,9.745769620152135,10.026124790454615,0.006823294791460946,9.414196060964073,0.0,0.5,0.7,0.5,0.02604269997949948,0.005451081150953975,0.007871415607974745,0.6666666666666666,0.009343046452137693,0.06219674729557533,0.4737931034482762,0.00033374410825648746,0.06943464602075246,0.005950635934688703,0.03166666666666629,0.024444444444444616,0.003851671604597137,30.0,0.02111111111111111,0.038276502089988416,0.00574543888899796
119,0,9.738724287754511,10.510452285707265,0.00778732481586376,9.66622576710239,0.0,0.4,0.6363636363636364,0.6153846153846154,0.027650597743187316,0.0018808016817268112,0.003094871773194659,0.6666666666666666,0.004943214960899412,0.07297245776206807,0.41379310344827563,0.00025954830046083803,0.049102973849007775,0.008157630708453975,0.02333333333333328,0.015555555555555718,0.003906805504718746,30.0,0.01857142857142857,0.06663967889119243,0.005772277165336792
120,0,8.744515648745127,10.754993353804233,0.008120702520405053,10.862202977250101,0.0,0.5,0.8,0.45454545454545453,0.02836468853267308,0.0023618279557404273,0.006176541092225128,0.6,0.005709521823741692,0.09122671168671011,0.35586206896551603,0.0002783226102460062,0.037287994821700504,0.007772758989762043,0.01999999999999987,0.035000000000000364,0.0036465620748845624,30.0,0.014000000000000002,0.07428360436564178,0.005032466024298056
121,0,8.211999222864064,11.48821538851444,0.00844172161994999,8.951102908203735,0.0,0.29411764705882354,0.8,0.6428571428571429,0.027465129406819354,0.006874976808866266,0.01679164029133152,0.7,0.008486884639510181,0.07524834167720923,0.31517241379310224,0.0003824563531186464,0.07879362521263833,0.006000634887044792,0.03666666666666707,0.026666666666666988,0.0037584191205497957,30.0,0.020000000000000007,0.053306966271410225,0.0038093333285712273
122,0,8.694425016162482,11.36941318736202,0.007765916345620201,8.53044935977867,0.0,0.5,0.8,0.6428571428571429,0.033811569354619174,0.008872490542985898,0.014890073395194688,0.6666666666666666,0.006835282615618323,0.13722438053146688,0.3327586206896549,0.000618503572215662,0.08551039241451529,0.0044901100694051945,0.007500000000000284,0.025000000000000133,0.005585208843286818,30.0,0.016666666666666666,0.07652468367059277,0.003957873406864099
123,0,9.254819310790353,13.070485860834376,0.012950360735981931,8.928260326346383,0.0,0.3,0.5333333333333333,0.6,0.0845648994691191,0.007098912439460654,0.012888849792731433,0.7,0.00460109422064042,0.1381845359886358,0.27655172413793117,0.00033826272766175364,0.03404358950514076,0.009170671975913003,0.07777777777777789,0.03500000000000014,0.007364411573447622,30.0,0.02454545454545455,0.07824397218746916,0.004202752580357431
124,0,6.668654757620167,9.06949297105798,0.024862972481975224,6.799011736220139,0.0,0.1111111111111111,0.4375,0.4444444444444444,0.0511207720338155,0.009312415821653054,0.00870999113537026,0.8,0.013266499161421587,0.030848323254579948,0.527241379310346,0.0012001261647962525,0.038781438859330726,0.0057550923915584435,0.09600000000000045,0.0599999999999997,0.008132374204626935,30.0,0.030833333333333338,0.05137264684184939,0.005517763522090654
125,1,3.079179755295524,5.808512308996967,0.08219183561444082,3.6414275853056908,1.0,0.0,0.16,0.2608695652173913,0.2803412602922057,0.052059620452253146,0.18853881391835878,0.7666666666666667,0.07017432133016796,0.6252070568584286,1.1089655172413806,0.07502311937053065,0.3626214082404489,0.07992429751541967,0.8349999999999997,0.3141666666666665,0.03880405336847077,28.0,0.23600000000000004,0.3402350176141257,0.02373385308610729
126,1,2.631485455955278,4.914082975035676,0.09676556711014626,3.0548850833126613,1.0,0.0,0.1111111111111111,0.1111111111111111,0.3188592514295645,0.07685891306157536,0.31344120302714207,0.9,0.11831159137236398,1.0182862487305533,1.6393103448275865,0.14901291546861686,0.5563723609972309,0.11696571042389274,1.2012500000000008,0.25285714285714256,0.04605779274030448,22.0,0.33571428571428574,0.39898196709629324,0.04183455590809129
127,1,2.534364433087052,4.606803134502307,0.09930536510551222,2.85179396991139,1.0,0.034482758620689655,0.1111111111111111,0.16,0.2694234585183703,0.07293963583807143,0.2918363160645872,0.8333333333333334,0.11432892040431562,0.9955933929479611,1.7348275862068956,0.1557658808348367,0.521987827939509,0.10907476310117847,0.7866666666666667,0.24499999999999997,0.03978538343027343,10.0,0.22875000000000004,0.3984699075349162,0.03919818127115069
128,1,2.7098354436113894,4.5226510321171975,0.08574207514209958,3.382974695217895,1.0,0.034482758620689655,0.11538461538461539,0.1111111111111111,0.4199609770231304,0.05873450005404517,0.25510979362368863,0.9,0.10513871627456724,0.8522136521105121,1.8048275862068957,0.14798148751966686,0.43288128174088697,0.07631533578639677,0.5537500000000002,0.2562500000000002,0.025568305209624494,1.0,0.18,0.3791213357368377,0.026476841376034628
129,1,2.6793154534571593,4.847048215762278,0.09360726930897113,3.642682556213618,1.0,0.034482758620689655,0.03571428571428571,0.0,0.37264057750062596,0.08232142082429464,0.28062660692993235,0.9666666666666667,0.10197011700446734,0.9423516971324636,2.0634482758620694,0.21794084892564916,0.32017384733454946,0.08454946304193924,0.636666666666667,0.3549999999999998,0.04304401164825962,0.0,0.328888888888889,0.3931239336530956,0.042739393799080906
130,1,2.767960200385387,4.609898481201691,0.08015209181842123,3.3470067689360405,1.0,0.07142857142857142,0.1111111111111111,0.07142857142857142,0.37582206191523965,0.0657862959490339,0.26586928402972054,0.8666666666666667,0.11157499537009499,1.0943796055704051,2.2510344827586204,0.21592075264098207,0.4188700381306081,0.10451196331612209,0.7350000000000007,0.4377777777777777,0.05169673998590303,0.0,0.2000000000000001,0.4872942839636788,0.0659446232329317
131,1,3.340772812139734,4.550145188016989,0.06582355224301664,3.774923565769711,1.0,0.07142857142857142,0.1111111111111111,0.15384615384615385,0.46604112837101974,0.041936784301505756,0.21510573258394627,0.8333333333333334,0.10787836435819105,0.8386258114920386,2.1503448275862054,0.1568162055581208,0.517176268323486,0.08989873668268576,0.5787499999999999,0.2828571428571432,0.02205262722096708,0.0,0.14333333333333334,0.4121550820997852,0.06560273762331464
132,1,3.1701153125140134,4.796139792201775,0.09105341850375125,3.7223972229178894,1.0,0.034482758620689655,0.16,0.1111111111111111,0.4386778114085806,0.04473900123262155,0.12242259806509077,0.8,0.021682307279890442,0.4517041955440624,2.294482758620689,0.05027851820146958,0.15535169667520132,0.08391734190326154,1.3611111111111103,0.34555555555555567,0.01912257632146016,0.0,0.2357142857142859,0.21079160679827352,0.02257222421744157
133,1,3.0932663412852355,4.5342986530204294,0.0800731679405316,3.856648277242885,1.0,0.0,0.11538461538461539,0.0,0.5486133023866224,0.041666639455773334,0.12968690711691364,0.8666666666666667,0.06451662233737243,0.32296677447527855,3.145172413793102,0.1290864437469216,0.3750188022497211,0.08628628192812363,1.2233333333333327,0.3900000000000003,0.0195294300852785,0.0,0.3633333333333332,0.3564998661399787,0.03904049180018108
134,1,3.2524103524960046,3.9914802503001248,0.06129481428561552,3.869962653407676,1.0,0.034482758620689655,0.07142857142857142,0.034482758620689655,0.5512499937011841,0.04112135681607016,0.14776401483998947,0.8666666666666667,0.057593461458060505,0.3712478681310329,3.322068965517241,0.1420411019007865,0.4030426118151464,0.0669410706425849,0.8060000000000003,0.345714285714286,0.05170886580385501,0.0,0.16874999999999973,0.49213645804119605,0.020960941973951826
135,1,3.7461330097047734,4.6010051690318265,0.06948351774972339,3.9804722877482304,1.0,0.0,0.07142857142857142,0.07142857142857142,0.528238582460615,0.03280243893371344,0.17559864564893832,0.8333333333333334,0.042107087321745396,0.7093992476151967,2.9417241379310344,0.1386176876167207,0.34247148945340716,0.11390248604192343,0.6262499999999993,0.3087500000000001,0.05368750092062434,0.0,0.5166666666666667,0.5444672583123356,0.03188598736868899
136,1,3.6754348659408986,4.404276424448794,0.06472691978997877,4.10028283327942,1.0,0.0,0.0,0.034482758620689655,0.6897410141978413,0.04219714018100978,0.1656773357820454,0.9,0.06095833304271804,0.7031269710478802,3.023448275862069,0.11337932081223775,0.4206599285767587,0.10214309290682044,1.196250000000001,0.3587499999999999,0.01605043072726146,0.0,0.241111111111111,0.37986319485141395,0.029994194449597666
137,1,3.634588978196663,4.295156692287652,0.057235505543625845,4.209347960843432,1.0,0.0,0.15384615384615385,0.0,0.6112391784999824,0.051052860427434704,0.16321122743826413,0.9666666666666667,0.0634609526953922,1.2583101398952743,3.357931034482759,0.20744422999233658,0.4830286536760618,0.077807283292333,0.8683333333333335,0.30400000000000027,0.03938697598891055,0.0,0.38428571428571384,0.6461167199371298,0.021182767993440824
138,0,11.675979211741291,15.028087501686523,0.004345749911532349,10.56586168372261,0.0,0.6363636363636364,0.625,0.5833333333333334,0.01948218559493661,0.005169244474328346,0.0021060327988090964,0.6666666666666666,0.0033319725113402014,0.04307500182603507,0.21000000000000013,0.00011273909679245345,0.04124326372537788,0.0026883472402860036,0.03249999999999997,0.02142857142857148,0.0027990280139950836,30.0,0.024,0.05597475621504093,0.0013809195398393867
139,0,11.37456419657659,14.769047989249644,0.004762951628303032,10.783816262078753,0.0,0.42857142857142855,0.7777777777777778,0.6363636363636364,0.01988857852023506,0.003927922024247864,0.004023739080814864,0.6333333333333333,0.002700466072144355,0.08187596392951837,0.19827586206896552,0.00022484981654428865,0.047817111900199265,0.002548682466084223,0.019999999999999574,0.010000000000000083,0.0028042727360638965,30.0,0.006666666666666668,0.0502478537125827,0.0006880911187881504
140,0,11.742146345215453,14.42892033796179,0.004957682338284889,11.073196674256772,0.0,0.5,0.7272727272727273,0.8181818181818182,0.025342103744997617,0.003879126067507867,0.00810139821643306,0.6666666666666666,0.001520830421206826,0.10682275993820965,0.23965517241379294,0.0002760152455613859,0.02708916996239836,0.00463855478313988,0.016250000000000098,0.017142857142857033,0.0036697698680371958,30.0,0.017999999999999995,0.09018022770756193,0.0028884004471085513
141,0,12.299291984005672,8.609605394865525,0.004161635201862767,11.682279275577761,0.0,0.6363636363636364,0.7272727272727273,0.9090909090909091,0.02581128091014125,0.0035456210417116724,0.006845227743263389,0.6333333333333333,0.005490870592533216,0.07106038440152528,0.21000000000000035,0.00023092642053407388,0.05560746780955281,0.004473960944243028,0.01899999999999995,0.014285714285714235,0.0032922089022087157,30.0,0.01666666666666666,0.060105956330421303,0.0049593723544073855
142,0,12.522245633190447,15.018385058543707,0.004004383148590075,11.86247411751817,0.0,0.6363636363636364,0.6,0.7272727272727273,0.02124983660067897,0.004212065597618282,0.005906297803319448,0.6,0.005540205551332988,0.08200846148478817,0.24034482758620734,0.00027696494633183867,0.029255152462057343,0.003548996217194466,0.017142857142856776,0.016666666666667003,0.0035425499098736186,30.0,0.015,0.05420402876810765,0.004868669795563462
143,0,12.044678617305115,14.651220545372123,0.005205503090404455,10.668813393166547,0.0,0.5384615384615384,0.75,0.6363636363636364,0.018999999999999996,0.004212065597618282,0.005237229365663783,0.6666666666666666,0.005247610405316574,0.0680116036518218,0.2251724137931042,0.00015505995504921057,0.022816630764768545,0.0006936053888013049,0.022857142857142625,0.01750000000000007,0.0031872193754021367,30.0,0.011000000000000001,0.05038974088437612,0.0042333306550958955
144,0,11.541307070794828,8.609605394865525,0.0050266923658291085,10.574736185943003,0.0,0.6153846153846154,0.6666666666666666,0.8181818181818182,0.02012185103038209,0.003717946913512978,0.00728057708709198,0.6666666666666666,0.0040741427878491126,0.05462002324034193,0.16344827586206928,6.829238461144994e-05,0.043858151066432594,0.003145453473033812,0.023333333333333133,0.02000000000000013,0.003552214983994779,30.0,0.00875,0.04389724550886273,0.003586520493695983
145,0,11.504684463061567,14.085069139402576,0.005123007867447648,10.468520742166325,0.0,0.5714285714285714,0.7,0.5,0.022261077142751995,0.004074142787849035,0.007613092911128027,0.7,0.0038047589248453506,0.06231410449527135,0.21103448275862036,0.0002267470045703615,0.05698836257858079,0.006574492039559421,0.0349999999999994,0.023333333333333428,0.003177642989070108,30.0,0.012000000000000002,0.06394975068164829,0.0024750180374522633
146,0,11.541978882823543,13.458040906443745,0.005771081405476387,10.934030429659384,0.0,0.5625,0.7272727272727273,0.5714285714285714,0.025603819159562027,0.0074358938270259545,0.006737043498600943,0.6666666666666666,0.007965913777648197,0.11511839513283363,0.2841379310344826,0.00022543474431767796,0.07492545047746946,0.006204496942776621,0.03428571428571381,0.02124999999999988,0.004347866784784385,30.0,0.01875,0.07147055528054197,0.007072568450697087
147,0,10.36531793163779,13.465590560392533,0.005656283912533302,10.79275800988345,0.0,0.5,0.35,0.5384615384615384,0.08534960782309171,0.011696851137404962,0.004462999814803907,0.6666666666666666,0.009009443269548409,0.08736848230729609,0.27655172413793117,0.0001627299085271388,0.049587962111732095,0.006558828500008001,0.02666666666666669,0.024000000000000198,0.010488840846963261,30.0,0.02727272727272726,0.0693600837981739,0.007484914533796002
148,0,9.270992783740713,14.459526884340335,0.011387932130232883,9.121531121576123,0.0,0.36363636363636365,0.3333333333333333,0.4375,0.07963807018142907,0.01910942353989808,0.008686528783865576,0.7,0.00940400840863404,0.03364561205988607,0.22620689655172396,0.00013089169017864696,0.053862510784656,0.0081834078027008,0.05888888888888902,0.037142857142856985,0.01878969177519426,30.0,0.022999999999999993,0.08941667348206668,0.004159016105521365
149,1,3.217463723588571,7.055195783879173,0.06200472076748086,4.237750909662184,0.0,0.20833333333333334,0.2727272727272727,0.4,0.19744506971701156,0.0630555310817378,0.15088158171453617,0.7333333333333333,0.05955915141274933,0.6088315562990954,0.5489655172413784,0.06731345777510077,0.24933937203935416,0.06450546145733033,0.7237500000000003,0.2875,0.038297197993451965,29.0,0.174,0.3086231667383685,0.028046841286006662
150,1,2.606739255268946,5.69210397352151,0.07860934558207679,3.4603093222588637,1.0,0.2608695652173913,0.15384615384615385,0.17391304347826086,0.27610565610529125,0.05902956713307635,0.2129745281949556,0.7666666666666667,0.0675533550781375,0.7291372779305879,1.1248275862068955,0.09095983054806854,0.28549977661809023,0.0640038094104376,0.5188888888888888,0.23666666666666675,0.023259038181809216,27.0,0.16,0.2098669536427602,0.023201407416845378
151,1,2.812918970268057,5.601262348972458,0.06512219880954441,3.53720338269746,1.0,0.1111111111111111,0.2727272727272727,0.15384615384615385,0.16374132716642498,0.0636001540236872,0.22980867522981888,0.7666666666666667,0.08130031670663188,0.883303354644672,1.2106896551724131,0.08171788537424743,0.3529357151771679,0.04366579320931489,0.11857142857142884,0.25750000000000006,0.021047455289171173,27.0,0.23666666666666666,0.21164301094445045,0.01627692327476283
152,1,3.310546196192182,6.193102131037619,0.07085928308885019,4.17578761566654,1.0,0.1111111111111111,0.2,0.2,0.23671267158495948,0.08143725935273334,0.25820057593848633,0.8666666666666667,0.10884526869371407,1.0983274854551004,0.9496551724137918,0.12453914489924925,0.4008838194972377,0.08098316277511776,0.4400000000000004,0.2562500000000001,0.03667215295999253,22.0,0.17000000000000004,0.28997586950979015,0.04181706841571228
153,1,2.6769144963032705,5.341541939793104,0.09450847276727747,3.1445348744590045,1.0,0.16,0.1111111111111111,0.07142857142857142,0.3568424800322343,0.07248138395759397,0.30077835535094455,0.9,0.12976430753563972,1.089648972997149,1.5168965517241382,0.1503497764371517,0.46107868202770796,0.15350776354760617,0.7449999999999998,0.35333333333333333,0.04402260396505351,8.0,0.3871428571428571,0.4766272640581282,0.06125923059697478
154,1,2.637181861056924,5.063093919856981,0.07756738232766851,3.2532235444611115,1.0,0.07142857142857142,0.23809523809523808,0.07142857142857142,0.2471771744226306,0.03488094425483409,0.23401976775623085,0.8666666666666667,0.10100084191741773,0.3387575538229502,1.6403448275862087,0.11808382951502663,0.3814506146653478,0.09369458561811178,0.8749999999999996,0.26199999999999973,0.02456261192874051,0.0,0.040000000000000036,0.20550177383083473,0.040964866313816274
155,1,2.731124016210205,5.2571242215634335,0.08087396232581753,3.347466130982202,1.0,0.0,0.125,0.0,0.332254922210843,0.06356741560367711,0.19618178436594658,0.9,0.10164657992713949,0.5256403157070416,1.5706896551724152,0.10695960255346199,0.27581231911238024,0.06555133419668883,1.1483333333333334,0.23999999999999977,0.033094299404296576,0.0,0.3544444444444445,0.2003015631253934,0.0319148015476069
156,1,2.682482616874644,5.300647411002651,0.0652110632656246,3.5353188940169757,1.0,0.0,0.20833333333333334,0.1111111111111111,0.30111939308003544,0.04936191486820364,0.20673898230068058,0.8666666666666667,0.06902666348671978,0.4376157417357905,1.9231034482758629,0.1046658075705564,0.24657115267876248,0.04686599219572557,0.1800000000000003,0.24333333333333332,0.03303254219004971,0.0,0.20571428571428582,0.13613363582421875,0.028823176615426764
157,1,3.027730858034019,5.074510264599064,0.06493407309386864,4.040013586881434,1.0,0.034482758620689655,0.25,0.1111111111111111,0.2561833111053273,0.04063107620703022,0.2948520671397755,0.9333333333333333,0.07230509809746728,0.6548691098383004,1.9468965517241381,0.12517973682222336,0.3085864193889494,0.07790165088677119,0.3800000000000005,0.25444444444444486,0.0198812255470255,0.0,0.22750000000000015,0.4927529143067784,0.036188320737817116
158,1,2.9034753065889443,4.4056877346232115,0.07144829716238726,3.8532316757221876,1.0,0.2,0.15384615384615385,0.15384615384615385,0.3830630931495924,0.05195157347371259,0.27001451208165433,0.8333333333333334,0.08200763196605713,0.573925923779711,2.5631034482758617,0.16617500898942222,0.29054825023442465,0.07212072267702108,0.5199999999999996,0.2933333333333336,0.023069301096071845,0.0,0.18833333333333332,0.6304076279796798,0.036879476437619414
159,1,2.8604000645711127,4.3199986115546105,0.06977387031210949,3.495657046376276,1.0,0.07142857142857142,0.034482758620689655,0.07142857142857142,0.41607210913494314,0.07918513569026521,0.2710063382545687,0.8666666666666667,0.07868874358729419,0.801153250391113,2.8672413793103435,0.12045667057198461,0.30333484338414624,0.08909916511668219,0.7128571428571432,0.30499999999999944,0.019419829966257837,0.0,0.19200000000000017,0.5385390345190224,0.037400600235279614
160,1,3.1623877045408677,3.7319856197899095,0.07075962070997205,3.4210852108392418,1.0,0.07142857142857142,0.0,0.0,0.45929898275040354,0.09732965233930407,0.21247949881098185,0.9333333333333333,0.09218850844023561,1.0012187403292019,3.314827586206896,0.056781067604860666,0.4133390497739445,0.15227739457305944,0.87,0.35142857142857153,0.08324122474230336,0.0,0.3442857142857142,0.48177487954211956,0.042412332951566926
161,0,10.552169495041417,12.201181254285517,0.006860063656665244,9.611496251039183,0.0,0.35294117647058826,0.8571428571428571,0.6923076923076923,0.019267128022157902,0.00318157963590287,0.011691033834047564,0.6666666666666666,0.0019023794624226434,0.11687053130894644,0.3517241379310363,0.00018306450147606847,0.02283808729496689,0.009204671987342053,0.05363636363636346,0.02200000000000024,0.0022694660584543186,30.0,0.008000000000000007,0.04849336022997931,0.0030953992632033124
162,0,11.64560692003231,13.229215357907183,0.006229129391664833,8.97058708491665,0.0,0.6,0.75,0.4375,0.019102065042525873,0.003717946913512979,0.009386631106920984,0.6666666666666666,0.00589707641158581,0.0881260692510033,0.2955172413793106,0.00011653990236625971,0.05686240703077333,0.00963451844039086,0.03000000000000012,0.03000000000000025,0.003304583500056177,30.0,0.012727272727272731,0.04315417070202616,0.007465257398590614
163,0,8.672095940549498,11.765522751830131,0.007720558944496342,7.884300411777553,0.0,0.35294117647058826,0.7777777777777778,0.625,0.022617593938249834,0.0030948717731946523,0.012445254265843645,0.7,0.008168297768530185,0.05942193186353419,0.36103448275861993,0.0007034628501183282,0.05980922050271905,0.00947991790773605,0.04400000000000013,0.03500000000000014,0.003367229022878751,30.0,0.01499999999999999,0.03808893281152852,0.00685650790711077
164,0,8.149561177738093,12.155080742135286,0.008176228554681015,8.828055639399485,0.0,0.35294117647058826,0.8888888888888888,0.7857142857142857,0.021860669909426127,0.0015907898179514364,0.01165490174535504,0.7,0.005363012657257595,0.14214029669864248,0.34103448275862097,0.0008446521206378169,0.03880178129019999,0.003870277460214803,0.07333333333333354,0.01749999999999996,0.0022586492863300956,30.0,0.011428571428571418,0.081073961361737,0.0038043297924953566
165,0,9.391574054091322,12.062597238113714,0.006474319157063609,9.42051302526774,0.0,0.6153846153846154,0.75,0.6923076923076923,0.01768866554856213,0.0018070158058105018,0.008153293228885474,0.7,0.008341356681770475,0.10645007772481435,0.31000000000000055,0.00029760046814387634,0.0567191433687943,0.00307316672855481,0.01333333333333305,0.01899999999999995,0.001519756514690947,30.0,0.019999999999999993,0.06833026639873727,0.005982923545363147
166,0,10.596205707894082,11.78266232240502,0.005053880114945728,8.664010664872677,0.0,0.6666666666666666,0.875,0.6428571428571429,0.019507833184532704,0.0013801311186847059,0.01178838353611541,0.6666666666666666,0.00897767450155008,0.062059221222759885,0.33620689655172514,0.0003293169380919921,0.04628130490461028,0.0030731667285548267,0.004999999999999893,0.03200000000000021,0.002347266466327495,30.0,0.013333333333333327,0.047080096752279636,0.005672705865522676
167,0,12.417997253400992,11.685707036970596,0.003990172819807805,8.287046498109751,0.0,0.6666666666666666,0.8,0.6428571428571429,0.024324199198877378,0.004333071682315173,0.01098917215999019,0.6666666666666666,0.005247610405316539,0.049104913369303234,0.3379310344827595,0.00028536939183437045,0.017463664902783997,0.003446777061088367,0.02199999999999953,0.027500000000000302,0.003181066436506693,30.0,0.016363636363636365,0.027655450558221585,0.00520596204522529
168,0,10.779415018370647,11.79386500700232,0.005321659511587966,8.859084368878506,0.0,0.5333333333333333,0.7,0.6666666666666666,0.02308438625757438,0.004370588154508102,0.009124982527240656,0.7,0.005954475821844064,0.036537186350272935,0.3124137931034498,0.00032061817840934974,0.03460565012260562,0.003953195555755179,0.032857142857142155,0.028333333333333766,0.001965692137195264,30.0,0.015000000000000005,0.027678858063032108,0.0069006555934235485
169,0,10.227912871109666,13.108553919391932,0.00549961116738339,10.398127562020731,0.0,0.5625,0.7272727272727273,0.6363636363636364,0.026291105382281327,0.0027701027756664763,0.008587286917218885,0.6333333333333333,0.00508967208224285,0.056176834502256426,0.2582758620689666,0.0002565323376732624,0.05376011216379631,0.004039936687050235,0.027999999999999404,0.023333333333333626,0.0018457526164381932,30.0,0.019999999999999997,0.06542418783402301,0.004588302192184252
170,0,10.116831734252443,12.228858202600609,0.0058110900010932215,10.244293285877612,0.0,0.5,0.5333333333333333,0.8333333333333334,0.07212643220222544,0.007881779556647836,0.010448448115735344,0.6666666666666666,0.0024907993963089927,0.06232502036313643,0.30448275862068985,0.0002751227545442728,0.01809047556374489,0.0032663195706200973,0.012499999999999734,0.011666666666666861,0.009174825064598586,30.0,0.018181818181818184,0.05982848956195754,0.0028422468835305912
171,0,8.695084772029068,11.371671277961166,0.01632435213812123,8.119308233586775,0.0,0.25,0.5625,0.5,0.05603173703853518,0.008653574622171844,0.010050214063445972,0.7,0.009851965514038065,0.07017024971865389,0.3513793103448282,0.0004829116768302966,0.08832099772679124,0.009273941254642077,0.06500000000000039,0.040999999999999835,0.01209045274665294,30.0,0.018461538461538456,0.04039826223783264,0.005465837003576038
172,1,6.856817829972221,10.325627655107025,0.023382019960264497,6.131490765985635,0.0,0.15384615384615385,0.3,0.2608695652173913,0.07561672360588555,0.02001903855738094,0.014658934263495998,0.8333333333333334,0.009343046452137682,0.03948374331790933,0.44689655172413895,0.0002867110384896934,0.07865675021091038,0.012386870380492769,0.07300000000000004,0.05625000000000002,0.01952073378792528,30.0,0.029999999999999985,0.11649629698357104,0.012369019890889767
173,1,3.373858530431436,6.91490786160947,0.06561509171745443,4.0020552100746,1.0,0.1111111111111111,0.16,0.2,0.30339724601401524,0.042229692619950555,0.16744132894675612,0.8666666666666667,0.0616136746019841,0.518179098605195,0.6655172413793102,0.06930188351458308,0.22355154331161986,0.034977497139195755,0.4816666666666663,0.24099999999999994,0.014530175029728944,29.0,0.15272727272727274,0.1324578002366693,0.01388230410799801
174,1,2.313702261210967,4.660027926735826,0.1096615842430608,2.9974933987974186,1.0,0.07142857142857142,0.16,0.15384615384615385,0.2687768591229535,0.050921575021999156,0.13949305690667899,0.8333333333333334,0.056156486895176716,0.394137998554772,1.8517241379310345,0.05638409660365292,0.1691943293625277,0.05082205317020721,1.3888888888888886,0.5077777777777779,0.021127871136854045,17.0,0.35625000000000007,0.11003293013587183,0.027029376812726404
175,1,2.3002033634860166,4.368104790266649,0.09262454728312396,2.998383004233223,1.0,0.1111111111111111,0.16666666666666666,0.2,0.2470186677606011,0.05256858170345597,0.2248849743773031,0.8,0.08024757609665073,0.7258471944285962,2.2858620689655185,0.09474572036737341,0.401210142233833,0.06933607006634357,0.6533333333333337,0.24166666666666656,0.030184701265313044,3.0,0.22666666666666666,0.1913030235064812,0.03244131069263047
176,1,2.405291690631645,4.412312496266882,0.09060099054994775,3.013370612016267,1.0,0.07142857142857142,0.15384615384615385,0.1111111111111111,0.41196871510130745,0.06707798284320217,0.23260605802792947,0.9,0.08617937313383923,0.7714071954710366,2.288620689655171,0.09566448476056277,0.37935724372594587,0.052327363063411375,0.7266666666666669,0.36000000000000015,0.030940592626981858,0.0,0.18625000000000005,0.365543483924219,0.02792429025766912
177,1,2.7456182717743585,4.665499477791402,0.08140403657967399,3.5968104797894394,1.0,0.034482758620689655,0.2608695652173913,0.034482758620689655,0.23136527157049494,0.03829992628898256,0.19645553061750157,0.9333333333333333,0.07630461688405976,0.5101142995833932,2.167931034482758,0.09920379516830681,0.27929785626998055,0.04049882168437919,0.4320000000000004,0.28500000000000014,0.016954906178962365,0.0,0.1366666666666668,0.3223276534684482,0.024705547588196666
178,1,2.6966509104691587,4.41895568864344,0.09398752714288719,3.1896906155547793,1.0,0.0,0.20833333333333334,0.1111111111111111,0.4176154530985014,0.06872205678263257,0.23188385551603116,0.8,0.11552871657618945,0.6966559970539926,2.3489655172413815,0.13229339334884768,0.40079862451730813,0.06881035359526043,1.2566666666666668,0.5983333333333335,0.047739633985413296,0.0,0.22333333333333327,0.3486715469020192,0.03436050572592742
179,1,2.7571211608848607,4.511750805859854,0.0803711624304414,3.366096278083939,1.0,0.0,0.07407407407407407,0.034482758620689655,0.45998840565098303,0.05783932706301176,0.24228419810846358,0.8666666666666667,0.1178789878744848,0.7080690807606642,2.5396551724137946,0.14129446690882771,0.40876142768356327,0.11452253083139226,1.0720000000000003,0.46875,0.037832239787606324,0.0,0.2700000000000001,0.4569938590516118,0.04133879270507202
180,1,2.9194719390738437,4.581566495945681,0.07787485455527071,3.4699782077887207,1.0,0.0,0.07142857142857142,0.1111111111111111,0.3986517555739874,0.040287065158033195,0.19959496401428548,0.9333333333333333,0.08884565842182807,0.6433067845496575,2.410000000000002,0.10399378123129828,0.35596976864682783,0.08539157026374922,0.7828571428571435,0.4700000000000002,0.030021343881235188,0.0,0.26166666666666666,0.47368278716578244,0.038075328130495356
181,1,3.1370709038556504,4.111613534105959,0.07127179504650244,3.258498255032635,1.0,0.034482758620689655,0.07142857142857142,0.1111111111111111,0.47590253437255636,0.041567255558839514,0.08749763845209681,0.9,0.07485623409117582,1.0300843767037984,2.980000000000001,0.06322314783529911,0.366992446492176,0.028895156480406848,1.3233333333333335,0.6359999999999996,0.011498263696193738,0.0,0.46124999999999994,0.4291581862711429,0.023573927717442544
182,1,3.011029107189736,4.112351483185969,0.07294344692453164,3.4189418500391326,1.0,0.07142857142857142,0.034482758620689655,0.15384615384615385,0.5401486420935958,0.054190392501399925,0.08111267044132163,0.9,0.07695179160547537,1.129911175847961,2.845172413793103,0.07187268511834158,0.3244497172870076,0.047902088347244264,1.172,0.5328571428571435,0.058089848305796804,0.0,0.13666666666666671,0.6728555438258221,0.024587768653274243
183,1,3.884118693721594,4.542631747642181,0.05001722260329926,3.8002609558069937,1.0,0.0,0.20833333333333334,0.15384615384615385,0.3141989815387695,0.04024347667592834,0.06700431501994868,0.8333333333333334,0.06149763559417122,0.6566358914021914,2.635172413793104,0.045280340893983716,0.3094536770363096,0.04625266309670599,0.36000000000000004,0.20999999999999996,0.029559707822145537,0.0,0.20400000000000026,0.5868109797766188,0.020402267447683333
184,0,9.669379117009209,11.560968978170465,0.008060396730174588,8.956490787102952,0.0,0.35,0.5,0.6666666666666666,0.028676354952004164,0.005314592925068082,0.012838081107806263,0.6333333333333333,0.005260557897006252,0.1334011392214406,0.37827586206896646,0.000546258568761697,0.09680445258776195,0.006139689105559424,0.0349999999999997,0.030000000000000027,0.003935811510336584,30.0,0.02,0.07364668735131989,0.00269077537316728
185,0,9.229828099384196,11.709741900178567,0.008731430081981621,8.331627003132207,0.0,0.4444444444444444,0.5833333333333334,0.7142857142857143,0.030695638488590242,0.0070411811006760115,0.013522468075656316,0.7,0.0057664287631316365,0.0893783519422813,0.3499999999999995,0.0004737378361657082,0.11245255991435878,0.007601074037964082,0.028333333333333172,0.019999999999999796,0.004472987709307845,30.0,0.026000000000000013,0.03884408744264261,0.003058255249332274
186,0,8.968763948885774,14.146827000687072,0.007737679861307889,8.146842727853969,0.0,0.5714285714285714,0.7272727272727273,0.6923076923076923,0.028176033945338883,0.005808743116943585,0.004420114813665764,0.6666666666666666,0.008756727248741046,0.06064505857241516,0.26482758620689534,0.00027858894206242,0.06968930075309786,0.0027606565323841695,0.010000000000000675,0.020000000000000018,0.0030529120702770876,30.0,0.011666666666666672,0.0513343899529034,0.002715939345900947
187,0,10.722099689066386,11.879117368859674,0.006677861237764054,8.160600049994498,0.0,0.6,0.8,0.4666666666666667,0.025166114784235832,0.0035263825869664054,0.0018808016817267823,0.6666666666666666,0.013245972305305718,0.09901858548832546,0.3496551724137924,0.00038944763954295404,0.08454842029363753,0.004687804411884223,0.023333333333333723,0.06333333333333376,0.0019344355291212277,30.0,0.008571428571428575,0.04550986437138717,0.005221410657255537
188,0,10.877473037013756,12.201282981612856,0.006568253689768952,7.919578730262608,0.0,0.6,0.5454545454545454,0.5333333333333333,0.03123388473365994,0.008351137443404908,0.0054009321442886485,0.7,0.007474218726946101,0.10229981280862785,0.3524137931034475,0.0002771388119488772,0.04329145019358803,0.007173040987391768,0.021999999999999888,0.033333333333333215,0.0032573099372351574,30.0,0.02714285714285714,0.07083684809207097,0.0026397278771317346
189,0,9.381830077935136,11.254330283575452,0.008305508488527116,7.646411973732785,0.0,0.42105263157894735,0.8181818181818182,0.6666666666666666,0.03317462216145884,0.007252491947998447,0.010038022950855588,0.7333333333333333,0.005709521823741678,0.050885492366030606,0.3134482758620686,0.00029183186287736986,0.05960367974761115,0.010255882665655832,0.029999999999999805,0.015999999999999837,0.0030087401029006704,30.0,0.031999999999999994,0.0689876494911443,0.0035317799177971313
190,0,8.15079338862247,11.788052003075622,0.009647464167955404,8.51141263956658,0.0,0.4444444444444444,0.7777777777777778,0.47058823529411764,0.02404625172916191,0.0016659862556700849,0.016545135133888736,0.7333333333333333,0.003224059215202037,0.11170819615603601,0.2872413793103455,0.0003720739418869492,0.05632944880540803,0.011894776764854228,0.0600000000000002,0.019999999999999827,0.0027161397176850843,30.0,0.008000000000000002,0.10841684232941105,0.00555736931843626
191,0,9.13205668157521,12.706083219695369,0.008841872803011427,8.062218821744253,0.0,0.4117647058823529,0.5,0.4375,0.026121510931286753,0.0037179469135129786,0.012758350606723447,0.7333333333333333,0.010024459881627932,0.12257020756412605,0.29517241379310477,0.0002945024962069246,0.05025838001671688,0.011159547939055704,0.05599999999999987,0.038333333333333254,0.002256238516845674,30.0,0.012857142857142857,0.10921567254406214,0.007249114419289086
192,0,9.779137685988287,11.620787441778948,0.007343690053648852,8.081217878967271,0.0,0.29411764705882354,0.6363636363636364,0.6428571428571429,0.028511206373790794,0.005709521823741665,0.010191366227264645,0.6666666666666666,0.011111065759544679,0.06195280187258626,0.3162068965517247,0.0002973509015279018,0.03264819691659539,0.008839121451095139,0.04799999999999969,0.03750000000000031,0.004398268057401903,30.0,0.01875,0.032315654048752356,0.0053797301603927825
193,0,9.08821101590446,12.011622373820524,0.009724682591299287,7.446259330312566,0.0,0.42105263157894735,0.47368421052631576,0.3684210526315789,0.09181442636584344,0.012636196792854841,0.014263792704359003,0.7333333333333333,0.003380617018914069,0.08829881240486107,0.30310344827586255,0.00030943357512553115,0.05755848844294574,0.00838346282747127,0.046666666666666856,0.02400000000000002,0.011578069816695366,30.0,0.031000000000000007,0.05949774362611305,0.005957491139756027
194,0,7.486073802027591,10.103288289516032,0.0196978863725077,6.707132269327278,0.0,0.22727272727272727,0.4444444444444444,0.5625,0.07319760166077088,0.017562328266766337,0.013912261513074176,0.7333333333333333,0.011032419757890164,0.09884117680042331,0.40862068965517195,0.0005917222073002217,0.0544163840873576,0.010688515039120137,0.08400000000000016,0.029999999999999846,0.017757765380039148,30.0,0.027000000000000007,0.05914181733615523,0.008722291404610295
195,1,3.9059255891121847,7.34994519962177,0.07828016993576846,4.810394321576917,1.0,0.07407407407407407,0.16666666666666666,0.17391304347826086,0.25099911465093966,0.06204168008707703,0.15332398670123076,0.8,0.06343200333915879,0.47749696013563814,0.6196551724137925,0.045791458254519225,0.2981926510544096,0.0783795961231962,0.4200000000000001,0.20000000000000007,0.04133598850370256,28.0,0.136,0.28572091992297854,0.031209836230762608
196,1,2.8240671812007654,5.365467254974569,0.10772845629053067,3.413736432007755,1.0,0.07142857142857142,0.07407407407407407,0.07142857142857142,0.3643302836102916,0.06374652184722744,0.1325093245339186,0.9,0.059764845308039494,0.45103674978859953,1.4275862068965517,0.0658040979678773,0.27148630964844406,0.07869009221143965,0.9355555555555551,0.47000000000000003,0.03509163902201925,16.0,0.24555555555555555,0.34405554527037174,0.024851187025948046
197,1,2.955191409262612,5.267440833861452,0.06844656174131168,3.490532955223124,1.0,0.07407407407407407,0.20833333333333334,0.07142857142857142,0.20550642055393037,0.043100262795732744,0.11562053815623499,0.9333333333333333,0.05208261360046923,0.5579872234169875,1.5893103448275874,0.05978125916965664,0.2829649626155625,0.028506745830121128,0.25200000000000033,0.10800000000000018,0.025948415599200695,5.0,0.08875000000000005,0.3549578984328488,0.015590612909194874
198,1,3.091884396729186,5.140524064664324,0.09099250458096167,3.496692901813359,1.0,0.03571428571428571,0.07142857142857142,0.07142857142857142,0.48214347795374496,0.04516846772019694,0.14389319546344198,0.9,0.05434908581799425,0.3753505391109542,1.6820689655172425,0.08907642370952251,0.08493807267931149,0.05533155967979441,0.9188888888888891,0.3071428571428572,0.02410819151158361,2.0,0.238,0.24126588601603483,0.016143472386084576
199,1,3.3366745329582352,5.142942146190892,0.07943073125972573,3.4053152534368727,1.0,0.03571428571428571,0.12,0.034482758620689655,0.2801866441419996,0.0546434329256935,0.17983121338111036,0.9333333333333333,0.09066166452788081,0.5500151636747014,2.0513793103448283,0.10048959430584302,0.40797719023874596,0.0951007943627986,0.5771428571428571,0.31285714285714306,0.033117642296705156,0.0,0.09714285714285723,0.5493280922410294,0.04537921247851346
200,1,3.6065356745940322,5.1785167741467575,0.07622121581854342,3.7142946481722547,1.0,0.11538461538461539,0.12,0.034482758620689655,0.4460398587072186,0.07674234655717818,0.22699498031550253,0.9333333333333333,0.104685080056303,0.7429298865482056,1.828965517241379,0.09852290896653021,0.42826455680133624,0.09818096300504797,0.7912500000000005,0.46375000000000044,0.05405917644418127,0.0,0.30250000000000005,0.6983414832378806,0.04746151466345817
201,1,3.801361546668228,5.189948528448983,0.07627489088657717,3.703794559180821,1.0,0.15384615384615385,0.1111111111111111,0.034482758620689655,0.5150723789483916,0.04630804869728013,0.18482078099725519,0.9,0.062081798136522634,0.48534602285870415,1.9217241379310346,0.042174336467146425,0.2701736906681557,0.0974472374243247,0.7977777777777777,0.2949999999999997,0.03139724846040416,0.0,0.20499999999999985,0.4184655247139843,0.03894793314925257
202,1,3.565722433633301,5.2109016801560015,0.07025092211130157,3.8221724452293824,1.0,0.07142857142857142,0.07407407407407407,0.07142857142857142,0.4212579046406396,0.07230171100994762,0.25134533254165714,0.8666666666666667,0.08411847815638931,0.5948986765611027,1.7848275862068976,0.1141116884082414,0.5219486512654509,0.12927690893455634,0.8333333333333334,0.301111111111111,0.055513552920193485,0.0,0.20000000000000007,0.4368301190682372,0.0367048607506021
203,1,3.4244263799135437,4.700164503475324,0.08190427270291531,4.099143877037537,1.0,0.0,0.034482758620689655,0.034482758620689655,0.5902300869623265,0.06071344537233576,0.19315307101761903,0.9333333333333333,0.08553711848931893,0.7934419636368267,1.9827586206896557,0.12814398678119696,0.5022041214405113,0.09376676811494013,0.8637499999999996,0.39000000000000035,0.04113787006811963,0.0,0.39222222222222236,0.48524512130994324,0.042168331283859155
204,1,4.006801007978206,4.531552179652257,0.06634572523882351,3.9182851186363887,1.0,0.034482758620689655,0.0,0.034482758620689655,0.5756422500129746,0.04608274132057517,0.13023787760058417,0.9666666666666667,0.06315082905935872,0.7890847708010862,2.8599999999999994,0.1103199951647896,0.5817819915692513,0.06510886331086224,0.9485714285714282,0.17714285714285719,0.05880552521590434,0.0,0.24125000000000008,0.5560216586590483,0.04650737049333224
205,1,4.431818268512909,4.321851241142549,0.061491754344161154,4.23740422843316,1.0,0.0,0.07407407407407407,0.07407407407407407,0.6620443086883737,0.041088257421788926,0.20320439761699158,0.8666666666666667,0.10620119527364566,0.926523778931319,3.6189655172413784,0.1198598208244246,0.4185906707749985,0.10239801231064075,0.605714285714286,0.38000000000000045,0.05373239816204839,0.0,0.2812499999999999,0.6248994807874593,0.07546555370444413
206,1,3.6907423482912587,4.125870438775637,0.06568973554218466,3.8913144082240834,1.0,0.0,0.07142857142857142,0.1111111111111111,0.6994302443179495,0.03914841809646702,0.24252638540795446,0.8333333333333334,0.1271034716953349,0.6633528524116871,3.7368965517241377,0.15225952332050421,0.49868270009510995,0.07565263977391606,1.2137500000000006,0.35666666666666696,0.01648341157475753,0.0,0.19125000000000003,0.5364701085941026,0.07354279054276032
207,0,10.171968734886521,11.730221413952803,0.006163913812318643,9.326027353161239,0.0,0.6428571428571429,0.7777777777777778,0.6666666666666666,0.02246231411844193,0.004354995567685211,0.006143410827760036,0.7,0.0073456915041041895,0.08140968870451513,0.3037931034482754,0.0002555467756748731,0.0484741322418327,0.00326315235091863,0.03499999999999992,0.013999999999999879,0.0027221440129447383,30.0,0.018181818181818184,0.10020255947414704,0.0044627559283687505
208,0,11.845048695401838,11.75638661716584,0.004817185056507815,9.890978307863104,0.0,0.7692307692307693,0.875,0.5833333333333334,0.021315096371664226,0.005815765577436964,0.007297376287424964,0.6666666666666666,0.006622986152652822,0.0868107645602634,0.2475862068965522,0.00014227306120829188,0.03645778473834118,0.005779155600585837,0.022857142857143003,0.01833333333333324,0.0032345078167051212,30.0,0.017500000000000005,0.06858735529324955,0.0032467670995375017
209,0,11.178148565990833,12.241974364709622,0.005234649455029395,8.402213933332638,0.0,0.6,1.0,0.7857142857142857,0.017143187827498386,0.002291658936288754,0.008178285501344187,0.6666666666666666,0.00279941684889506,0.054054646071404415,0.2831034482758628,0.00013812902575165744,0.031820927525316116,0.005480453826980084,0.022000000000000065,0.038000000000000075,0.0026362207540237526,30.0,0.006249999999999999,0.05736042391137433,0.0032050979799726023
210,0,10.36842194701639,12.155344996598291,0.0059655678525195625,7.631853928773742,0.0,0.6428571428571429,0.7777777777777778,0.5625,0.019745604292826516,0.0030101867865293544,0.0072805770870918805,0.7,0.003311493076326444,0.09432394607267615,0.30620689655172445,0.00017701131828987718,0.0338933902813204,0.004369591895513067,0.04499999999999993,0.030000000000000027,0.0017088803670367127,30.0,0.007142857142857141,0.06632073787367673,0.003145107419512422
211,0,9.79395331328321,12.371362837381081,0.0065202561044550595,8.492415148776022,0.0,0.3888888888888889,0.8,0.6428571428571429,0.024560582693051527,0.004885073753612253,0.006817344825970724,0.7333333333333333,0.007474218726946106,0.08409777270623582,0.3437931034482751,0.0001877349412423409,0.04930482721189191,0.005614655264706525,0.03333333333333351,0.01857142857142843,0.003694157917724744,30.0,0.011428571428571427,0.07720938929896068,0.0007280577087092194
212,0,10.128575600079616,11.516465761756516,0.00677572551124552,8.671488184974852,0.0,0.5882352941176471,0.7,0.5,0.023579652245103187,0.0037688302737922635,0.004323641700120455,0.7,0.00861101967620247,0.06880377303370439,0.2982758620689652,0.0002863675579238915,0.07758252135015693,0.004429339411136525,0.024285714285714275,0.019999999999999928,0.004134079370899636,30.0,0.011428571428571427,0.04194636030524172,0.00652238427253717
213,0,10.279591763989306,12.303223914839625,0.006292077025232158,8.736642681116525,0.0,0.4375,0.6666666666666666,0.7333333333333333,0.020558858593479033,0.003931384274390533,0.005025107031723026,0.7,0.007965913777648203,0.0447943145080367,0.2565517241379314,0.00026357787732464823,0.09478324717785402,0.0070958452920116466,0.018571428571428555,0.02833333333333332,0.0026161195753736186,30.0,0.006666666666666664,0.029082757825231433,0.008659986960132232
214,0,11.081152552603061,12.475807511752738,0.005580518279520708,7.534456019598238,0.0,0.5333333333333333,0.6666666666666666,0.625,0.020121851030382092,0.0032991443953692906,0.004967924325998147,0.7,0.0043424811867344764,0.04360053672514907,0.29000000000000087,0.0003327137512518999,0.07263551725806656,0.004692677752605163,0.017500000000000293,0.004999999999999893,0.002804854877592376,30.0,0.017142857142857144,0.04831827586237796,0.004688616987097563
215,0,13.001058008980888,13.8077487371839,0.004962696969677574,7.839370104784357,0.0,0.5333333333333333,1.0,0.6,0.01586400537905439,0.0039313842743905324,0.0038047589248453926,0.7333333333333333,0.009686234007688513,0.05663776774109179,0.23103448275862226,0.00010465501733343343,0.033031833748920346,0.004286095221165505,0.017777777777777892,0.036000000000000296,0.0020603150145508528,30.0,0.01764705882352942,0.029504884871704568,0.005964338465691998
216,0,10.806836409063818,14.356440047621513,0.00599959864412195,7.507542338391164,0.0,0.6923076923076923,0.4166666666666667,0.5333333333333333,0.055617742972304554,0.007687785169756405,0.012461641826292414,0.6666666666666666,0.014992061391346649,0.040186639401604184,0.2034482758620694,0.0004300194863485293,0.060052584666857395,0.006491187118245895,0.0259999999999998,0.046666666666666856,0.01027999841181597,30.0,0.013333333333333336,0.0160284441044086,0.00838346282747121
217,0,9.940613175051434,11.976595889647905,0.011477830752954863,7.677469678592488,0.0,0.35,0.5625,0.42105263157894735,0.06872166082587548,0.013697410252272056,0.015699560200088017,0.8,0.008027164764078257,0.1091833632140042,0.30827586206896596,0.00044480689076050074,0.0856463222620029,0.011749540445492725,0.027142857142857073,0.041999999999999996,0.014236945327031991,30.0,0.016666666666666677,0.052957814041246526,0.007460006748004395
218,1,8.713194656429055,11.441846404651043,0.013126256869056302,8.307763901397987,0.0,0.22727272727272727,0.5555555555555556,0.4666666666666667,0.0870816985492487,0.008544401835183577,0.014852563396793904,0.7,0.00835113744340487,0.13703984226255878,0.3213793103448281,0.00041080138438784536,0.10568532421818104,0.011466983067933383,0.07100000000000009,0.043999999999999775,0.010523805214392556,30.0,0.030909090909090907,0.1028511479734464,0.00464312819721598
219,1,3.116853981188949,6.30757317395792,0.06928014661937729,3.840086129988068,1.0,0.16666666666666666,0.21739130434782608,0.4,0.2606336296199876,0.047755613695729913,0.14876288030897736,0.7666666666666667,0.062000219442227396,0.49122786599146695,0.8668965517241387,0.04599399732679704,0.3746115629945928,0.05037505051397679,1.0375000000000003,0.3237500000000001,0.0276205976576537,28.0,0.18454545454545454,0.24788393817010618,0.025660515209487176
220,1,2.4798230384624667,4.936501270478665,0.08547454325058997,3.071066348460099,1.0,0.15384615384615385,0.25,0.16666666666666666,0.22105328668797383,0.05249684149876959,0.22180655910018524,0.8333333333333334,0.08459459142261513,0.59037905499046,1.514827586206898,0.07477900269186302,0.4012143810880126,0.07880597373675823,0.7557142857142853,0.4028571428571429,0.03127950797323415,26.0,0.26800000000000007,0.33964102698420295,0.03154958520378057
221,1,2.622722608866428,5.174930094975082,0.07823087668131994,3.322532769201176,1.0,0.1111111111111111,0.35,0.16,0.17495523236912158,0.0588834892488756,0.24404371193155816,0.8333333333333334,0.09019887324514579,0.7014686633872435,1.5493103448275882,0.08440448817216994,0.4357135675247783,0.08666628152714007,0.7685714285714287,0.39333333333333326,0.021060922320249698,27.0,0.23800000000000004,0.35469361771672725,0.02696155993791378
222,1,2.867364061327897,5.558897209462414,0.08302251063430699,3.3429402417010836,1.0,0.07142857142857142,0.11538461538461539,0.16666666666666666,0.33692811630310043,0.038225254322596845,0.1626583582131538,0.8,0.055449922250180125,0.5387810126497012,1.5796551724137966,0.05399809531979792,0.33895244785185097,0.04441188784900879,0.6671428571428571,0.3514285714285713,0.014177801946254261,19.0,0.20625,0.13270445706595604,0.021232961156084286
223,1,2.8038763655096304,5.157314383224963,0.07895271105746131,3.1683913163650486,1.0,0.0,0.16,0.11538461538461539,0.2693591159276651,0.059719981500969924,0.12347430810457997,0.9,0.05340513873717972,0.8114031350808595,1.846551724137933,0.05963849319760759,0.16006818275113774,0.06823171405381145,0.17666666666666644,0.22000000000000014,0.04085734265685412,6.0,0.25999999999999995,0.5314536624901081,0.038285600568416706
224,1,3.2119291239566325,5.299091037404228,0.06823579791652233,3.9048976884746827,1.0,0.034482758620689655,0.07407407407407407,0.07142857142857142,0.24397996274739905,0.0597336491731203,0.20723039201369492,0.9666666666666667,0.0837729357364582,0.9482895163412494,1.6203448275862087,0.08557941752390044,0.41857516656871474,0.0930717929313483,0.4914285714285714,0.2742857142857143,0.03863877013859433,2.0,0.12600000000000003,0.5700673195715901,0.045889663590941654
225,1,3.9023436538566103,5.413131929214604,0.07363828837132187,3.8886464391212416,1.0,0.034482758620689655,0.1111111111111111,0.15384615384615385,0.33129728174086925,0.041686226701377525,0.20038941680474784,0.8666666666666667,0.05994782311809696,0.48649889009948155,1.6720689655172427,0.08575481247941485,0.3331126344209786,0.08403573583874421,0.5687500000000001,0.326666666666667,0.01674142688511529,1.0,0.17375000000000004,0.3011237691610237,0.03599420966282913
226,1,3.851260966871951,5.290126964446934,0.057905421884436904,3.8832250187914408,1.0,0.1111111111111111,0.15384615384615385,0.20833333333333334,0.2917474173931203,0.06535554252529399,0.1677191530079803,0.8,0.059146537727664754,0.21459596587873792,1.553793103448275,0.07679630719659293,0.2617880952272681,0.07529687637503149,0.20333333333333345,0.14250000000000018,0.05049089094111147,0.0,0.20428571428571438,0.3610154567328106,0.028931220337277217
227,1,3.204359160572928,5.201009486363164,0.07940075708229166,3.907735475210417,1.0,0.15384615384615385,0.15384615384615385,0.25,0.28333254901852223,0.06589622845937441,0.14691244095080047,0.8333333333333334,0.045783281266608765,0.8292337254529458,1.5903448275862067,0.12060600633053847,0.18349516666788881,0.058847220615332894,0.8457142857142854,0.3275,0.05111967551236799,0.0,0.22199999999999998,0.6305663123619217,0.029962552591912564
228,1,3.022548282780602,4.502257136403273,0.06744709036626963,3.118259877176234,1.0,0.2,0.07142857142857142,0.15384615384615385,0.4258669588811354,0.09712786999235438,0.07842635958369504,0.8333333333333334,0.023409981009910073,0.8277363936755266,2.4534482758620695,0.07114755351909806,0.3153351310874808,0.017043266270585226,0.34399999999999975,0.6239999999999994,0.05831901009769892,0.0,0.3333333333333333,0.4807180117311198,0.03684315718410288
229,1,2.668567240988444,3.901737806682258,0.07495787877499414,2.893215242529354,1.0,0.1111111111111111,0.07142857142857142,0.034482758620689655,0.37621521618468445,0.05511398207722031,0.2547402572022251,0.9,0.04340538228013144,0.7171119704978384,3.410689655172413,0.14932859117143005,0.3923934232877192,0.09147461935638,1.046,0.16999999999999993,0.04213693259404832,0.0,0.18,0.7126553125865426,0.03502383250784247
230,0,10.853342326242746,14.438067833648878,0.005731631966981965,8.452150853357336,0.0,0.7857142857142857,1.0,0.5333333333333333,0.019043809142780935,0.0021633936555429632,0.004212065597618277,0.7,0.007362342129557239,0.04650301723807699,0.25586206896551705,0.00023141289070921245,0.04197115951808461,0.0033580039422535695,0.0216666666666665,0.010000000000000083,0.001752898474306055,30.0,0.015000000000000013,0.08373166080048886,0.005731213023530672
231,0,10.383612625589686,13.801440633619524,0.00596275175083637,7.826440978660139,0.0,0.6,1.0,0.3888888888888889,0.02348521993841138,0.0034522988495984497,0.004956957592256438,0.7333333333333333,0.012136412855815426,0.04248152859901381,0.2658620689655168,0.00021773753156739358,0.026248420749384473,0.0066155866251268345,0.03166666666666688,0.05333333333333309,0.003216961848921275,30.0,0.015000000000000003,0.08502788658198322,0.005757645021228321
232,0,11.042075646446923,15.011606753181841,0.0058300850119578605,8.330150090197868,0.0,0.4375,0.8888888888888888,0.4666666666666667,0.02509758731210809,0.004000000000000001,0.006847215035435649,0.7333333333333333,0.007445036697597339,0.07275866360270612,0.22620689655172274,0.0001367324016459319,0.03702545548324093,0.007757340171128934,0.029999999999999954,0.027142857142857198,0.0036064945197640964,30.0,0.01857142857142857,0.04897153970093528,0.004254873156538393
233,0,11.399640460528044,14.528803461945671,0.004867950045748627,9.593826440868988,0.0,0.5714285714285714,0.6,0.5,0.02266911751455907,0.0022737783592977744,0.005598833697790114,0.7,0.004843117003844236,0.11159328485392782,0.22689655172413764,0.00011274326744307854,0.034608402109872385,0.004371459694878248,0.02499999999999991,0.025714285714286054,0.002737097126568972,30.0,0.01,0.07005451715735173,0.004457264955592596
234,0,12.790892595302804,8.609605394865525,0.005038064474224694,8.300296111842988,0.0,0.5384615384615384,0.5,0.375,0.02031966753883756,0.00401358238203914,0.006448118430404081,0.7333333333333333,0.006876955504204093,0.0498973095126244,0.20000000000000065,9.714133332138296e-05,0.07817945517131938,0.006626929189012771,0.03999999999999989,0.03333333333333351,0.0024890508531687085,30.0,0.017142857142857133,0.04803230205618288,0.0023728624465982322
235,0,12.367040220945006,14.5319659992665,0.005670855530361345,8.89212777263499,0.0,0.5833333333333334,1.0,0.6428571428571429,0.020278614899006845,0.005229430062206609,0.008677126079918586,0.6666666666666666,0.0076842448586454636,0.08944500077290701,0.16620689655172463,0.000299939658330567,0.06388723058086443,0.006226299279755916,0.03333333333333302,0.0344444444444446,0.0028338094838002395,30.0,0.018999999999999993,0.05794947834809506,0.006166135296098806
236,0,10.89481806570998,13.74513701142712,0.006103597915223423,9.380827634191155,0.0,0.5,0.8888888888888888,0.4375,0.02459448899426229,0.005247610405316539,0.011372481406154655,0.7,0.011407122730101213,0.10054233886657848,0.24517241379310317,0.0003888180281926502,0.03928961019643397,0.007629659276813861,0.04400000000000013,0.030000000000000138,0.0023136389454856627,30.0,0.013333333333333327,0.04485322397197576,0.007687785169756408
237,0,11.17416106053297,13.438015467049247,0.005692530337131073,8.642396075316855,0.0,0.35294117647058826,0.6666666666666666,0.5333333333333333,0.028458546851321993,0.004645237485050362,0.004420114813665632,0.6666666666666666,0.010722219284950206,0.09336054025224183,0.2603448275862068,0.00012319964661138417,0.02296285080312942,0.004281521758840931,0.020000000000000167,0.034999999999999996,0.0031596090346276474,30.0,0.014285714285714282,0.024751455670790987,0.005026406460361343
238,0,10.80499487479557,8.609605394865525,0.005650530635765536,9.109813497730194,0.0,0.5333333333333333,0.6666666666666666,0.6,0.032729531347427246,0.006156684327197709,0.0021633936555429095,0.7,0.007041181100676042,0.0635063872731696,0.1751724137931039,0.00019522787801372273,0.0308703675364698,0.003052912070277052,0.016666666666666607,0.029999999999999895,0.00547031568938179,30.0,0.015555555555555552,0.05154181183609043,0.003973791691591768
239,0,10.370399994067482,15.161698351761535,0.008673217501685919,9.033183916771208,0.0,0.5555555555555556,0.7333333333333333,0.5625,0.07881130770531741,0.008027164764078287,0.01149741171701156,0.7,0.010275126826103806,0.0924683435442807,0.19344827586206845,0.0004587052918398689,0.0721774080394447,0.008797216628466244,0.04428571428571423,0.043749999999999734,0.0074009008460682235,30.0,0.022727272727272728,0.06458088426341772,0.005601554691867856
240,0,7.576158023031482,12.903683699485828,0.013082128042293428,7.847214626216516,0.0,0.42105263157894735,0.625,0.4666666666666667,0.08284456664273296,0.014627343698480238,0.01784132632878133,0.6666666666666666,0.007241227392483976,0.09611529357945058,0.26724137931034436,0.0007814756305147507,0.07392954910786675,0.011332068756980207,0.06833333333333307,0.033333333333333215,0.014134899155977732,30.0,0.023636363636363636,0.046962460040561094,0.004064513760444567
241,1,3.220446690969527,6.753370804515575,0.06369594310540017,3.90912852166853,0.0,0.38095238095238093,0.23809523809523808,0.3684210526315789,0.21354052438718873,0.06133170657410829,0.1501937071247126,0.8,0.06743906294488644,0.5688749608555774,0.6672413793103453,0.06140278049730325,0.2246981346177135,0.0656590409605862,0.685,0.33428571428571413,0.03998421457232825,29.0,0.17300000000000001,0.2656054974433119,0.03057059188886227
242,1,2.9815625361192435,5.8754955368380735,0.07531880929724702,3.579330004613156,1.0,0.30434782608695654,0.07142857142857142,0.21739130434782608,0.2595885633502027,0.0814115270382142,0.2700573383309451,0.7,0.1118827131267321,0.9739536509946014,1.1593103448275859,0.10636162385008614,0.48661102095440245,0.08726171441543588,0.6599999999999996,0.17875000000000008,0.0387563117528006,28.0,0.18857142857142858,0.35538893822819884,0.03225071849645239
243,1,2.7905663123387745,5.400872377998648,0.09467942684283605,3.4307154024478006,1.0,0.30434782608695654,0.2,0.2608695652173913,0.2119339519756096,0.06126489822975341,0.25416647819776667,0.8,0.10496348571447749,0.884964352254883,1.4086206896551738,0.11358219433322737,0.4873585055430657,0.07339719173852674,0.9366666666666664,0.33624999999999994,0.028600899086766975,25.0,0.22875,0.31583394758793765,0.0297353771299646
244,1,2.8137634925788455,5.5481416479795795,0.07754381709227039,3.5565989584848663,1.0,0.2,0.2,0.16,0.2698361642840995,0.051008069256262785,0.200455264149311,0.8333333333333334,0.09012432833493476,0.6826227531581789,1.5651724137931053,0.09653681054919777,0.3220463058773553,0.08302721461874388,0.6414285714285715,0.4866666666666665,0.028748498925616796,20.0,0.2842857142857142,0.29977487789167123,0.040090401246543214
245,1,3.247245699054127,6.2303765345888475,0.060379617520536284,4.087157517984048,1.0,0.15384615384615385,0.2,0.25,0.2219249122263354,0.05519489279341152,0.196027764242062,0.8,0.08470806208568887,0.738775600405903,1.1899999999999993,0.0796020719374277,0.21025724444959631,0.048822789370382966,0.5116666666666667,0.16125,0.03360058308531968,10.0,0.10857142857142861,0.32856157666389335,0.023954105779040676
246,1,3.20999033856386,6.063667789429121,0.06324804054913782,3.7857669885776843,1.0,0.07142857142857142,0.2727272727272727,0.11538461538461539,0.17728852817433569,0.05710165181022158,0.23993780373226703,0.9,0.08755981434673885,0.9363453052225152,1.4089655172413789,0.08925839541568537,0.25479072378163564,0.0602030577567727,0.6957142857142851,0.3100000000000003,0.02379211554075766,3.0,0.04500000000000004,0.36384135288340475,0.030155190435546635
247,1,2.960338981450121,5.034519615469929,0.07866046895626926,3.738189410551588,1.0,0.11538461538461539,0.15384615384615385,0.034482758620689655,0.36189025346858344,0.03198979429092219,0.12627709515943406,0.8666666666666667,0.03518928408316542,0.669283503579212,2.0044827586206906,0.03509680088577558,0.315908451390374,0.057045698353866026,1.1714285714285708,0.33000000000000007,0.012446697236971846,2.0,0.26555555555555566,0.32822554382474173,0.031570967460541326
248,1,3.0509555671158783,5.0656421547833705,0.07142449885637328,3.7217348088360716,1.0,0.11538461538461539,0.1111111111111111,0.20833333333333334,0.3142520220035718,0.04570297479116546,0.2449463081525235,0.8333333333333334,0.07652343911961797,0.34765727121878587,1.8117241379310367,0.09896140707015004,0.38786672793558274,0.09458432943225678,1.1359999999999997,0.20999999999999996,0.03605415427958789,0.0,0.07285714285714286,0.3937768241160014,0.034620005226815805
249,1,3.6212717281399502,5.6668760396134665,0.08176369939948352,3.992957255610732,1.0,0.07142857142857142,0.11538461538461539,0.15384615384615385,0.318131524163618,0.03259648159303236,0.18192268672592274,0.8333333333333334,0.0673789163414413,0.5141251601235917,1.439310344827587,0.09653034175031526,0.17778761310662167,0.03923469240908337,0.7777777777777778,0.25285714285714295,0.040080327506910686,0.0,0.15333333333333324,0.35397544478424436,0.02409873116032069
250,1,3.12065160567542,4.943985778833125,0.07115570661731233,3.6302316020963117,1.0,0.07142857142857142,0.1111111111111111,0.07142857142857142,0.42237489929629524,0.015288606757930456,0.10003359979744492,0.8666666666666667,0.0892702081773489,0.4151613734277252,1.7720689655172415,0.09159629439976358,0.4816976215837654,0.03295163225133468,0.8885714285714285,0.30625000000000013,0.02404127969247276,0.0,0.26888888888888884,0.2462782188672714,0.015297681119014354
251,1,2.9042021764361428,4.2432960121822365,0.07119962719115565,3.2854537229942857,1.0,0.034482758620689655,0.1111111111111111,0.07142857142857142,0.3669794120776925,0.06250376859386458,0.040304284811290836,0.9333333333333333,0.0575090646507731,0.4065624266981893,3.0606896551724145,0.08010013197437887,0.36333908751606564,0.04722558974253896,0.8366666666666678,0.5766666666666668,0.030475380941629153,0.0,0.3679999999999999,0.44813943651259097,0.021107486501110325
252,1,3.188071230157139,4.407654289503786,0.054002963434757065,3.5853147811305703,1.0,0.07142857142857142,0.17391304347826086,0.2,0.32063981176530293,0.06255598852772026,0.09553387403657085,0.8333333333333334,0.013131465042014973,0.5620483190306411,3.457586206896552,0.0735209032048922,0.27882684261610347,0.05613692686479315,0.2450000000000001,0.1516666666666664,0.027507525253614336,0.0,0.1971428571428572,0.30481664924978,0.03139828844072242
253,0,9.596671069261028,11.48359391528671,0.007705762167988085,9.365375281305232,0.0,0.5625,0.8888888888888888,0.42857142857142855,0.02432191512927293,0.0036064945197640938,0.01355061059949142,0.7,0.00852048352241713,0.0727687605845171,0.33896551724137997,0.00034024951228803387,0.04963732411782715,0.008138394767259473,0.044999999999999485,0.046666666666666266,0.00171840774266995,30.0,0.006000000000000005,0.02971016454937657,0.005669635076860096
254,0,9.258833773419592,10.242310802864315,0.007541757301315112,9.419103891021063,0.0,0.4444444444444444,0.5833333333333334,0.5714285714285714,0.02662705391138869,0.003041660842413583,0.011166032066443461,0.7,0.008424131195236544,0.05468524655221155,0.4093103448275864,0.0005119445548210139,0.03512581855632219,0.0055863779900414,0.015000000000000568,0.04166666666666637,0.002905870202306539,30.0,0.008333333333333337,0.07080184478168483,0.006422748685747564
255,0,10.208628938925107,10.7147693489245,0.006751149907483739,9.876977086117426,0.0,0.6428571428571429,0.7272727272727273,0.8,0.02959729717389748,0.0024907993963089554,0.011638547259556204,0.6333333333333333,0.003858024590576947,0.08376757608240257,0.39551724137931055,0.00040674954168365846,0.07658173349279807,0.006314479635031273,0.03666666666666707,0.018749999999999822,0.003018852329570808,30.0,0.008333333333333331,0.06499456806188508,0.0038900535994767873
256,0,10.709365767950498,12.281648255167822,0.0065864810906872675,10.275922368134664,0.0,0.5714285714285714,0.8181818181818182,0.9,0.025265259415516262,0.00200679119101957,0.011390412485886488,0.6333333333333333,0.002592506207393566,0.10224460466779384,0.312068965517242,0.00029582894855426605,0.10454995876398553,0.005702654829887763,0.0639999999999997,0.017499999999999738,0.0028191763162386343,30.0,0.006666666666666665,0.051562650618208944,0.0006371706165210487
257,0,10.66693700612705,12.605006215847649,0.006059686891086336,9.460044515109216,0.0,0.5333333333333333,0.75,0.75,0.018454147380888547,0.0038580245905769682,0.005986379097073402,0.6666666666666666,0.003717946913513014,0.15129508941678377,0.27862068965517356,0.00013153969629233693,0.05279713453366569,0.007492762948248034,0.043999999999999775,0.01750000000000007,0.002571005256161661,30.0,0.008749999999999997,0.06652650844987,0.0029896874907783667
258,0,10.59935947578052,11.462020593977407,0.0062170492315014045,9.595896380133883,0.0,0.6,0.7777777777777778,0.7,0.02184795947756525,0.0042314018840996295,0.007571877794400459,0.6333333333333333,0.0042602417612085716,0.12096685327740327,0.32310344827586274,0.00014055098573768703,0.02668026863983714,0.004206247378222401,0.05666666666666664,0.025000000000000355,0.002631054727593447,30.0,0.014615384615384612,0.08323553662843264,0.001848109900433861
259,0,10.221316418399853,10.379075777221285,0.007012042386440995,9.245300183076184,0.0,0.625,0.8888888888888888,0.75,0.026768555350551806,0.0020995626366712935,0.015076223565827286,0.6666666666666666,0.005451081150953966,0.1298652362714395,0.4255172413793112,0.00028651857842435256,0.05399168492292418,0.009209755253899696,0.054285714285714395,0.033333333333333215,0.002667618877611731,30.0,0.019999999999999993,0.09871527392517622,0.0026335356849836317
260,0,9.17824739805167,10.599482103500906,0.007249634927413782,9.936179825457993,0.0,0.5294117647058824,0.8,0.6153846153846154,0.029266970385667793,0.004140393356054123,0.01547699631601659,0.6666666666666666,0.0038685897164933846,0.09087301448672656,0.4417241379310353,0.00045161817838481754,0.06076675603860865,0.008047613412226751,0.06250000000000044,0.014285714285714235,0.005306086865396121,30.0,0.02428571428571428,0.061932928390700574,0.003205097979972719
261,0,9.342144971309395,11.090376516542976,0.006808851022749773,11.515501325740965,0.0,0.5,0.6363636363636364,0.6153846153846154,0.031631559486619616,0.0045981362684088785,0.010603554788355661,0.6666666666666666,0.0065920999926370565,0.11245534261044582,0.40448275862069005,0.00033011966166892747,0.08068701604237878,0.00528295938503641,0.05500000000000016,0.016666666666666705,0.005712666437236581,30.0,0.019999999999999993,0.06402374559489518,0.00504024618770294
262,0,9.313727447523082,11.066486570543775,0.006907515030741768,11.061623136884464,0.0,0.35294117647058826,0.4117647058823529,0.5,0.07414999812691989,0.011187942975686408,0.011041048949477631,0.7,0.009442990417617194,0.14527028526960695,0.3937931034482764,0.00045373785233266057,0.06801700467655182,0.005112077203381511,0.029999999999999805,0.01499999999999968,0.008337245340275506,30.0,0.028181818181818172,0.12988854248696335,0.00788640438664291
263,0,8.532030328650603,10.216735901427816,0.01035579171485988,8.997560411700276,0.0,0.2857142857142857,0.4117647058823529,0.6666666666666666,0.07360631011597367,0.02214239630856864,0.009386631106920802,0.6666666666666666,0.007241227392483882,0.12082280273137179,0.4458620689655175,0.00024731062403768317,0.05945489343814732,0.01052204682501254,0.06874999999999964,0.01333333333333305,0.020169674819216225,30.0,0.03363636363636363,0.1086230553946325,0.0073953837412450586
264,1,7.521966587327604,8.906258173623009,0.012022547795842017,8.514421110202369,0.0,0.38095238095238093,0.3333333333333333,0.5333333333333333,0.09745711307487459,0.018485515565282065,0.012934160854373334,0.6666666666666666,0.005490870592533114,0.24246203153214324,0.5782758620689654,0.0004536525230842228,0.08469553313683836,0.01296450413039145,0.09333333333333312,0.03499999999999981,0.017135553999925238,30.0,0.024444444444444453,0.13186602972683464,0.00738094623655654
265,1,2.611213228797481,5.577675808738546,0.10749597130927963,3.3279146371824675,1.0,0.11538461538461539,0.15384615384615385,0.21739130434782608,0.34171479335843796,0.04366788698507743,0.15196759411092883,0.8333333333333334,0.05802345291720734,0.5475097116524439,1.1617241379310346,0.0728965238120615,0.259823226143348,0.07773373706152971,1.12,0.4780000000000002,0.024621808816326966,27.0,0.2444444444444444,0.2589465776333546,0.029156523406312626
266,1,2.283038542118648,5.072825755764556,0.10553093226222694,2.9652456462278507,1.0,0.07142857142857142,0.1111111111111111,0.2,0.26969530132272523,0.05930481619978091,0.22247292887367814,0.8333333333333334,0.08226504370001868,0.5299184380830769,1.5768965517241373,0.10142433056624744,0.2730723160555053,0.07326461591776917,0.4960000000000001,0.21333333333333337,0.03373013348271698,25.0,0.17833333333333337,0.14370197050329797,0.021437890037307727
267,1,2.3666018231813517,4.792124087164924,0.10422949079736829,2.969413981170326,1.0,0.1111111111111111,0.1111111111111111,0.15384615384615385,0.26228398519331847,0.07056853666717866,0.24487470070960582,0.8666666666666667,0.09283838638405212,0.6727873181847319,1.9624137931034469,0.12290186844360859,0.38255222399253147,0.07212191492358551,1.593333333333333,0.5166666666666667,0.04420129588397979,25.0,0.3166666666666667,0.2907376365958383,0.02426347441064845
268,1,2.3933827459543755,4.5636538579822306,0.09946332469729284,2.8842483521522246,1.0,0.03571428571428571,0.2,0.1111111111111111,0.2920798977448922,0.027370971265689693,0.05831371876255502,0.9333333333333333,0.034732015852381365,0.6690760204105624,2.188275862068964,0.07953609462419295,0.2467506935388528,0.06023149898008321,1.6349999999999998,0.2940000000000003,0.018684578383997702,19.0,0.2942857142857143,0.3275171774069243,0.021974926961562148
269,1,2.1196143903597733,4.209394523019459,0.10581639761417189,2.7233023883378924,1.0,0.03571428571428571,0.16,0.25,0.23567609599240696,0.04565978894531394,0.1929012295288486,0.7666666666666667,0.1019893285067202,1.0474627199379762,2.507586206896551,0.12435394448453624,0.34560675226459975,0.10788616827991648,1.1799999999999997,0.3466666666666667,0.015312615402869321,10.0,0.2816666666666667,0.2992822652375423,0.05595161174749894
270,1,2.2156347297090697,4.003556681415003,0.09430164003234841,2.59197387969742,1.0,0.07142857142857142,0.11538461538461539,0.2,0.29575590536040963,0.07489366611730124,0.2999613580555514,0.8,0.1374665822099676,1.3494831159640748,2.7710344827586213,0.20404668116326907,0.42653356767520834,0.11234271181504919,0.5133333333333331,0.16599999999999984,0.04110507524484481,8.0,0.25399999999999995,0.2903048775077021,0.059935911350272764
271,1,2.860335433282117,4.1558551378755695,0.0824809500057447,3.1738459063560334,1.0,0.1111111111111111,0.2,0.2,0.38744117833119734,0.08009348279600878,0.2744560483009613,0.8333333333333334,0.09694489633379404,1.1887416544768825,2.6613793103448287,0.17712560889333934,0.451283068775314,0.09595130284163321,0.8199999999999997,0.26000000000000006,0.04775088416747394,5.0,0.22374999999999995,0.37624812047805045,0.04106672850953896
272,1,2.8103759835291293,3.761047949878295,0.08289908480662327,3.0160686970602684,1.0,0.034482758620689655,0.07142857142857142,0.11538461538461539,0.3310078884592061,0.09216046343420894,0.29521453054959707,0.8666666666666667,0.10641121622637113,1.2056076233570348,3.2555172413793114,0.18396650776329665,0.3911124896904161,0.12024871277968044,0.8928571428571426,0.3219999999999999,0.06583599495179303,0.0,0.20500000000000002,0.8209660060740959,0.0506081330346388
273,1,2.316096094467908,3.6302779493574246,0.09225519322545654,2.629670972431303,1.0,0.034482758620689655,0.1111111111111111,0.034482758620689655,0.3588161088914487,0.07710969304766271,0.19103036051752548,0.8333333333333334,0.08522926264426066,1.3081581485036884,3.7727586206896557,0.16333209856899814,0.2009360408612815,0.09774183961274915,0.7450000000000001,0.37666666666666676,0.051599208979856835,0.0,0.31666666666666665,0.8891918354731504,0.040969967430942916
274,1,2.7014050825615477,4.207718062015782,0.0719935380026185,3.0814472781594606,1.0,0.0,0.11538461538461539,0.034482758620689655,0.4055827083756571,0.05976985338905943,0.12315777171861253,0.8333333333333334,0.06901937024769024,0.8749784370520931,3.0324137931034474,0.08414228472488937,0.3158039088477815,0.0599083472316439,0.9649999999999999,0.16000000000000036,0.026804142232429752,0.0,0.27,0.4191574340958571,0.03646203878157176
275,1,2.6229561837150124,3.884726133329971,0.07941019100616144,3.06609511774988,1.0,0.034482758620689655,0.07142857142857142,0.07142857142857142,0.4155452910199909,0.04941480678148706,0.28743680760707546,0.8333333333333334,0.18116726589340723,1.2713128679295536,3.411034482758622,0.17168284982663626,0.828941214691951,0.12620280838213319,0.9625000000000004,0.4175000000000003,0.023745200732424372,0.0,0.3533333333333332,0.45154096009050604,0.0643737386772939
276,0,10.202009680816396,12.79543233286727,0.007745190148778862,8.291342936302273,0.0,0.5333333333333333,0.8,0.5,0.027770888034454752,0.0016495721976846447,0.011318517727044296,0.7,0.011102490987271741,0.15183485479049835,0.2103448275862067,0.0006322047304667169,0.057430703585152995,0.007510536816054195,0.08333333333333304,0.029999999999999954,0.0020157205291658534,30.0,0.0075,0.10420441971641767,0.008566855923158919
277,0,10.265966778831835,13.885530769409149,0.005694697156281999,8.59726659753358,0.0,0.7692307692307693,0.8571428571428571,0.47058823529411764,0.019745604292826516,0.0010033955955097856,0.007004371812646457,0.7333333333333333,0.009865765724632526,0.1417416448244871,0.20482758620689573,0.00016672610640755347,0.044700667331304754,0.004589013795909629,0.027500000000000302,0.03714285714285724,0.0014163284910492433,30.0,0.0090909090909091,0.07795877508173726,0.006718438432104984
278,0,11.318738784583145,11.341474334651027,0.005917676821256667,7.506317385781176,0.0,0.6,0.5,0.2631578947368421,0.020245712852080287,0.0016495721976846447,0.007345691504104224,0.7333333333333333,0.010199373063299223,0.09190915360836933,0.3237931034482754,0.00021827306869379577,0.09055310014338709,0.00575868465707155,0.032500000000000195,0.03714285714285711,0.0011812595606638966,30.0,0.013333333333333336,0.07063535180892096,0.0039045760699100915
279,0,10.793110733965515,12.038570725701994,0.006121647972084004,7.9123346755404595,0.0,0.625,0.6363636363636364,0.4666666666666667,0.0255516905289824,0.005745154716897401,0.00859995253902422,0.7,0.008677126079918515,0.07836804846624806,0.30448275862069035,0.00024211771354216134,0.09744379157753896,0.007307660690118627,0.026000000000000155,0.06333333333333317,0.0034732015852381322,30.0,0.015,0.08082689658080637,0.003758419120549797
280,0,10.38340186031113,13.865709268722469,0.006284875206869214,8.164447040275972,0.0,0.5,0.6363636363636364,0.6,0.024919871588754226,0.005301777394177823,0.012918372720335044,0.6666666666666666,0.008086269541762815,0.17157596837893735,0.2196551724137935,0.0002763595252761963,0.06257686429966172,0.007264338390032383,0.042857142857142705,0.032500000000000195,0.003254635626491002,30.0,0.018571428571428572,0.06950563624187464,0.005841256038631076
281,0,10.773975053531563,13.70530840257704,0.006391129257869711,7.9803664472940925,0.0,0.4375,0.8,0.5,0.024864074931962025,0.0048515373816952504,0.010370024829574224,0.7333333333333333,0.009062143729802137,0.15315858128230397,0.23758620689655077,0.0002932859429869447,0.08008362975728589,0.004890418231213984,0.04142857142857143,0.04249999999999998,0.003713553041290267,30.0,0.021666666666666667,0.06319271464079933,0.005965159616615512
282,0,10.000044630980968,12.983336657071685,0.006286197368057234,8.2981031241599,0.0,0.5,0.7777777777777778,0.5,0.02334285520001546,0.006087793072189291,0.006540298938434059,0.7,0.007784512795016948,0.09471863094248645,0.26103448275862023,0.0003017177488978734,0.05470837963896451,0.00447663624933318,0.030000000000000072,0.05249999999999999,0.003892151530633792,30.0,0.020000000000000007,0.1131294123805925,0.005743449389030428
283,0,8.622682438736094,13.634327020665408,0.007533798068155162,8.399814713556056,0.0,0.3684210526315789,0.6,0.6,0.02481039208790453,0.006880911187881312,0.0053908463611751535,0.7333333333333333,0.005383269623261908,0.1193550696579796,0.2658620689655175,0.0002656496961948865,0.04109719688539243,0.004092535099106043,0.03399999999999999,0.019999999999999796,0.0037789247291846817,30.0,0.02200000000000001,0.08654353157309203,0.004542767294709022
284,0,8.770495901366555,11.946990325857588,0.0077173338354904735,8.140966850273998,0.0,0.4117647058823529,0.7777777777777778,0.5,0.023825756371344584,0.0061897435463893055,0.006998542122237619,0.7,0.0036589281356758925,0.10326480062256964,0.3275862068965522,0.0002958904595988765,0.05896268853652901,0.004403091060193243,0.046666666666666856,0.013333333333333345,0.0029310442521673476,30.0,0.014285714285714287,0.011903466596197577,0.005417833992479754
285,0,9.188160073083026,12.80064123855366,0.0072597766284410335,9.30125576806558,0.0,0.47058823529411764,0.7272727272727273,0.5294117647058824,0.030016662039607275,0.005649634266652912,0.0066761836831702205,0.7,0.007280577087091969,0.11662930402700278,0.2593103448275858,0.0003002059556076689,0.06274231936624394,0.002742460288750729,0.03400000000000016,0.03857142857142864,0.004370961693088715,30.0,0.015714285714285715,0.06352109939246293,0.007575973478679849
286,0,9.926460935029066,14.261910029772265,0.006300255915231575,10.612601228328643,0.0,0.47058823529411764,0.4,0.4375,0.05043037003852165,0.01057528887046957,0.004766664288092247,0.7,0.011881501084762458,0.14362536300375076,0.20689655172413768,0.0004025011760662259,0.049517948371114597,0.005755848844294594,0.025999999999999978,0.03375000000000006,0.009103905120077542,30.0,0.01666666666666667,0.0850090479378079,0.008654706556448413
287,0,9.27496840626379,12.046785740400338,0.013656721188023857,8.263255389805765,0.0,0.25,0.5,0.3684210526315789,0.07538346414610214,0.008375539377493581,0.012896236860808222,0.7333333333333333,0.013759844960366868,0.07917809083343233,0.3037931034482762,0.0008826923513947969,0.053538720173563356,0.01064162025410858,0.06999999999999976,0.06444444444444436,0.009804621983783852,30.0,0.02799999999999999,0.06591825075283013,0.007774579193284497
288,1,7.260173262465796,9.926823992610764,0.02162971867588495,7.199740740329168,0.0,0.30434782608695654,0.6111111111111112,0.5882352941176471,0.06690706655918757,0.009686234007688461,0.0216226135091479,0.7666666666666667,0.007052765173932774,0.10170478821362455,0.42034482758620756,0.0011306726479112677,0.06348345973451604,0.01921371392316157,0.07200000000000024,0.02499999999999991,0.007806503480985542,30.0,0.02799999999999999,0.1117838146803462,0.0083893680690883
289,1,2.722543088820297,5.571701314573045,0.08684861747143292,3.5105629065057125,1.0,0.11538461538461539,0.3181818181818182,0.11538461538461539,0.2974850136281378,0.062439739657011446,0.1884352322011302,0.9,0.06984005049440632,0.7317735793458052,1.100000000000001,0.08215903030137371,0.3805381080794411,0.039334089696405755,1.2949999999999997,0.4249999999999998,0.03197059873811357,28.0,0.24083333333333332,0.1978113496946705,0.023795958040129787
290,1,2.5231305769573407,5.054833813288371,0.09628176985488514,3.1150771586792234,1.0,0.1111111111111111,0.20833333333333334,0.07407407407407407,0.27913676456771747,0.0758232818336638,0.29274924841744615,0.8666666666666667,0.10641121622637113,1.1561786929657663,1.6120689655172418,0.12296779987940537,0.5633729326338727,0.0676922769135556,0.7444444444444446,0.28000000000000014,0.031792695862478855,26.0,0.14625000000000002,0.2857930024897541,0.03268488177427962
291,1,2.9172231565708726,5.3785571667756376,0.07492698761152553,3.4157446325949987,1.0,0.07142857142857142,0.3,0.12,0.157601818940434,0.05965159616615526,0.2768617622102223,0.8666666666666667,0.10188001479665182,0.8430076863135195,1.3789655172413786,0.09475893049782536,0.5251743604209341,0.06978519422723811,0.4100000000000004,0.2316666666666666,0.020228087161273573,27.0,0.13285714285714287,0.2997116618887363,0.03238489611838576
292,1,3.1999592642131107,5.516271211437943,0.06803629612001368,3.6048175972792658,1.0,0.1111111111111111,0.20833333333333334,0.35,0.3482542174906142,0.09594995861293076,0.30146445284068,0.7666666666666667,0.10161284401111513,0.968075192446999,1.3786206896551711,0.12297591232024009,0.42484497372651103,0.07087175732542945,0.7333333333333335,0.2155555555555559,0.035589221023523715,15.0,0.1288888888888889,0.3533001653024249,0.027153080781347243
293,1,2.872069425402139,5.515558246190165,0.08786835572041378,3.6081266444571725,1.0,0.1111111111111111,0.15384615384615385,0.16,0.3603307122938901,0.10415974126638504,0.313187605422814,0.8333333333333334,0.10480470986975901,1.040899820047131,1.4810344827586193,0.1619230474730294,0.4574430561937339,0.13038850581619377,0.29874999999999985,0.1787500000000002,0.05163006032585764,1.0,0.27499999999999997,0.49119146217845316,0.055378946858007684
294,1,2.638034225202072,5.006882088968441,0.08571562246689626,3.296684502106762,1.0,0.07142857142857142,0.1111111111111111,0.1111111111111111,0.2919986681856995,0.08001190387626556,0.296090765638847,0.8666666666666667,0.12247759756282739,0.6810849288246719,1.9879310344827568,0.19848647624459642,0.4883262542729451,0.12750724455875417,0.6133333333333333,0.2533333333333336,0.043187841574498086,0.0,0.26599999999999996,0.3625879736552988,0.05826985778711511
295,1,3.003535237379888,5.129106144363281,0.06130368370088322,3.3257949891971954,1.0,0.07142857142857142,0.1111111111111111,0.1111111111111111,0.3689488070481083,0.07284500365723877,0.18696334538354512,0.9333333333333333,0.09302592718834735,0.49750848623671795,2.0489655172413763,0.15346161949666187,0.37619371909391863,0.0863824119160571,0.17499999999999952,0.13166666666666652,0.051753082000965324,0.0,0.14571428571428566,0.24616337034164654,0.04242695844296515
296,1,3.469775647758107,4.821733644492413,0.07072929395584085,3.5673953752924055,1.0,0.034482758620689655,0.15384615384615385,0.07142857142857142,0.3618319130940958,0.016763257521170846,0.2105024762728619,0.9,0.045948803216262414,0.5351305263878239,2.084482758620689,0.10870926937859156,0.392024815263413,0.0522605403878743,1.1699999999999997,0.4900000000000002,0.0278181265232817,0.0,0.18624999999999992,0.27212666518509765,0.011612566498422084
297,1,3.275698892136525,4.629696357145005,0.0677710599493291,3.3543067083574893,1.0,0.07142857142857142,0.07142857142857142,0.034482758620689655,0.26636316061597803,0.029710622484817997,0.2859141205917284,0.9333333333333333,0.09029174181206037,0.763239782759255,2.4237931034482756,0.15031236782820045,0.36073590694277075,0.08200446644547361,0.8885714285714279,0.2599999999999998,0.012349865735038086,0.0,0.1585714285714286,0.493953074969788,0.013211909696297734
298,1,3.680942551679938,5.208470663558085,0.07729922118243354,3.9133584392093224,1.0,0.0,0.1111111111111111,0.1111111111111111,0.5167909527931859,0.05821026863148511,0.2458060183141488,0.8666666666666667,0.11932953286997304,0.778697726759148,2.2220689655172405,0.13315113832627,0.1894998788433184,0.11262354606942385,1.2687500000000003,0.56125,0.02803306114227996,0.0,0.3654545454545454,0.39750182064358586,0.028683836022742718
299,0,8.206784664535396,13.28196612883064,0.008905242547722446,7.639755665482287,0.0,0.3157894736842105,0.8,0.3888888888888889,0.02830194339616981,0.005920102959207638,0.010907152992167981,0.7333333333333333,0.006378108819144063,0.09205913509120948,0.2620689655172412,0.0007089315214044448,0.06285021606855379,0.0058249288337598485,0.030000000000001137,0.03666666666666648,0.0020768893537584277,30.0,0.01333333333333332,0.05551684674140689,0.00404034079521722
300,0,9.002541712360852,12.12635251064181,0.007448679675454158,9.064303811117487,0.0,0.4117647058823529,0.5555555555555556,0.6923076923076923,0.022939534045447,0.005673665146135802,0.004326787311086012,0.6666666666666666,0.005145501965424784,0.12340376734896881,0.3144827586206886,0.0008829251568808482,0.029828078813666357,0.004444426303818008,0.033333333333333805,0.027999999999999758,0.002861330264816299,30.0,0.010000000000000009,0.09004115763375792,0.0028364968333693054
301,0,10.309871468453883,11.568137623206225,0.007587859972636082,8.528726293841844,0.0,0.5,0.5454545454545454,0.5833333333333334,0.02432191512927293,0.004732288856687561,0.005057492589467335,0.6333333333333333,0.004843117003844276,0.07090724035452173,0.32310344827586124,0.00039517078302311236,0.0452722677948931,0.009126055991455741,0.03500000000000044,0.008333333333333451,0.003356058588836116,30.0,0.012222222222222218,0.06173251935226892,0.004036567545702717
302,0,9.467764590609834,12.27783372404862,0.008393804899499986,7.941654021342821,0.0,0.5294117647058824,0.5454545454545454,0.5333333333333333,0.025638512697372547,0.003368521749300457,0.011037351550607704,0.7,0.008462803768199217,0.0877204899310392,0.30586206896551693,0.0003809603732494923,0.0770646870258654,0.011552800997349266,0.055714285714286306,0.021666666666666796,0.00330441881024022,30.0,0.014000000000000002,0.07394126737085402,0.002273778359297616
303,0,10.15012766230585,12.625700216106345,0.006268144301085039,7.134583339074635,0.0,0.5333333333333333,0.5,0.7857142857142857,0.02489979919597747,0.0040841488842650615,0.010255245878437607,0.7333333333333333,0.009832612679692154,0.0878214019442633,0.29655172413793157,0.00022485415378905083,0.04739700613410253,0.006811355065119521,0.025000000000000133,0.03599999999999994,0.004222002619900771,30.0,0.015,0.07937628974794446,0.003915849531202734
304,0,9.640267732628647,11.792001848414818,0.007416888794492835,7.586044088738152,0.0,0.5625,0.5,0.47058823529411764,0.025177150134375593,0.005495824017620386,0.004435478484645746,0.7,0.007662968643768158,0.02446043591537308,0.32172413793103566,0.0001849132026573744,0.0628066897082534,0.005981558962264666,0.042500000000000204,0.03999999999999991,0.0036159886821808306,30.0,0.01125,0.045615333380956566,0.004093731727383013
305,0,9.455943408554297,12.465087959056975,0.008630022773473944,8.317321193101588,0.0,0.4,0.6363636363636364,0.6,0.025787593916455256,0.004671523226068847,0.011908951643688133,0.7333333333333333,0.00984920315157972,0.05698119990713723,0.2896551724137938,0.00029408868485173513,0.06374694870648905,0.010955345354516912,0.05800000000000018,0.024285714285714403,0.0033897805599917455,30.0,0.020000000000000004,0.037207899095515085,0.0065955664350106314
306,0,10.324930028840209,13.141407512628108,0.006775718271637394,8.64889968233651,0.0,0.5,0.7272727272727273,0.6428571428571429,0.02792052212182923,0.006378108819144082,0.010404080832018957,0.7,0.007133326975647226,0.061114368084718894,0.2248275862068969,0.00013345113707419277,0.04203917835789341,0.008975855747200895,0.04666666666666656,0.026250000000000218,0.00512515471808937,30.0,0.02571428571428571,0.054757826763273496,0.003092584943482317
307,0,10.205086450035624,15.091053367695418,0.006688119923099122,9.296886549200387,0.0,0.4117647058823529,0.5,0.6666666666666666,0.026708300832013504,0.0058087431169435814,0.008316854455093633,0.6666666666666666,0.006083321684827164,0.05683656004565303,0.22586206896551714,0.00015718708295409928,0.06651642935508216,0.005456768872749797,0.04125000000000001,0.022000000000000065,0.004106341536736382,30.0,0.01749999999999999,0.08763963319253716,0.004213615765957945
308,0,10.482854681893789,12.13596871040429,0.006665350560176468,8.434169187306582,0.0,0.5625,0.6363636363636364,0.42857142857142855,0.02716411030917245,0.0028332332915511483,0.011464230084422216,0.6666666666666666,0.0038332593899996817,0.07196900315389922,0.294827586206896,0.0002858457602264812,0.02095151513362614,0.005329930887479283,0.03750000000000009,0.021999999999999888,0.0031466643606586726,30.0,0.018000000000000016,0.07836317335825214,0.003951680947764546
309,0,8.78290480495949,10.747284870869082,0.009285773684286179,7.267019497416395,0.0,0.3888888888888889,0.47058823529411764,0.47058823529411764,0.0778345824310905,0.0075718777944003566,0.012892016197346824,0.7333333333333333,0.009622818685592146,0.061019234170673765,0.3868965517241379,0.0008187788564577816,0.04654542072509593,0.0052845043660269715,0.07833333333333314,0.02833333333333332,0.008235182529398895,30.0,0.02090909090909092,0.05405623677887622,0.010095597477879853
310,0,6.922998467441984,9.367345975247774,0.020129052981003544,7.439880284338139,0.0,0.25,0.42105263157894735,0.4,0.06958607779018891,0.01587536490554953,0.023299294900428633,0.7333333333333333,0.011166032066443428,0.09648404048352849,0.5151724137931034,0.001995626098334496,0.04590940502105982,0.010934660612981597,0.0649999999999998,0.039000000000000236,0.01686192022699362,30.0,0.021818181818181827,0.09012546356981282,0.007130121980427936
311,1,5.7797390859275435,8.936722608805209,0.03007599044421429,6.915899506568666,0.0,0.2,0.3333333333333333,0.2857142857142857,0.11043550153822819,0.023697067759707386,0.02379332782482501,0.8333333333333334,0.011026251914976241,0.11616104232961254,0.5524137931034488,0.00229226472049883,0.08685400996856195,0.013320415511077613,0.12399999999999985,0.04125000000000012,0.022931379445321337,30.0,0.03545454545454545,0.12329446859610003,0.012586008860938426
312,1,2.7566310586091647,5.708978685317746,0.08611800596238364,3.5173856823497447,1.0,0.07142857142857142,0.07142857142857142,0.15384615384615385,0.2984805968009758,0.04942939718550537,0.25222590025987585,0.8666666666666667,0.09787372122343384,0.7544186751499236,1.0472413793103452,0.10494652690389367,0.38500615773854646,0.05758790500375131,0.8339999999999999,0.31090909090909097,0.014164629705498073,28.0,0.21000000000000002,0.22723199927958806,0.022789184688696194
313,1,2.5727636063797004,5.7289723320930435,0.09630335393658719,3.172591445465424,1.0,0.1111111111111111,0.45,0.15384615384615385,0.22307671824334835,0.06888578736343422,0.3247361252161641,0.8,0.11723480711802274,0.9868729973634756,1.3575862068965519,0.13341082394414758,0.40337818382217117,0.07940265421633365,0.7437500000000001,0.2742857142857144,0.017060117791141385,26.0,0.175,0.33180724344522816,0.02981461085454854
314,1,2.3801183057838187,4.963646709104186,0.0902242725898966,3.0598925774880663,1.0,0.034482758620689655,0.1111111111111111,0.15384615384615385,0.315934064851091,0.07307213843159366,0.3207352522577092,0.8333333333333334,0.10551422511055213,1.138924746518089,1.6337931034482758,0.14872647783146942,0.3973985815941736,0.0800545528285021,0.613999999999999,0.2842857142857141,0.022898248752216122,17.0,0.30374999999999996,0.31888745375643923,0.023320960762463403
315,1,2.71531846254906,5.292987021180563,0.07769371819765922,3.335684395525508,1.0,0.0,0.1111111111111111,0.07142857142857142,0.33078374943290195,0.06354643703516306,0.29616519567506866,0.8666666666666667,0.10575134485563534,1.0425717548186209,1.6796551724137938,0.13902300691711203,0.3250047828010189,0.06628114105734718,0.7587500000000003,0.26200000000000045,0.01475982781087921,4.0,0.2266666666666666,0.22888878682603475,0.03669307150673868
316,1,3.3231352321829526,5.101417742001043,0.07299850217287271,3.8715853827876874,1.0,0.0,0.15384615384615385,0.034482758620689655,0.2465360014277833,0.06718600437348143,0.26238612042270115,0.8666666666666667,0.09880483064012167,1.186721236229051,1.9331034482758636,0.11693184207182264,0.3783659819890397,0.09341125804340539,0.37333333333333335,0.16166666666666663,0.029310943836243608,0.0,0.15499999999999994,0.47772623817355486,0.0604674579372058
317,1,2.8109421484400823,4.784247418650919,0.08138286855761567,3.460066755508699,1.0,0.034482758620689655,0.15384615384615385,0.11538461538461539,0.3971532030170053,0.07583512369868305,0.23880159983055538,0.8666666666666667,0.08778886235589049,1.3905075665083622,2.3044827586206904,0.11634575785423111,0.44429529923820904,0.09801997852721732,1.415,0.4185714285714284,0.042791721495768625,0.0,0.33125,0.6265533734614465,0.0529196541553171
318,1,2.6970422739914963,4.52404610418412,0.08528008387223748,3.1794529839647145,1.0,0.0,0.1111111111111111,0.1111111111111111,0.4710462350508234,0.05160947020621298,0.22153987985766127,0.8333333333333334,0.09570149168223069,0.8907594711111129,2.494137931034482,0.10957185448048846,0.41735278475023385,0.15217276254265732,0.49166666666666714,0.44000000000000056,0.051776673759312046,0.0,0.2971428571428571,0.485489922410244,0.08801810574407694
319,1,3.0600354856305123,4.175106766477725,0.09141578744900979,3.2811235326266717,1.0,0.034482758620689655,0.25,0.034482758620689655,0.4306346737342712,0.06634110985763544,0.23537013837956652,0.8666666666666667,0.12506324930422458,1.0955492270288618,2.898620689655171,0.1725595646521463,0.7149048745055777,0.18137933490133806,0.5714285714285714,0.32142857142857195,0.05905285998246694,0.0,0.24142857142857155,0.5221977022853591,0.09975364484500777
320,1,3.1667503640406722,4.1753856434247565,0.08576508166205472,3.580082604121828,1.0,0.03571428571428571,0.11538461538461539,0.07142857142857142,0.5176983248529549,0.07240137556478797,0.20333190587209424,0.8333333333333334,0.08971610553204325,1.1315261141214439,3.0965517241379295,0.15415234248751117,0.6432093849790824,0.14933103618252602,0.7499999999999994,0.3599999999999997,0.06625342399058472,0.0,0.3742857142857143,0.6188490154678916,0.05717908375488023
321,1,3.3962672119439214,4.381170501848615,0.06928941277934697,3.6507455980564267,1.0,0.07142857142857142,0.07142857142857142,0.2,0.5658838710862464,0.06584707081331627,0.25929375561451584,0.7666666666666667,0.09246996202849336,1.5055197579230228,2.6241379310344817,0.14364737512738335,0.3811041959402515,0.1619524680415889,1.0528571428571425,0.3514285714285713,0.051321231898088876,0.0,0.16571428571428573,0.6741340103759613,0.0463829431468721
322,0,10.051254970862173,11.427017685675983,0.005633954275833616,9.254392339972062,0.0,0.4,0.8888888888888888,0.6153846153846154,0.024997777679003567,0.0042793603692687565,0.007528630161512971,0.6666666666666666,0.010090744732263375,0.06785779448308679,0.3527586206896558,0.00025277482006691784,0.04901422811616171,0.004135395579462569,0.012499999999999734,0.03571428571428546,0.0031242740653428815,30.0,0.017272727272727276,0.0313008313119047,0.006231803442797284
323,0,12.810454670321556,13.017016426397694,0.004048398215465116,8.44673553016878,0.0,0.8,0.6,0.7857142857142857,0.020604745947367453,0.0042793603692687565,0.006592099992636893,0.6666666666666666,0.006056424036413148,0.1030444062521782,0.26000000000000023,9.509706891911202e-05,0.048532757715058876,0.004644417320277846,0.017999999999999617,0.017499999999999627,0.002633122354417531,30.0,0.005999999999999994,0.07850666075125652,0.005526140723191636
324,0,13.235484408803345,12.59478920790131,0.005412422865397637,7.648147549647744,0.0,0.7692307692307693,1.0,0.4444444444444444,0.02253145948816158,0.0039279220242478645,0.009294867283782399,0.7333333333333333,0.0089137973004172,0.06370467576470125,0.2434482758620683,0.00010133150016243661,0.04513924036144379,0.007531015235424025,0.03249999999999997,0.0442857142857141,0.0017294566800481763,30.0,0.007500000000000007,0.07042560604208234,0.008479956359790172
325,0,12.01532144009918,12.829583873000137,0.005435655679113189,8.044384185581432,0.0,0.6,0.6363636363636364,0.5625,0.027626476833324625,0.003681171064778608,0.011849395059044386,0.7333333333333333,0.007435893827025988,0.06168209036753594,0.29103448275862087,0.00011092506510265066,0.05621992771347958,0.008748146548110044,0.026666666666666394,0.03249999999999986,0.0049412328737801015,30.0,0.014000000000000002,0.04828396728313327,0.009482271320087618
326,0,11.558402082259317,13.860492617740688,0.004803155111283817,8.479798583765431,0.0,0.6428571428571429,0.7,0.6428571428571429,0.026322782696532848,0.0038047589248453675,0.008709991135370363,0.7,0.006220440302022052,0.07209819456729831,0.27137931034482776,0.0001564928269856485,0.05131601439446889,0.004937927627223914,0.05249999999999977,0.02999999999999951,0.003988691497715207,30.0,0.02,0.037402433621575595,0.006636776530898831
327,0,11.64498939476286,8.609605394865525,0.004731460972620925,7.942899052646939,0.0,0.5333333333333333,0.7777777777777778,0.5333333333333333,0.023115651263447744,0.003468026944006309,0.003651483716701053,0.6666666666666666,0.006087793072189276,0.10914410370766578,0.2275862068965525,0.0001595071593300809,0.0493666002930101,0.002493638163911595,0.030000000000000377,0.034285714285714065,0.002839373314012534,30.0,0.01,0.06251031588335472,0.006469352131921959
328,0,10.437819720491602,14.238939642489612,0.006676892770462875,8.683978267069426,0.0,0.5625,0.8,0.5,0.024953289696283867,0.003804758924845367,0.005666466583102265,0.6666666666666666,0.00637170616521052,0.10720924927100167,0.2237931034482762,0.00017917176648334042,0.08909171304522859,0.005345937487386797,0.024000000000000198,0.023333333333333428,0.0035483827877165744,30.0,0.012500000000000004,0.10617151058482656,0.005979374981556865
329,0,10.867274557810628,13.241741576651027,0.006410327679584651,8.227872591237631,0.0,0.47058823529411764,0.45454545454545453,0.5294117647058824,0.02515728301881761,0.00216339365554296,0.006150051158462172,0.7,0.011977302797914244,0.13115032658466905,0.24965517241379293,0.00020310073101486746,0.06940701213374137,0.004451767210054644,0.021111111111111254,0.040000000000000036,0.0026368399970548113,30.0,0.012000000000000002,0.10053317995621566,0.009342172684990763
330,0,12.965998777793242,13.665492548339055,0.006305183960379825,9.521633325271646,0.0,0.5294117647058824,0.6153846153846154,0.5333333333333333,0.04946940693218611,0.008446711713768274,0.010199373063299245,0.7,0.009294867283782402,0.09981656645454964,0.2034482758620694,0.00015462520673494042,0.024816606246185993,0.007485350772707666,0.028999999999999915,0.03249999999999997,0.009971114744686305,30.0,0.013333333333333332,0.0321214531910066,0.006448118430403951
331,0,9.977065178182512,13.615661949777584,0.011126612987040917,9.050388084155417,0.0,0.3181818181818182,0.4444444444444444,0.47058823529411764,0.09005923976287311,0.010801864288577389,0.0039897828696483,0.7333333333333333,0.006504838596772998,0.06819380146188599,0.2675862068965524,0.0008257210795568292,0.039799497484264826,0.0036666542980618153,0.03875000000000006,0.026249999999999996,0.010145070181107258,30.0,0.02666666666666666,0.04103415534358954,0.005488193884042724
332,1,6.810727405503676,10.21314974939657,0.020702444170933646,8.242961942690926,0.0,0.25,0.6428571428571429,0.35,0.0617782773760774,0.0082528082212914,0.013353386281017687,0.7666666666666667,0.0072973762874249636,0.11936681018670814,0.4327586206896553,0.0008594829567392118,0.024576965046244927,0.00808647144360046,0.07272727272727247,0.06100000000000003,0.010851477218477184,30.0,0.02666666666666666,0.1242381824818536,0.006831459839405826
333,1,3.5503674523084636,6.837986756166237,0.058708484763508414,4.038362810651451,0.0,0.2,0.22727272727272727,0.2,0.23315731456107766,0.04309679029038399,0.15232144671467532,0.8333333333333334,0.060817111806097605,0.48695868603482306,0.746896551724137,0.04918433234220874,0.2275846557002562,0.03505882326084788,0.4729999999999997,0.246,0.02251892628027202,29.0,0.13299999999999995,0.1834884637423585,0.017588802869853197
334,1,2.937640304957421,5.814952435402721,0.0828261197848656,3.73811607498771,1.0,0.1111111111111111,0.16666666666666666,0.07142857142857142,0.24582310713193745,0.04500279658732637,0.18888876617309597,0.9,0.07126686457530293,0.5300656357766388,1.2151724137931033,0.06557719367117815,0.2740657352003059,0.03925909747681278,0.9711111111111109,0.35875,0.02386143673933544,26.0,0.2514285714285714,0.25218691480725186,0.015795874773621987
335,1,2.697428178000639,5.061466666516747,0.09484389403267082,3.382575006813053,1.0,0.07142857142857142,0.16666666666666666,0.0,0.2221220885509188,0.05210846876474881,0.2969377497235478,0.9333333333333333,0.10440045872654455,0.7212416919669111,1.8231034482758632,0.15369024665804285,0.5371234039030581,0.07531471927037574,0.8471428571428573,0.24333333333333348,0.016427188347578017,18.0,0.15874999999999997,0.34422974925492517,0.03562087593983458
336,1,2.6118141278893727,4.240114292285324,0.09535887036971175,2.987436949929091,1.0,0.034482758620689655,0.034482758620689655,0.03571428571428571,0.37278888872330346,0.0609967100707553,0.24477016847269117,0.8666666666666667,0.0955471176994904,0.8622938558737104,2.2696551724137928,0.14525502666186194,0.5160806771291886,0.08516937905874211,0.4533333333333334,0.35666666666666663,0.02927389773220122,6.0,0.19749999999999995,0.4476062993118758,0.03856715320220616
337,1,2.6006026874880375,4.393860432665859,0.08083918624036553,3.2124428623719394,1.0,0.034482758620689655,0.15384615384615385,0.15384615384615385,0.29635939143021756,0.04236125813141286,0.13515745415982797,0.9,0.057066615805177946,0.6612643013126265,2.0565517241379307,0.1138740710692095,0.1986595898844577,0.06337026921520977,0.6499999999999998,0.4028571428571429,0.028901710045210378,0.0,0.3014285714285715,0.37507935051622393,0.035167981727354074
338,1,2.6106953042495205,4.3809499745139,0.09072130480374532,2.9586390422153563,1.0,0.034482758620689655,0.1111111111111111,0.16,0.41276896954861114,0.07288085515153517,0.20278456112656246,0.8333333333333334,0.07921674391823236,0.8537213775443312,2.445862068965518,0.1319517677173,0.22413231029239547,0.10014344541638211,1.8320000000000007,0.6339999999999997,0.0477116965365366,0.0,0.41666666666666674,0.3832170944733519,0.042004988365895925
339,1,2.8802861316260984,4.197645195160255,0.06914343649498389,3.0497223483819265,1.0,0.034482758620689655,0.1111111111111111,0.1111111111111111,0.45675437114006423,0.053414818703641245,0.13201525370533654,0.9333333333333333,0.07294635061486769,0.5388205814996474,2.9282758620689653,0.10750245092061672,0.3121759489923138,0.09464870961240061,0.8733333333333336,0.0699999999999994,0.038796479256771314,0.0,0.31999999999999995,0.2054325451632348,0.03244372626794988
340,1,3.311973586555883,4.660014284297057,0.06416783073079889,3.4098806913839845,1.0,0.0,0.20833333333333334,0.1111111111111111,0.2870812893008993,0.02925515246205755,0.18556022914260434,0.8666666666666667,0.1183333237520357,0.5820791259300897,2.2962068965517224,0.0846126432157025,0.26274832115944874,0.10559899504778483,0.2828571428571424,0.4200000000000002,0.03599927436910412,0.0,0.06666666666666672,0.2501598117775343,0.06475698580758944
341,1,3.0593708613726225,4.279315390501858,0.08170410103941583,3.38615083862315,1.0,0.0,0.1111111111111111,0.1111111111111111,0.5037571063739172,0.05867516945185655,0.21649854283024422,0.8666666666666667,0.11462948297600818,0.9675146925355236,2.8937931034482745,0.1313799138008775,0.3247195336135539,0.07484279760766231,1.2125,0.46624999999999983,0.0514257882844811,0.0,0.46999999999999986,0.43867714810793146,0.07790241933839742
342,1,2.9911391338971196,3.969682824051075,0.0643690681352428,3.4698669792983847,1.0,0.0,0.07142857142857142,0.1111111111111111,0.4278623870150567,0.04574998605999571,0.25197278764637615,0.8666666666666667,0.09385152552589346,0.876265467805292,3.2482758620689647,0.11470805651597855,0.5374043689646678,0.08397267453182151,0.586,0.12799999999999975,0.03204396639482891,0.0,0.2749999999999999,0.5240228607985112,0.0620821049506381
343,1,3.150520074918029,4.026588946615274,0.07989707693477195,4.058211899575588,1.0,0.034482758620689655,0.15384615384615385,0.034482758620689655,0.4728734855469625,0.03928683981071676,0.15130614997549863,0.8666666666666667,0.0609699379475929,0.5673494406052614,3.020344827586208,0.12188485551722118,0.4610316145991122,0.040238445757842065,1.475,0.6230000000000002,0.02113629241714016,0.0,0.39333333333333326,0.4673614493662715,0.0731207555893618
344,1,3.063358251040013,3.4760897964609567,0.07136358426198097,3.160923361854898,1.0,0.07142857142857142,0.07142857142857142,0.034482758620689655,0.5272390349737014,0.06984375175965232,0.11893998944188346,0.9,0.10260259507930003,1.0862877182416826,3.3331034482758644,0.18858553824675492,0.5190372563404179,0.08232914197929878,1.2633333333333343,0.8683333333333332,0.029279232732224186,0.0,0.2749999999999999,0.5381031183578053,0.061038076663022994
345,0,9.617438445778067,11.643408586484721,0.00824103677211225,6.102704018343902,0.0,0.3333333333333333,0.5,0.4444444444444444,0.027139557025779835,0.004212065597618283,0.00858728691721893,0.7333333333333333,0.01494843745389217,0.12017470276091126,0.3689655172413799,0.0005519195130121249,0.09158840196307473,0.008932581956420006,0.016250000000000098,0.03750000000000009,0.0029122308348367865,30.0,0.02416666666666667,0.07940656084204846,0.007866090143753675
346,0,9.7560429803253,12.497132905771952,0.006830564238872217,7.098388317798628,0.0,0.5333333333333333,0.6666666666666666,0.5,0.022050447211388303,0.005940750542381218,0.006403655418672082,0.8,0.007845445838712021,0.08963372178835738,0.3037931034482762,0.0005793684875394441,0.024063408300729613,0.005907956125279695,0.011666666666666714,0.029999999999999954,0.0035003595539319548,30.0,0.02272727272727274,0.045549608151125937,0.004428479261713827
347,0,8.26396194806665,12.114225530769936,0.009041786467354332,8.34901771413283,0.0,0.42105263157894735,0.36363636363636365,0.5,0.022163533613172387,0.006127888739864922,0.016083963365757237,0.7666666666666667,0.004435478484645744,0.10374655145485849,0.30448275862068913,0.0016492472131454474,0.06407478623680668,0.0022015455300965505,0.03799999999999955,0.03666666666666658,0.0039022058997897234,30.0,0.020000000000000007,0.06177318177327908,0.006384505052226511
348,0,8.075329456393773,11.090111252025162,0.009246634172206745,7.840588100117558,0.0,0.47368421052631576,0.75,0.4444444444444444,0.020450482200237284,0.002555506259999758,0.015489298478205479,0.7666666666666667,0.008098038731230939,0.10841115990448927,0.31931034482758514,0.0016515295563126157,0.10642515175074937,0.004198088324253219,0.031999999999999675,0.04428571428571423,0.002222947727374498,30.0,0.002857142857142856,0.10131488195779705,0.008096156810613308
349,0,9.061062239284338,11.860642608630842,0.008184754251858757,7.546325856943232,0.0,0.42105263157894735,0.8,0.375,0.026549743668986502,0.0035494562197303276,0.011977302797914272,0.7,0.008840229627331258,0.09514929193169018,0.2513793103448271,0.000402455635109373,0.08488215119703785,0.01166554319177582,0.03857142857142876,0.020000000000000018,0.004015209180342261,30.0,0.0075,0.11493618223342275,0.007374381099362747
350,0,8.393423871351112,12.824594294887811,0.009073114539888993,7.065872368120454,0.0,0.3333333333333333,0.6363636363636364,0.42105263157894735,0.030397368307141327,0.005400932144288696,0.010137825713834444,0.7333333333333333,0.005185012414787134,0.0864204246455571,0.2910344827586206,0.0005565141341391034,0.07686245334813294,0.012386211337310465,0.040000000000000036,0.00749999999999984,0.005525451315946777,30.0,0.016000000000000007,0.07161634746683118,0.01107731640676167
351,0,8.463855839276693,12.902978701624473,0.008633266934813982,7.104102324023415,0.0,0.3333333333333333,0.7272727272727273,0.5,0.02852873794770615,0.004659858980085742,0.006694499722205678,0.7,0.005659258863522116,0.06493534199075099,0.2989655172413796,0.00030457761094413,0.05952693325136883,0.008842384016883836,0.032500000000000195,0.013999999999999879,0.004377058310758758,30.0,0.018000000000000006,0.06402586212155333,0.00901216109593305
352,0,9.61438687213598,11.211687896333117,0.00731634436811882,8.455493156413363,0.0,0.5882352941176471,0.7272727272727273,0.4375,0.02808914381037628,0.003910564793837679,0.007284313590846899,0.7,0.005150787536377084,0.12052041349094039,0.3327586206896554,0.0002605405829696212,0.04044884230157149,0.006973848135938461,0.04500000000000023,0.008000000000000007,0.003665169762474191,30.0,0.016999999999999998,0.06295392549074172,0.0027990280139951243
353,0,8.956141440264188,11.063654033409396,0.008073811682223256,8.092360223330756,0.0,0.3888888888888889,0.7272727272727273,0.5294117647058824,0.02812867259971971,0.004976133515281195,0.01107795506559645,0.7666666666666667,0.00820154291108984,0.12522828134642594,0.3262068965517237,0.00047793946845829866,0.03900706372451213,0.007261266170204513,0.029999999999999867,0.02375000000000005,0.004332066795547877,30.0,0.015454545454545453,0.07370448070633484,0.006428846554959256
354,0,9.247642405435077,11.81652864901646,0.008548114483159888,7.213332538650657,0.0,0.5294117647058824,0.5333333333333333,0.5,0.06708618006382205,0.013580698588425411,0.009139880467817139,0.7333333333333333,0.006511110337195084,0.07895404673985144,0.327586206896551,0.0002751347810712056,0.05124358264119252,0.009389065865310032,0.029999999999999954,0.030000000000000072,0.01139900938529249,30.0,0.022222222222222213,0.08382799363581822,0.00863991685523115
355,0,6.924821933768849,9.865764835855826,0.017558946551942258,7.251483651055332,0.0,0.2,0.375,0.6470588235294118,0.06593346814950828,0.014363597222495071,0.02134141003572454,0.7666666666666667,0.011574073771730949,0.06419633998934199,0.4620689655172411,0.0007659043630462839,0.06411235885399283,0.01235264162444781,0.10000000000000063,0.057142857142857065,0.013712301443753114,30.0,0.019230769230769235,0.12921904621518385,0.012715066856688969
356,1,6.037841698891378,9.260306630877682,0.024635576102494828,7.402592725224228,0.0,0.16,0.5,0.5,0.07586830695356264,0.022604556761736293,0.01718882725240224,0.7666666666666667,0.011208597283390364,0.1351819132127664,0.5168965517241385,0.0011166909094332692,0.10028259390071584,0.011162034779024988,0.20375000000000032,0.02333333333333323,0.020250351470872736,30.0,0.030000000000000006,0.13100270548174692,0.00796878262965182
357,1,5.5156361325467635,9.12079197722469,0.03647691579811955,5.60937136869403,0.0,0.20833333333333334,0.2857142857142857,0.2,0.25319206587533943,0.017566201313073564,0.014014569678206435,0.8333333333333334,0.014912899041538814,0.2357877518989865,0.5182758620689656,0.0023757756068024565,0.0945023485292879,0.013418963127923518,0.1279999999999996,0.12499999999999992,0.01444678718137522,29.0,0.05499999999999998,0.11889339190827904,0.016706575348165897
358,1,3.24817149043699,5.891246649198371,0.06892109978138355,3.65795111684923,1.0,0.25,0.4,0.2,0.15842839251711024,0.030042147264216938,0.15824909323659359,0.8,0.059202868104820165,0.27172064486074177,0.8013793103448281,0.047513853042590926,0.22438923907407984,0.05029040021456867,0.3109999999999996,0.15333333333333352,0.014078767725915223,28.0,0.01666666666666668,0.18147540452904182,0.019932320862508422
359,1,3.69774152693228,5.898917893490379,0.05384365427058063,4.143052799295246,1.0,0.1111111111111111,0.2608695652173913,0.07407407407407407,0.1750606244197199,0.036045322943794644,0.20204249569837335,0.8333333333333334,0.07085541472547012,0.19680716761462141,1.2575862068965529,0.060151417840306864,0.313074940497234,0.06918327822815679,0.48999999999999994,0.11250000000000004,0.01497582632610498,16.0,0.06777777777777774,0.1716186089524543,0.018560201734770437
360,1,3.11732016280357,5.3023295772901085,0.08059976873098337,3.8619574511232404,1.0,0.11538461538461539,0.21739130434782608,0.16666666666666666,0.3932039335171169,0.046457646573734905,0.16730940013684134,0.8333333333333334,0.04145910205078183,0.35123525461096816,1.575862068965517,0.05429460871206951,0.18807857671837092,0.08745480465442058,0.6659999999999998,0.22700000000000004,0.03111983421602132,2.0,0.187,0.31934163907793084,0.022183649062187352
361,1,3.697446897793112,5.268812932414378,0.06017112118347283,4.774225261021922,1.0,0.16,0.17391304347826086,0.16,0.24218931988563547,0.08132541502661825,0.19597632787771935,0.8333333333333334,0.058092115450816724,0.7407651495600486,1.7044827586206883,0.06645352744169683,0.1685009537912818,0.08944186726051509,0.4183333333333333,0.14428571428571427,0.03107179310130995,0.0,0.38250000000000006,0.32098640825697655,0.025430133713377753
362,1,3.7185534847100326,5.868352890601837,0.059561757250121035,4.091215766385227,1.0,0.1111111111111111,0.2,0.16,0.36532861919099635,0.0842028648501914,0.1620109175795446,0.8,0.06867611057176508,1.0016859665135593,1.491724137931033,0.06380033520213911,0.2023133556578782,0.05201363505171035,0.5900000000000001,0.2337499999999999,0.04525425676223224,0.0,0.375,0.49899170170188845,0.029005784081870205
363,1,3.6419700674819384,5.466698137705106,0.056032807444331506,4.229321649628654,1.0,0.07142857142857142,0.11538461538461539,0.07142857142857142,0.45467155422592936,0.05637049452560469,0.17701285552300491,0.9,0.08125595739541137,0.9466947154990035,1.5062068965517235,0.07795494251117824,0.4087340668637323,0.06043049192039972,0.9750000000000009,0.4516666666666665,0.033321309395999844,0.0,0.3633333333333335,0.25233723682491943,0.03419031171203302
364,1,3.660069311524215,5.18630287103112,0.0585640303562778,3.849736755608768,1.0,0.07407407407407407,0.21739130434782608,0.11538461538461539,0.33880263018787543,0.05043268565437424,0.1648918837703462,0.8333333333333334,0.06581731054477193,0.7884750976358327,1.8148275862068963,0.0641658878924241,0.5114070226904821,0.10263411269375973,0.28000000000000036,0.11833333333333347,0.03800852034804322,0.0,0.10800000000000001,0.37987083662346,0.0338265604292867
365,1,4.321874763302799,5.030401458694473,0.04807396709300866,4.504368482876522,1.0,0.1111111111111111,0.12,0.11538461538461539,0.38947600125753,0.05661902759421328,0.0939556995045419,0.8,0.038773018179856865,0.4711425394899161,1.8999999999999988,0.027614182751316965,0.5317352673632091,0.09780487029315682,0.33499999999999996,0.3599999999999999,0.03290447935927203,0.0,0.3937499999999998,0.3544541028404226,0.03027273756130702
366,1,3.744906890775653,4.632468279182911,0.05814960606791016,3.9624035272093745,1.0,0.034482758620689655,0.07142857142857142,0.034482758620689655,0.45511414929541444,0.027336153828262866,0.035478076012532556,0.9,0.03741221016443373,0.5289634325028242,2.3289655172413775,0.02496545340460323,0.39167920373624143,0.030802296937056963,0.7325000000000008,0.36571428571428527,0.011045632005211706,0.0,0.3799999999999999,0.4014640594379636,0.019366061905857077
367,1,3.3296623588849275,4.481928877042535,0.07098163191777433,3.863485398992819,1.0,0.0,0.07142857142857142,0.07142857142857142,0.5139201191711499,0.07280016446120319,0.22921534300606458,0.8666666666666667,0.06017932386134078,0.9581509545477055,2.837586206896551,0.17462228881682806,0.5990457718193944,0.14466890371009353,0.2762500000000001,0.5300000000000001,0.03412482887251209,0.0,0.3487500000000002,0.44374559114414186,0.06286096958048472
368,0,11.18659483966131,14.363939496331339,0.005763853398873268,10.381891287819727,0.0,0.6666666666666666,0.6363636363636364,0.7272727272727273,0.02360790827950103,0.004981598792617911,0.004766664288092164,0.6666666666666666,0.004843117003844255,0.099345750947348,0.20551724137931013,0.0003119794865051199,0.03780976370320853,0.007796248879983233,0.01333333333333305,0.012500000000000067,0.0035067282268722885,30.0,0.014999999999999989,0.047308534272010615,0.004373326696527142
369,0,10.136121668631125,8.609605394865525,0.005930348303265368,8.3117449305027,0.0,0.4117647058823529,0.6363636363636364,0.6153846153846154,0.024810392087904524,0.0061434108277600525,0.006020373573058696,0.6666666666666666,0.006083321684827202,0.0975216703634438,0.22448275862068884,0.000298294384110456,0.04194846206224666,0.005746764839668414,0.014999999999999902,0.02666666666666669,0.004964307982135736,30.0,0.017272727272727266,0.04656842526103457,0.004323389952372005
370,0,11.61363556173366,14.402173715461714,0.005994045066123838,8.269507944133318,0.0,0.5333333333333333,0.5454545454545454,0.6666666666666666,0.022939534045447005,0.00522422405786761,0.006143410827760062,0.6333333333333333,0.006930166728467217,0.09739560956174943,0.2024137931034472,0.00041724329123622234,0.04223774628083697,0.005867470569534516,0.02000000000000008,0.0285714285714286,0.00419030302672519,30.0,0.019230769230769225,0.06421322473830857,0.005864687359367817
371,0,11.873808138205225,14.187071912944841,0.005629940709709188,9.540212187448335,0.0,0.6666666666666666,0.6,0.4666666666666667,0.027680719322702257,0.0032991443953692906,0.006448118430404116,0.7333333333333333,0.004260241761208616,0.08157997620131277,0.2175862068965513,0.00033262619742119797,0.04425098484626041,0.004251674340054425,0.027142857142857073,0.01999999999999987,0.002804854877592374,30.0,0.014285714285714287,0.053816801867681674,0.005582479881974763
372,0,12.06284274751668,13.275538542562526,0.0045964684147992135,9.45562348812765,0.0,0.6153846153846154,0.7,0.6153846153846154,0.029629189811550515,0.004859943170351646,0.0063717061652105245,0.6,0.006817344825970714,0.13379057652670048,0.2631034482758619,0.0001590360075601732,0.07111780013891512,0.001448245478496847,0.019999999999999796,0.021999999999999707,0.003768108206485357,30.0,0.008333333333333331,0.050088846233535995,0.0060564240364131714
373,0,13.273540137295116,13.864862799381706,0.004107793751507404,8.014928850150303,0.0,0.5833333333333334,0.7,0.42857142857142855,0.024650895859312426,0.0032991443953692893,0.006936053888012504,0.7,0.006876955504204052,0.167459772811873,0.19758620689655138,0.00015631417169312587,0.05404080091250804,0.005354176956765037,0.023333333333332835,0.017999999999999794,0.0029075552533048125,30.0,0.005999999999999994,0.07526083080235825,0.005763785604079623
374,0,13.242953556899295,13.420340792402648,0.004089346832560159,7.892240332586163,0.0,0.6923076923076923,0.7,0.46153846153846156,0.022449944320643647,0.0029137254363387345,0.005057492589467227,0.6333333333333333,0.00522161910928488,0.12060132782067048,0.23517241379310272,0.00010218685299572428,0.03399799914080638,0.005298388922122232,0.016666666666666313,0.014999999999999902,0.0034433016903275067,30.0,0.009999999999999998,0.07481563371127128,0.0033340951510402545
375,0,11.821916017603767,12.32770226475923,0.004587239927339163,9.869626750413515,0.0,0.4,0.875,0.6153846153846154,0.019958289839896937,0.00287139303460597,0.008203201631485215,0.7,0.005400932144288705,0.060419621086571874,0.3068965517241379,0.00013526414772534358,0.04114120367047849,0.003967624076991943,0.04249999999999954,0.020000000000000018,0.0035703998518430433,30.0,0.011111111111111108,0.05738412874038066,0.005166927796780439
376,0,9.815966444990726,13.515193386767912,0.006858092538017043,9.535497208929359,0.0,0.3333333333333333,0.3333333333333333,0.6153846153846154,0.07432735401960408,0.010603554788355637,0.007367883976130121,0.7,0.005025107031723,0.11496843695814386,0.264827586206898,0.0002852271046455596,0.06886307028429385,0.004423437884845797,0.03599999999999959,0.033333333333333215,0.009606856961580727,30.0,0.03545454545454547,0.05381225108975596,0.00418393428753947
377,0,9.39414640665174,12.965032086168275,0.00953238657482393,8.953782139117155,0.0,0.4,0.3684210526315789,0.47058823529411764,0.06935336249158283,0.01747145387998011,0.013441736201430394,0.7333333333333333,0.015094261647854117,0.08384598773861499,0.261379310344829,0.0006002699728223171,0.07996138523844974,0.0054168294062419565,0.04714285714285715,0.042857142857143087,0.018569611632731478,30.0,0.03454545454545455,0.10360307299831381,0.010391414561966033
378,1,9.100332789731672,11.859385120397848,0.011294393640204696,6.160906420441955,0.0,0.47368421052631576,0.4117647058823529,0.4444444444444444,0.08244594188517305,0.021207109576711285,0.01543738725206017,0.7666666666666667,0.021657821323711204,0.19824810951222252,0.32103448275862123,0.00048283702184056284,0.04664615681466439,0.00795586464898233,0.06333333333333356,0.043333333333333446,0.019773410305307503,30.0,0.025,0.2110386159331178,0.01314086941490529
379,1,6.555947811000784,10.075527609488487,0.023986045221755205,6.270629909407144,0.0,0.20833333333333334,0.20833333333333334,0.5,0.19739863784287423,0.01007725262202758,0.023086940090039698,0.7666666666666667,0.019796928230080016,0.24718926071382014,0.36655172413793086,0.0009550275120872328,0.07074241864622864,0.015003382838501505,0.173333333333333,0.037000000000000186,0.01003167771726789,30.0,0.04636363636363638,0.1310421565860434,0.007686510845604221
380,1,2.907534651350764,6.093399144406498,0.07967138158038743,3.790599559080014,1.0,0.034482758620689655,0.35,0.35,0.17906423428479515,0.07120211721991586,0.2807337325143321,0.7666666666666667,0.11469925181685771,0.82052924682668,0.9337931034482753,0.12776860147842628,0.47849935491394435,0.05438592254828972,0.9262500000000002,0.3445454545454545,0.025911371705748597,28.0,0.20428571428571424,0.2785504128824921,0.029928949878275466
381,1,2.5163686638949585,4.951147811258893,0.11280800006490546,3.073126147258008,1.0,0.0,0.15384615384615385,0.22727272727272727,0.342931966041857,0.09318447799271888,0.3011689245065556,0.7333333333333333,0.13596888399544207,1.0673810915309596,1.699310344827586,0.13721959443681533,0.5556590742557177,0.1547518601868569,1.286666666666667,0.5288888888888892,0.059369448612661274,20.0,0.33888888888888885,0.6641035350802782,0.07396496320767647
382,1,2.39033411466002,4.5214734832386325,0.09500129273127593,2.8537682479989046,1.0,0.07142857142857142,0.037037037037037035,0.2608695652173913,0.32058210943358784,0.07520638270785267,0.2667038919595936,0.8,0.11902746496068031,0.9026108313803743,2.0586206896551733,0.11428962001059412,0.48741517315365607,0.1738913508624333,0.23000000000000043,0.1825000000000001,0.053611675040799375,8.0,0.13714285714285715,0.6091266101648198,0.08186438428868803
383,1,2.3836672743107785,4.557200255727985,0.08516571037579027,3.136464641847868,1.0,0.034482758620689655,0.07407407407407407,0.07142857142857142,0.2355063103660329,0.04793902022219422,0.25370146900274276,0.8666666666666667,0.11496666183434798,0.6540035157699504,2.1048275862068984,0.18083052549837805,0.5921443793420613,0.09524768713602418,1.202,0.36124999999999985,0.02664348652390784,3.0,0.09750000000000003,0.28739300168056586,0.04766991949321697
384,1,2.820667044958126,4.854031303606151,0.06385453861790362,3.787506130366772,1.0,0.1111111111111111,0.07142857142857142,0.1111111111111111,0.27508483539931217,0.047255277213130345,0.21116573108910108,0.8333333333333334,0.10504265411571372,0.6650232055692329,2.0227586206896557,0.17226553886034215,0.561178958202508,0.08958785146018264,0.18166666666666664,0.2219999999999997,0.027372323277950885,2.0,0.1471428571428571,0.28126860331520104,0.04281042533083265
385,1,3.0946892360299127,4.380210770362689,0.06842224017041035,3.679162083416284,1.0,0.11538461538461539,0.0,0.21739130434782608,0.36405570391844644,0.08759709870012973,0.2142732059841386,0.7333333333333333,0.06757369371014624,0.9096335211815482,2.216206896551723,0.08749301397104935,0.38970517375187547,0.07215682090226164,1.285,0.508,0.03851357919374572,0.0,0.22666666666666677,0.27117199301535205,0.020098478637384717
386,1,2.5671196162020014,3.911015350972686,0.08324056642574958,2.958961639249259,1.0,0.07142857142857142,0.11538461538461539,0.15384615384615385,0.28155204768489167,0.08945610408364053,0.20341519485180715,0.8333333333333334,0.09494760459878712,0.8518632319723601,2.947241379310344,0.09887257728536161,0.4345249341146573,0.09712015420983172,0.7559999999999999,0.2916666666666667,0.029570384154549278,0.0,0.20333333333333337,0.31695925702248356,0.04041165050574689
387,1,2.74037612793099,4.412090508590672,0.06873206735068105,3.4876205106057823,1.0,0.07142857142857142,0.12,0.15384615384615385,0.30202299397378485,0.055888616148246056,0.1843305224226271,0.8333333333333334,0.0978980449798889,0.43465773539507596,2.5003448275862086,0.07484696412832793,0.34434676400040537,0.08388908777438846,0.4860000000000003,0.284,0.01829458118351642,0.0,0.2024999999999999,0.2823830042485476,0.04824384772732596
388,1,3.0983392636777163,5.376123755699077,0.06507676185582864,3.667732506381833,1.0,0.1111111111111111,0.21739130434782608,0.25,0.3885570171230415,0.033677138534381715,0.26440959773455586,0.8,0.07729139139434263,0.43626029800916677,2.0262068965517246,0.09764359381842423,0.24129621618578687,0.0909361261964632,0.7750000000000004,0.3200000000000001,0.018265554363075746,0.0,0.36000000000000004,0.12061596108321193,0.052367097734837796
389,1,3.472650219092266,4.622995427931575,0.08158426325790705,3.5491839567270835,1.0,0.07142857142857142,0.15384615384615385,0.1111111111111111,0.48913994816298617,0.08989154462972791,0.21595791981136447,0.9,0.04857899100791357,1.2311336847230938,2.421034482758618,0.0851839468600499,0.33301508617335474,0.08420808693208715,0.80375,0.4900000000000002,0.0708811556853619,0.0,0.4924999999999998,0.5643717470280876,0.037073958075001044
390,1,3.2702765080934206,4.971829863907085,0.07156465415837507,3.3393342907819616,1.0,0.034482758620689655,0.1111111111111111,0.07142857142857142,0.6459230260298479,0.09093093738739119,0.2345670784353897,0.9,0.07991440999700905,1.2007201013994728,2.3831034482758606,0.1603710453458793,0.39973637571282766,0.13299854022011023,1.2871428571428563,0.3728571428571433,0.04631143318379826,0.0,0.38000000000000006,0.5342848199635999,0.04278740993539562
391,0,8.831423193006172,11.439369723620612,0.007577350432782043,6.91635498575877,0.0,0.5333333333333333,0.8,0.47368421052631576,0.025342103744997617,0.0051375634130518795,0.00771604918115392,0.7666666666666667,0.004898979485566392,0.06040273003696418,0.32965517241379344,0.00042349542560717767,0.05482365049010513,0.00627011050255776,0.050000000000000176,0.021999999999999888,0.0038626768061596297,30.0,0.012857142857142857,0.061783717556505684,0.004068528624707992
392,0,9.12435417480317,11.436930521256164,0.0071490769922356034,6.580339959063014,0.0,0.5625,0.7272727272727273,0.3684210526315789,0.02960668092771555,0.01019803902718557,0.010105565247901373,0.7333333333333333,0.004766664288092247,0.09784243893701164,0.38103448275862034,0.0004830184819212955,0.05204263035387115,0.005133112461013703,0.006666666666666525,0.024285714285714275,0.005987015428533371,30.0,0.027777777777777776,0.0926121485984823,0.0034211029768528196
393,0,9.072047319163474,10.731787213966491,0.008570579162068786,6.695862952669955,0.0,0.45,0.8,0.5,0.030237945256470937,0.010199373063299221,0.01584190602151641,0.7,0.010291003930849632,0.09577709382039229,0.3617241379310333,0.0006877636043803161,0.0702421467758033,0.009697352187880084,0.02750000000000008,0.04800000000000022,0.005642405045180429,30.0,0.017,0.0809126176852559,0.006478682993736714
394,0,8.840670243862577,11.226989852319829,0.00912997259391055,7.268991571601061,0.0,0.3888888888888889,0.9090909090909091,0.5,0.031,0.004354995567685211,0.014816795030167154,0.6666666666666666,0.009803511796158326,0.02186663348263614,0.3431034482758614,0.0007420360590464384,0.04866713260423682,0.009104801753250203,0.026000000000000155,0.04749999999999999,0.005025648501153145,30.0,0.008333333333333337,0.022487680678827605,0.008420448062795188
395,0,9.287517693061323,11.85825827336495,0.0093135147116488,7.178410870036807,0.0,0.6,0.8,0.5333333333333333,0.028992336152086046,0.003761603363453619,0.007081642455246247,0.7333333333333333,0.00533758334064847,0.05395462946602717,0.3120689655172415,0.0007535683977370763,0.023320890754391137,0.013750468142927397,0.016250000000000098,0.022000000000000065,0.005275846645148932,30.0,0.011428571428571427,0.09021983732871117,0.007096765575433192
396,0,9.493440270791163,11.09718178312894,0.009056416955514028,7.707786302850083,0.0,0.47058823529411764,0.6666666666666666,0.3684210526315789,0.025907956735764057,0.004723655911480857,0.009135413636662816,0.7666666666666667,0.0065361371187709,0.048774644913054506,0.3689655172413804,0.0007144200772673719,0.02590563724011316,0.013117657000016028,0.027777777777777877,0.02571428571428593,0.0026907753731672856,30.0,0.011999999999999997,0.09858117274128819,0.005118141669557395
397,0,9.222958388892422,10.757463632005079,0.00788026205327358,7.196943986729785,0.0,0.4444444444444444,0.75,0.5263157894736842,0.029769484749021472,0.003499271061118827,0.004843117003844286,0.7666666666666667,0.0074083975150835805,0.04582783516805584,0.4003448275862079,0.00045623647287746906,0.07418803101294874,0.005239099470835233,0.04500000000000015,0.02833333333333347,0.002343786110832924,30.0,0.012222222222222218,0.059483170889316504,0.006972209167851484
398,0,8.671326800487044,11.322447317273332,0.00777940410401896,7.973858604268019,0.0,0.47058823529411764,0.7272727272727273,0.5333333333333333,0.025256462319352822,0.005400932144288697,0.0142980898776606,0.7333333333333333,0.007923099785064034,0.11747421196241502,0.343448275862069,0.0006931271446419139,0.06511173024091725,0.0067048160170975635,0.023333333333333428,0.051999999999999956,0.003877442175343075,30.0,0.018333333333333337,0.03278014995835887,0.004941232873780154
399,0,9.174568454129135,10.041352514837396,0.0077833747081116865,7.526087455647129,0.0,0.5625,0.5454545454545454,0.625,0.025778975067980412,0.006598288790738582,0.01009074473226333,0.7333333333333333,0.007336424827646043,0.12258419291956621,0.4513793103448265,0.0005718714778784483,0.0755860549352873,0.0067598655543526275,0.025999999999999978,0.06833333333333351,0.003271314200537672,30.0,0.014000000000000007,0.04249002123748468,0.010340699590801958
400,0,11.219677648096287,10.528041835745825,0.0053225698060817735,7.361965160100627,0.0,0.5333333333333333,0.8,0.3888888888888889,0.02473189573539939,0.005649634266652912,0.005150787536377131,0.7333333333333333,0.010033955955097887,0.11049696028078124,0.4034482758620681,0.0001906159639544521,0.04159016105521375,0.006175924288422609,0.02499999999999991,0.03714285714285711,0.0034927329805568286,30.0,0.011428571428571436,0.09098902079241168,0.011118067663556861
401,0,9.307299741911454,11.19836890066974,0.00988721296796941,7.07742856290891,0.0,0.5294117647058824,0.6153846153846154,0.3684210526315789,0.06090429650963332,0.009432899439553817,0.020096366477008513,0.7666666666666667,0.008326663997864548,0.08233794638540579,0.37172413793103454,0.000691722478266228,0.052524824063076195,0.015351766500760734,0.050000000000000044,0.023999999999999844,0.0072717513259832195,30.0,0.017500000000000005,0.08308124046381837,0.007041181100675957
402,0,8.422745515359269,9.945180513887832,0.01641568785433751,7.242270665962759,0.0,0.2857142857142857,0.7142857142857143,0.2857142857142857,0.05629387178015027,0.012379487092778604,0.018430232483280105,0.8,0.00988642992179882,0.10955320516491013,0.4534482758620694,0.0009290293891941126,0.09595591391345298,0.012155366105966039,0.08833333333333337,0.04900000000000002,0.012967652061957859,30.0,0.020000000000000018,0.10184421877533924,0.008526740650591422
403,1,6.028640468693463,8.739855492269275,0.0246598424591142,6.496253630439537,0.0,0.17391304347826086,0.47058823529411764,0.23809523809523808,0.07549540089009102,0.022293649380957983,0.02441534033220543,0.8,0.015694359661039586,0.22572320657476663,0.5762068965517244,0.0012322676836148973,0.11448696566038599,0.01702908276637197,0.1360000000000003,0.05333333333333309,0.019880240078485753,30.0,0.02777777777777779,0.16264722310471005,0.00809985302629727
404,1,3.5025411675919687,6.568700139413098,0.056403524847115936,4.925040120318603,1.0,0.20833333333333334,0.16666666666666666,0.25,0.2691022110648666,0.029895509639386277,0.15841004228456815,0.8333333333333334,0.048308813860398626,0.3148779268915773,0.8586206896551724,0.05318387190288855,0.33595156761401257,0.03719992685238945,0.5637499999999998,0.22800000000000029,0.010962496363995466,29.0,0.15727272727272726,0.18443557435710517,0.020147132271753024
405,1,3.011197461014676,5.553747612586926,0.07099450479359501,3.997258250561952,1.0,0.16,0.30434782608695654,0.11538461538461539,0.2035870002398647,0.06820995997254202,0.24183133493785108,0.8333333333333334,0.07929485146835041,0.8414307543022864,1.2996551724137926,0.08101929075921353,0.3645504173673655,0.052511591205031585,0.4362499999999998,0.2450000000000001,0.032985092489344524,27.0,0.2144444444444445,0.3968235811514009,0.024313866036331053
406,1,2.539522120269201,4.773134213808733,0.09181978232162262,3.290783999789675,1.0,0.1111111111111111,0.20833333333333334,0.1111111111111111,0.2599145158615724,0.05728506115290895,0.1992654538258836,0.9,0.06823927490423519,0.8509578436683457,1.8531034482758615,0.10138602434874383,0.31857454621579345,0.08030054430055866,1.3871428571428568,0.4700000000000001,0.04304603452625311,21.0,0.15624999999999994,0.5662916649535982,0.029239578060739197
407,1,2.459245683745529,4.7631208387660635,0.08930504158857056,3.1395600459101667,1.0,0.034482758620689655,0.11538461538461539,0.1111111111111111,0.3615958456005206,0.04248024751071288,0.17286005507188693,0.9,0.061963342246145255,0.4465947347907912,2.0399999999999996,0.12316959009456042,0.3134749282035892,0.08275144654180934,0.22249999999999925,0.3049999999999997,0.02473132910815315,8.0,0.1871428571428571,0.4784484766010914,0.03209938647770223
408,1,2.8547804912841954,5.525850773451605,0.07261987112256538,3.705391780020401,1.0,0.0,0.12,0.1111111111111111,0.26450897905364196,0.04928661144801104,0.22394010375104137,0.8666666666666667,0.07077837403679549,0.6336106016772628,1.637586206896551,0.10155369852692422,0.21827006924737005,0.07095298433747924,0.6642857142857136,0.16111111111111143,0.02264833192037574,0.0,0.23600000000000007,0.27115672000288144,0.03260479493972043
409,1,3.259127216751797,5.675966526265272,0.06383633295705035,3.9047327678774386,1.0,0.07142857142857142,0.2,0.034482758620689655,0.3050517260327428,0.06939819049180905,0.18894494032969078,0.8666666666666667,0.04950036074904622,0.9821582232564184,1.5882758620689652,0.0742410059493189,0.23640407008708927,0.07431795637297733,0.8866666666666669,0.3849999999999998,0.026442534278083442,0.0,0.2933333333333335,0.3124797323495578,0.020138243308129168
410,1,3.3840097328159047,4.855675711265477,0.06546369496886321,3.6280263448006727,1.0,0.2,0.1111111111111111,0.0,0.3886380778507886,0.06772654098462062,0.14475200467400387,1.0,0.05369857926394319,1.0036481346723534,2.325172413793103,0.051196814558731,0.23516646297064206,0.053420748090330955,0.88,0.2166666666666671,0.024208234951267706,0.0,0.2583333333333333,0.22168320842580444,0.017934514287292227
411,1,3.3520741892564763,4.471443975354006,0.06144518272118834,3.6375315236229206,1.0,0.07142857142857142,0.15384615384615385,0.1111111111111111,0.33350662162341943,0.04418637090947452,0.22609702330101156,0.9,0.0674830288566946,0.8070128508868986,2.714137931034483,0.10644659912987432,0.40002408090779096,0.11505836436732572,0.6579999999999998,0.17428571428571438,0.03417200190632257,0.0,0.0700000000000001,0.40521443655407563,0.02959113674987263
412,1,3.3575658093989014,4.089159652018704,0.08051082978739271,3.394443422916998,1.0,0.0,0.15384615384615385,0.1111111111111111,0.3418038748886398,0.028422468835304852,0.3251830672265765,0.9,0.13250593620382345,0.8561593087181621,2.771034482758621,0.1319179438083009,0.7963228928392458,0.229064819866954,0.8688888888888885,0.4577777777777775,0.04880660153853671,0.0,0.08857142857142845,0.7068375775865597,0.05294615927820398
413,1,3.4360421479620094,3.9021329727157203,0.06808343390364091,3.323517751546032,1.0,0.034482758620689655,0.15384615384615385,0.0,0.5519872180484697,0.12055517832265922,0.26762208098602863,0.9666666666666667,0.11636477948572725,0.6439836056560299,3.0993103448275847,0.10125136916743524,0.6353168795293942,0.19959021965595608,0.6077777777777781,0.23833333333333298,0.0654164264045157,0.0,0.6177777777777775,0.5674845385529003,0.05975985502081522
414,0,10.675894337793228,14.989472935469198,0.005799967770300726,8.595884342815216,0.0,0.6,0.6363636363636364,0.5333333333333333,0.025623340054636817,0.004420114813665636,0.006726938432918165,0.7333333333333333,0.007171371656006385,0.1286740331330337,0.1810344827586212,0.00028635320561737197,0.04494077735629171,0.0037828111060354947,0.03400000000000034,0.0349999999999997,0.0024225696145652796,30.0,0.006666666666666668,0.10693717400265212,0.002967763307209457
415,0,9.45304052414757,15.196223602940572,0.007014031683594682,8.58733111162903,0.0,0.3888888888888889,0.875,0.47058823529411764,0.02070963275601209,0.0025555062599997604,0.008030553898602974,0.7333333333333333,0.007139046602632427,0.16034758164305293,0.1934482758620692,0.0004229631372947313,0.055939714878432446,0.004728492302603761,0.04200000000000017,0.02400000000000002,0.0024798507745317218,30.0,0.0020000000000000018,0.11968830266955231,0.0021978344319980095
416,0,8.727698431235961,12.507278733964762,0.009609284320533816,9.044433852323008,0.0,0.3684210526315789,0.6363636363636364,0.6,0.029964794157292137,0.005089672082242815,0.006473388749701489,0.7333333333333333,0.006635300361276315,0.1185557075062729,0.2793103448275865,0.0007128139656739803,0.05190572301425607,0.006757610977442421,0.05666666666666694,0.018571428571428555,0.005274299128084886,30.0,0.017500000000000005,0.08009427778145778,0.001937246801537738
417,0,7.6462283045857635,10.308398291431212,0.010183409461547726,8.057261580198904,0.0,0.47368421052631576,0.6923076923076923,0.47058823529411764,0.03383128072591334,0.005766428763131662,0.008030553898602938,0.7333333333333333,0.009166635745155048,0.07493362141954464,0.4351724137931026,0.0005078274365432842,0.05812957611274681,0.008531972680636605,0.051999999999999956,0.023999999999999844,0.004143284050253907,30.0,0.02750000000000001,0.0617301390572483,0.005467529382730468
418,0,7.786644336334864,10.599108308518506,0.009809550663495693,7.507918072020288,0.0,0.4,0.5833333333333334,0.6428571428571429,0.03249102440162,0.00831685445509364,0.007625592427080362,0.7,0.00695955272626483,0.06342342321449473,0.4196551724137924,0.00035715178655503784,0.061416831657814475,0.008123401988326352,0.05250000000000021,0.018333333333333535,0.006293242245391774,30.0,0.02857142857142858,0.0677487394766888,0.0051229243349377035
419,0,9.16065018043055,12.804194510026655,0.008150114775813653,8.165664226204939,0.0,0.4375,0.6363636363636364,0.6428571428571429,0.029038288899696243,0.0072787081159182854,0.005390846361175301,0.7,0.0069595527262648295,0.05388271465670141,0.27862068965517334,0.00047523085632429304,0.0743647930742736,0.007657427144687122,0.029999999999999714,0.011666666666666861,0.004360989714791472,30.0,0.018750000000000003,0.03895028053482415,0.002702077809722689
420,0,8.643888015449612,11.973521091759837,0.009142432443245486,8.567417680504679,0.0,0.4444444444444444,0.6923076923076923,0.375,0.03511251755270318,0.006604471789556501,0.010699354675689108,0.6666666666666666,0.009290474970100701,0.024758974185557274,0.3103448275862086,0.00014378142141061278,0.047641804086312786,0.010329167472757226,0.021999999999999888,0.03624999999999989,0.005268104513965913,30.0,0.02333333333333334,0.05180822827511878,0.00587303303300798
421,0,8.816196085782567,12.007906710073607,0.009237806483801398,8.603290321554299,0.0,0.3333333333333333,0.6428571428571429,0.6428571428571429,0.038182311204128135,0.0046452374850503644,0.008936663000148908,0.7,0.0036589281356758856,0.09874560181370597,0.33241379310344904,0.00035866304729732,0.0166083332906667,0.010884776862523869,0.0125000000000004,0.03499999999999981,0.003959935407980052,30.0,0.015,0.0783059271785503,0.002772066691386921
422,0,9.78897553584883,11.875754201505856,0.007990591488890482,9.879886316458956,0.0,0.4117647058823529,0.7272727272727273,0.6923076923076923,0.02880779215574996,0.0022916589362887573,0.01294362449107608,0.7,0.005749889084999444,0.14617546068380383,0.30448275862068985,0.0005449101150367693,0.05522002988663008,0.007971036003304958,0.04375000000000029,0.01857142857142843,0.004371833158992696,30.0,0.017499999999999995,0.10369881558504589,0.006258121254230622
423,0,10.231963782149707,11.764966142805154,0.006826187121667037,7.749663258266905,0.0,0.5294117647058824,0.75,0.4375,0.01977933826552906,0.0028476031214716303,0.011383243443435428,0.7,0.012630812126145573,0.10990496822626532,0.2765517241379309,0.00040901663389490635,0.05866496596174381,0.006286839726086168,0.04500000000000023,0.03399999999999981,0.001966522535938439,30.0,0.013333333333333336,0.08634651279645776,0.0067154406301554335
424,0,10.500230993035,13.288840552505095,0.006423527221061164,7.905010593050762,0.0,0.47058823529411764,0.5384615384615384,0.5,0.0541899949765227,0.007758252135015732,0.006356741560367758,0.7333333333333333,0.010764011593185484,0.09901322662967338,0.27068965517241333,0.00028248962752615173,0.05972681572800295,0.0037376554184690844,0.018000000000000328,0.04250000000000009,0.007364411573447624,30.0,0.030000000000000006,0.047751191885969,0.0041156082530431695
425,0,9.028221832122671,12.388442181825246,0.011080914626403308,8.553210771135022,0.0,0.3181818181818182,0.7857142857142857,0.5333333333333333,0.06075542956989295,0.012904674046441389,0.011444037154542962,0.7333333333333333,0.007724860476911854,0.07827702419616349,0.2720689655172414,0.00046738307847077326,0.04759866230327534,0.012977636441935574,0.04714285714285715,0.028000000000000115,0.01352842308964785,30.0,0.023749999999999986,0.06242650753916427,0.007809152139820116
426,1,7.437792256879622,11.350901506574317,0.013756974655550763,9.515547976764307,0.0,0.16,0.4,0.4117647058823529,0.0867691701521277,0.014076564206650202,0.008592038713349693,0.7333333333333333,0.006477590885002641,0.08725254611024895,0.35206896551724187,0.0007876309422721361,0.07926361768450507,0.00819204857553651,0.0812499999999996,0.024285714285714275,0.014980513419536903,30.0,0.029090909090909098,0.10934968187045645,0.006350574455776995
427,1,3.3399047739819565,6.526412346211149,0.052444888833572297,4.392403388447129,0.0,0.11538461538461539,0.1111111111111111,0.4444444444444444,0.23471519384612113,0.03983127680912195,0.16070948140967273,0.7666666666666667,0.05971929803525093,0.46759587761431815,0.8403448275862068,0.054395833952042984,0.30517366528977297,0.04286815096720335,0.6362500000000004,0.22888888888888884,0.015287111640624759,29.0,0.16454545454545452,0.13639599411597195,0.016126776651583734
428,1,2.236156330270302,4.81487979231022,0.10994125902061376,2.904084620137597,1.0,0.1111111111111111,0.25,0.3181818181818182,0.2700907254979334,0.05126959555693245,0.13676266746040144,0.8,0.047970512484517135,0.6412741992622618,1.7655172413793085,0.06677267038092133,0.19271507995176804,0.07915035206044588,0.8087500000000003,0.48999999999999994,0.033969974737604214,23.0,0.13000000000000003,0.34730923389045965,0.028316923619371322
429,1,2.1049470143654303,4.436713058756925,0.11423374298348982,2.6740038409009603,1.0,0.20833333333333334,0.15384615384615385,0.1111111111111111,0.2909534136058364,0.025321336221203073,0.035300459614282485,0.8,0.018683180256310605,0.4842066798832263,2.2803448275862057,0.05724150436951231,0.08248652745075574,0.07783175995146752,0.3149999999999995,0.14000000000000012,0.03173066929879764,18.0,0.11749999999999994,0.26026683952263646,0.029026509113093832
430,1,2.1937947802272246,4.213577216866145,0.10961487759075758,2.7871199875549038,1.0,0.2608695652173913,0.07142857142857142,0.034482758620689655,0.32319584705802695,0.046107534762821166,0.15640275934027412,0.9333333333333333,0.06751407008812269,0.5470015483319505,2.528620689655173,0.13466483054559683,0.3332541266438722,0.14583135166777994,0.3839999999999996,0.3616666666666665,0.029513792463494618,13.0,0.09499999999999986,0.43485778987499535,0.0502833549230053
431,1,2.572473787126044,5.060550870098602,0.08551908528106453,3.481639285575613,1.0,0.1111111111111111,0.21739130434782608,0.07142857142857142,0.20951902591941912,0.04418052022494687,0.27278074223326937,0.9333333333333333,0.09214200811716629,0.6340877640492736,1.9448275862068967,0.16082767556316235,0.3599205127666437,0.12943006411417188,0.24399999999999977,0.23833333333333315,0.02335230327028172,7.0,0.13799999999999998,0.5600376935807908,0.05035187206458329
432,1,2.7513799887893176,5.345284236346383,0.08161448712805067,3.3351267115606205,1.0,0.034482758620689655,0.2,0.12,0.25667099563448925,0.051957072809830106,0.3053061360907997,0.8333333333333334,0.11267918458817394,0.9468332180786342,1.7141379310344829,0.1589553093841732,0.26427155689236276,0.1028912007106218,0.6499999999999998,0.4516666666666665,0.02631364975189313,4.0,0.13666666666666671,0.6033510935109146,0.039227118205663436
433,1,2.5076694694266535,4.258035649617883,0.105233620596482,2.6715077925217585,1.0,0.034482758620689655,0.034482758620689655,0.15384615384615385,0.42910358759731765,0.06856984125146928,0.3028776722601742,0.8,0.12398924684557662,1.1313141115745082,2.367931034482758,0.17102702914961135,0.4766779029168989,0.11083607065311864,1.41,0.5820000000000001,0.04150787811462096,1.0,0.18124999999999994,0.66370563264351,0.04423610124164683
434,1,2.465809534610454,4.246602428110927,0.0879315392513132,2.678423436899964,1.0,0.0,0.15384615384615385,0.11538461538461539,0.36371234054767326,0.07609660884396242,0.17720697764244522,0.8666666666666667,0.058376679716252176,0.29011599838169333,2.7093103448275864,0.1284246961217954,0.1759775805139324,0.05212713918349798,1.0139999999999998,0.4839999999999998,0.05843750542944422,0.0,0.24399999999999986,0.3240166402042518,0.041693080063363926
435,1,2.811526935938538,4.008760703523693,0.0751711719039739,2.823772281692653,1.0,0.0,0.07142857142857142,0.15384615384615385,0.3751333096380539,0.10295127967341912,0.20440635798250859,0.8,0.08432605975463037,0.7533153570788828,2.84448275862069,0.14316720425263665,0.6634581224705212,0.06574039232978034,1.5749999999999997,0.6349999999999998,0.056612135426523366,0.0,0.3583333333333334,0.38189710050503023,0.035689240742300836
436,1,2.702803910112103,4.226090404517677,0.07425810804075773,3.0899973787118027,1.0,0.034482758620689655,0.034482758620689655,0.0,0.5143484551676357,0.039720794259413376,0.18473308562672272,0.9333333333333333,0.07640778533542199,1.0903883349928305,2.5879310344827586,0.14411442286704698,0.675418499642898,0.0734219896994664,0.5950000000000001,0.3033333333333334,0.04795085919938437,0.0,0.3916666666666666,0.5809876666879751,0.034788566422626524
437,0,10.721371298917852,12.345331088712898,0.005718687441940965,11.73072575903654,0.0,0.7692307692307693,0.8571428571428571,0.75,0.01569146972791976,0.004333071682315171,0.008713114675415398,0.6666666666666666,0.005940750542381274,0.16701272915763152,0.2524137931034471,0.00021634004978934724,0.016054329528156386,0.005428070152294512,0.050000000000000454,0.02200000000000024,0.0021207109576711304,30.0,0.010000000000000005,0.08066878279115727,0.004173515459719418
438,0,10.398940744421221,13.075551777722241,0.005576262726819258,9.353352718238236,0.0,0.6,1.0,0.6666666666666666,0.021931712199461308,0.004843117003844236,0.00673704349860092,0.6333333333333333,0.009464577713375144,0.15420527003355794,0.2613793103448268,0.00029778719882210015,0.04656646190285063,0.004366601754723505,0.032500000000001084,0.02222222222222234,0.0037278871840685933,30.0,0.015000000000000003,0.043010481241188676,0.005477672677258437
439,0,11.910765641525824,12.466798585758578,0.005070620746673827,8.609761185928788,0.0,0.5384615384615384,0.7,0.4,0.024103941586387897,0.002904371558471792,0.0032991443953692195,0.7,0.009202188441280904,0.08530186494599777,0.2834482758620699,0.000289696079074765,0.042257712736425805,0.0026541201445105388,0.020000000000000757,0.01749999999999985,0.0024135670950791856,30.0,0.01571428571428571,0.04937192460068293,0.0019245637371184138
440,0,14.260013745537892,14.282264689694742,0.004263466267878138,9.124804333091614,0.0,0.6153846153846154,0.4444444444444444,0.6153846153846154,0.020080393975772045,0.003858024590576971,0.005057492589467315,0.6666666666666666,0.0038047589248454,0.06314048691952992,0.2558620689655178,0.00017356043312223617,0.046656364266095936,0.0025569965374471313,0.01777777777777799,0.021999999999999707,0.0026362207540237526,30.0,0.02125,0.04259528893499616,0.0022358854338872004
441,0,12.386358877867433,13.659956470762012,0.004409440558620828,9.165371143589496,0.0,0.5384615384615384,0.8571428571428571,0.6428571428571429,0.014817407180595248,0.002745435296266587,0.005089672082242822,0.7,0.011206169340703252,0.04901755898079157,0.27275862068965506,0.00015452549973394975,0.0595589229765149,0.004192640133915201,0.016666666666666313,0.03333333333333336,0.0007862768548781046,30.0,0.015454545454545445,0.04062354801172852,0.002515151366132312
442,0,10.42843433323047,12.625472434102457,0.005961131769533503,9.763042716445112,0.0,0.4444444444444444,0.6,0.5833333333333334,0.02136716068071646,0.0057451547168974,0.010850875383978878,0.6333333333333333,0.014848898811641515,0.13703636738616015,0.2879310344827587,0.00033411782515818195,0.04789387360875819,0.007326180803807001,0.029999999999999954,0.04555555555555557,0.003731535038224425,30.0,0.02153846153846153,0.06600225104386244,0.0048950898624953
443,0,9.690681754682217,12.393303679504506,0.006405417004875793,9.41913378206003,0.0,0.4117647058823529,0.7777777777777778,0.75,0.023825756371344573,0.006242274136447216,0.01207121724244432,0.6666666666666666,0.004013582382039117,0.08281723176701217,0.3275862068965517,0.0004247656903525515,0.07169284445171807,0.00726388887804968,0.019999999999999574,0.0259999999999998,0.004585335987956493,30.0,0.0175,0.0483900253959754,0.004173515459719363
444,0,10.194947566660115,11.24855098522924,0.006149501870710796,8.633227599432102,0.0,0.4117647058823529,0.75,1.0,0.019058389811897072,0.004074142787849036,0.006706682625317473,0.7,0.0016659862556701241,0.06311462415568116,0.35482758620689725,0.0003675745070476124,0.06576768017120595,0.005129294285176671,0.02200000000000024,0.03399999999999963,0.002974357530810379,30.0,0.014000000000000002,0.0739135733578802,0.0025601870679950504
445,0,11.341953356865636,11.355619140308542,0.005323869291612628,9.410402336697988,0.0,0.5714285714285714,0.875,0.6153846153846154,0.01857417562100671,0.0034680269440063105,0.008035634920243015,0.6666666666666666,0.00955471176994906,0.12588927215429221,0.33275862068965584,0.00027117175218608616,0.04134902050349703,0.0074238079965789575,0.02000000000000008,0.03399999999999981,0.001358270208457681,30.0,0.010000000000000005,0.07678455060026304,0.004727456349604404
446,0,11.761875220798531,12.616631209571917,0.005659849933721498,10.731471092715731,0.0,0.5625,0.6666666666666666,0.5833333333333334,0.0378667253520672,0.0064460080986734145,0.008510897376285284,0.6666666666666666,0.010259225150091651,0.16559462017617785,0.3082758620689652,0.0002769182555775405,0.06138270713070456,0.006436968061372576,0.037142857142857366,0.04600000000000008,0.006486993790298721,30.0,0.01666666666666667,0.1053187090511005,0.00475637774484961
447,0,10.33281371860413,12.585188912433207,0.009387256434685914,9.688467915025369,0.0,0.4,0.3333333333333333,0.6428571428571429,0.08624512868691322,0.007528630161513032,0.020029230340360256,0.6333333333333333,0.008544401835183589,0.143728012219604,0.2817241379310338,0.0004943843777114777,0.11509440076926114,0.011274098905120945,0.07888888888888898,0.031428571428571396,0.00715868722050968,30.0,0.020000000000000004,0.062155941698564046,0.005646261781820221
448,0,8.0395804861879,11.621280151528111,0.019776891397699614,8.61836595427431,0.0,0.16,0.42105263157894735,0.42105263157894735,0.07452739988308549,0.011826408820019342,0.018328075931393722,0.7666666666666667,0.00814327484308785,0.0959376214573007,0.3255172413793105,0.0011058376503101707,0.12419284981663865,0.009921707116663259,0.0700000000000001,0.03428571428571444,0.012938283644806581,30.0,0.018000000000000006,0.0656302568351283,0.005873033033007956
449,1,3.4265949546057706,6.526295862123932,0.07376203031098474,3.913384056442998,1.0,0.16,0.2857142857142857,0.2727272727272727,0.24527444945520835,0.06693788368412047,0.20607032681062248,0.7666666666666667,0.09047764409859849,0.7292992070017174,0.6903448275862067,0.12181724592096223,0.35208096626020663,0.08349066834491312,0.47000000000000014,0.24400000000000013,0.0374291094108919,28.0,0.13899999999999998,0.26253048647067745,0.03480123541477452
450,1,2.462772601013185,4.66444951671118,0.11222227455827866,3.0042585993336517,1.0,0.1111111111111111,0.15384615384615385,0.21739130434782608,0.3702115011119395,0.07332529331312476,0.20867316501150404,0.7333333333333333,0.09654832070674518,0.7714617629543806,1.8237931034482764,0.12330914763278665,0.3663263108028065,0.0887274815736057,0.5957142857142858,0.2857142857142856,0.031268910468782884,20.0,0.17285714285714285,0.22089070896287685,0.035358425181171764
451,1,2.594754808816009,4.641872629534147,0.07526942158487332,3.131089589760759,1.0,0.07142857142857142,0.16666666666666666,0.16666666666666666,0.2183984635680592,0.04190952353899179,0.1668501303157854,0.8333333333333334,0.058593956178775546,0.5660513666266197,2.0155172413793108,0.05641754617874194,0.2571596819892585,0.0978556093032425,0.11750000000000016,0.1599999999999997,0.02818998712574485,20.0,0.040000000000000036,0.4023679272053597,0.04348640259764374
452,1,2.971594213045548,5.773965925107139,0.07832651018908311,3.7120833919632243,1.0,0.1111111111111111,0.20833333333333334,0.07142857142857142,0.327800074571207,0.035641067805071605,0.1519360767841904,0.9,0.04808948574746639,0.7842409216109882,1.2586206896551715,0.06274467129347092,0.14322448010267075,0.030586965344400977,0.9387499999999998,0.25333333333333324,0.022012488724902142,15.0,0.20181818181818179,0.30606929987591097,0.012940596880323783
453,1,3.109374177757192,5.478042090784847,0.07294560839628608,3.877285976948673,1.0,0.034482758620689655,0.07142857142857142,0.034482758620689655,0.3120094371792124,0.04143185537066597,0.25607147174071493,0.9,0.09238222875897821,0.7895608354808203,1.4024137931034488,0.10386278314786089,0.34148981319653837,0.05776855534280341,0.9849999999999997,0.32142857142857156,0.020211480538996435,2.0,0.18000000000000002,0.2227797228159678,0.025566389500843466
454,1,3.1627063099943475,5.44157088972592,0.07474217221311472,4.1046220400364435,1.0,0.034482758620689655,0.2,0.07142857142857142,0.19364457705348276,0.05558177159225257,0.2116242337884076,0.9,0.08399676054654087,0.8371675926786065,1.4689655172413796,0.08390368393699188,0.36461076067872855,0.0498825504915037,0.8066666666666663,0.3971428571428572,0.030784482352989088,0.0,0.1857142857142857,0.2224580015395716,0.030378510127243245
455,1,3.2090187615671057,5.271552898631918,0.07689072989232323,3.599153316381288,1.0,0.07142857142857142,0.15384615384615385,0.07142857142857142,0.4705605404432273,0.06054671553358418,0.13385869288120184,0.8666666666666667,0.07693057210998798,0.7225325828869826,1.791034482758619,0.06216382175033002,0.26550160459179156,0.05820491131064691,0.7800000000000004,0.37428571428571406,0.02763401236620881,0.0,0.20900000000000007,0.2841400478685133,0.03372861680882777
456,1,3.1263920112788846,4.883110178784201,0.06932239643763362,3.6840519904494617,1.0,0.034482758620689655,0.1111111111111111,0.07142857142857142,0.3418038748886397,0.029245384541954675,0.16655304970893484,0.8666666666666667,0.06536074671302605,0.40843494223782567,2.2962068965517224,0.09519730002477807,0.1890868137371078,0.07773901567310408,0.65,0.18000000000000002,0.027844133714535414,0.0,0.20666666666666664,0.10473653372438164,0.026236600078391795
457,1,3.011941018662733,4.707010503955862,0.07336550420306846,4.308233006909815,1.0,0.0,0.16,0.07142857142857142,0.3553902393457399,0.04787512100125022,0.18004406112276578,0.9,0.03971839649845102,0.24594911259525717,2.4624137931034475,0.10308134388134021,0.18762837781973546,0.07760232130618788,0.7699999999999989,0.35749999999999993,0.022295773065732417,0.0,0.2880000000000001,0.1539644803988537,0.0190926705315733
458,1,3.4959212510855893,4.7935199952956635,0.06702611578856016,4.27784117927562,1.0,0.034482758620689655,0.07142857142857142,0.07142857142857142,0.42344368640417296,0.04024009575190456,0.151552330379765,0.9666666666666667,0.03803328295381432,0.3128331367175982,2.2441379310344836,0.12614278787007763,0.1683014787668311,0.06926688600333225,0.5285714285714285,0.2183333333333337,0.01628203801447357,0.0,0.2575,0.31837751946071874,0.05415802526570054
459,1,3.8148158672276247,4.3649202189183205,0.06417404055260836,3.8034465897268523,1.0,0.07142857142857142,0.1111111111111111,0.1111111111111111,0.4572722262382539,0.03587847970751337,0.18359434728155832,0.8333333333333334,0.10149695883651508,1.3606366557033278,2.5286206896551735,0.10115032420212686,0.33320182439823587,0.09499506897335083,0.8328571428571431,0.5000000000000002,0.019861342481566423,0.0,0.2116666666666666,0.35756929208120763,0.062292249547929245
460,0,12.196952697737029,11.472121229038022,0.005127339998928205,7.908857918295021,0.0,0.6153846153846154,0.5454545454545454,0.4117647058823529,0.02542090128658349,0.0049569575922564215,0.0018294640678378927,0.7333333333333333,0.006684330341092033,0.07322781524236552,0.34275862068965507,0.00011725944488597059,0.05485962295980991,0.004129469337191285,0.028888888888888867,0.04499999999999993,0.0024739183714996616,30.0,0.015714285714285715,0.06030262006243662,0.005362708220272806
461,0,12.089575227684788,13.024877157102871,0.005133719932564344,10.212685888659733,0.0,0.5,0.7777777777777778,0.6153846153846154,0.023591429705627328,0.005150787536377127,0.005129612575045693,0.7,0.005038626311013839,0.08963842713394522,0.28896551724137987,0.00021165755425240037,0.06781066077163453,0.004868669795563327,0.019999999999999574,0.01999999999999997,0.003200680199816378,30.0,0.012500000000000004,0.0404520308850009,0.0030715725326172978
462,0,10.793886848072104,11.823100982427485,0.005434916565937096,8.609269664396507,0.0,0.5714285714285714,0.6363636363636364,0.5,0.02472290885438488,0.00421206559761828,0.004901755898079046,0.7333333333333333,0.0029043715584718545,0.08878239085072043,0.33206896551724246,0.0002668300995780173,0.0380915474402726,0.003974339460798432,0.02199999999999953,0.02333333333333333,0.003030367840989057,30.0,0.016666666666666666,0.04739895805278622,0.002927142508540719
463,0,11.511672905882127,13.102463104023727,0.004750714295929712,7.7483275546095625,0.0,0.8333333333333334,0.7777777777777778,0.47058823529411764,0.021553550880436284,0.003910564793837678,0.005025107031722909,0.7333333333333333,0.008446711713768306,0.09394483835241438,0.27586206896551796,0.00010256593697993097,0.06062935235797091,0.004720428897843012,0.011999999999999744,0.048571428571428425,0.0021603728577154783,30.0,0.01333333333333333,0.052143945194127586,0.0033021122903728367
464,0,10.6934360943336,12.437094973246337,0.005326906383107276,7.389616901372617,0.0,0.6666666666666666,0.6363636363636364,0.47058823529411764,0.02691756964429656,0.004981598792617912,0.0031815796359029188,0.7,0.00602037357305871,0.07498480571712808,0.31034482758620713,0.00012390897690572306,0.058658471907565214,0.005140740305087653,0.01833333333333294,0.07199999999999988,0.003035750700061711,30.0,0.013000000000000001,0.06519452420560035,0.004415187147904495
465,0,10.67262774357086,11.729825284812897,0.005710252214503722,7.940807773082379,0.0,0.4375,0.5,0.5333333333333333,0.026668749918626146,0.006900655593423541,0.007907630001770357,0.7,0.007810685163357226,0.12960536647997373,0.34034482758620654,0.00025393959965336056,0.07589789058938588,0.0035003595539320085,0.03666666666666618,0.061666666666666536,0.0032663195706199616,30.0,0.0175,0.07349434149165811,0.00478773944357796
466,0,10.037518263896045,13.883828385074958,0.006120711074782703,9.399046937826641,0.0,0.4375,0.6363636363636364,0.5333333333333333,0.025623340054636817,0.006622986152652841,0.009077144805671521,0.7,0.004084148884265061,0.10923855191501707,0.2603448275862063,0.0002975116246514101,0.07470067252836778,0.0042252239001977715,0.03399999999999999,0.030000000000000072,0.002152802318637097,30.0,0.023636363636363636,0.05281877629453109,0.005046181286698976
467,0,10.044472142143965,12.374001779432724,0.006115175373819797,9.53724135032065,0.0,0.5714285714285714,0.7272727272727273,0.6923076923076923,0.027098585448936875,0.005954475821844031,0.008218115049449371,0.6666666666666666,0.006371706165210591,0.03761494854099251,0.30206896551724133,0.00028223351744140386,0.06774341346601294,0.003603777307819217,0.03750000000000009,0.013333333333333345,0.0027339139917498703,30.0,0.008571428571428567,0.04325941995642046,0.0058685834840141735
468,0,9.766306834280588,12.97726476234811,0.009866221327108488,8.556067472888515,0.0,0.5882352941176471,0.3888888888888889,0.5625,0.0764373381709925,0.006127888739864906,0.006150051158462141,0.7,0.0037688302737922696,0.10593182251055686,0.24310344827586172,0.00017995255005725836,0.047934762924193554,0.004666627793812854,0.048888888888888635,0.024285714285714403,0.006838068709326448,30.0,0.01636363636363636,0.06420699518971894,0.0029384618124334563
469,0,9.496416457300544,12.531513337681803,0.010825385383211582,8.00309368067532,0.0,0.5,0.5294117647058824,0.5,0.09069117315863154,0.01654760191845636,0.005920102959207611,0.7,0.0076255924270804,0.046055866696251155,0.32689655172413784,0.0002595884550329505,0.06759261723562647,0.00693110901002461,0.061249999999999805,0.05499999999999994,0.014147252804158196,30.0,0.016923076923076926,0.05955725993432107,0.006389021195514649
470,1,2.787302128401691,6.337393190255074,0.07367446511434043,3.694431716824461,0.0,0.36363636363636365,0.47368421052631576,0.42105263157894735,0.2550285387080347,0.07355371955152196,0.21859557912017427,0.7666666666666667,0.08011080761419549,0.9177244410278417,0.7268965517241379,0.10884553712047347,0.34644295502785993,0.0783364659961242,0.9437500000000003,0.38285714285714295,0.043080269960434854,28.0,0.23000000000000004,0.45012433414610625,0.030900886102258687
471,1,2.503913774086929,5.206837656700023,0.1053681859073972,3.10446166173088,1.0,0.11538461538461539,0.11538461538461539,0.2,0.3394086360454345,0.0945098346392449,0.32772055459607946,0.8666666666666667,0.11643724770476681,1.2639739728655937,1.4603448275862059,0.17674393564898724,0.4864458636182376,0.12368886574871674,0.27000000000000046,0.1685714285714289,0.054727803875240615,24.0,0.18000000000000005,0.5894108133880605,0.05467222802307223
472,1,2.2648066999616847,4.542993859924589,0.10143346505044334,2.800185218574909,1.0,0.07407407407407407,0.3181818181818182,0.16,0.25562907155138326,0.05530570574936527,0.24000634912236718,0.8666666666666667,0.09029385135122285,0.8570523761767443,1.8537931034482755,0.11970316626542009,0.3666877668635087,0.07989052373287413,1.1528571428571426,0.5740000000000002,0.026880800117667376,23.0,0.15000000000000005,0.3556641035553391,0.03465039387825719
473,1,2.6119607594456093,5.221421017071271,0.07211751945711806,3.104392619003038,1.0,0.16666666666666666,0.3181818181818182,0.2,0.2664042458787439,0.03992441838866872,0.13443224022117742,0.8333333333333334,0.06511987898833797,0.581858200927335,1.520689655172414,0.05483758661177639,0.3309093634255773,0.026700903192448742,0.4639999999999997,0.06999999999999999,0.025263563071103376,16.0,0.12124999999999997,0.22804073391947005,0.010928089002735114
474,1,2.416333253127165,4.749222619650268,0.1098572453919576,3.0470912157766263,1.0,0.11538461538461539,0.21739130434782608,0.11538461538461539,0.3723572060386221,0.04825048024152106,0.19868533903028232,0.8333333333333334,0.06399574815808408,0.40386095809001793,1.6241379310344835,0.09501212485295904,0.3032498801251513,0.16723562098180522,1.3844444444444448,0.5722222222222224,0.048661205545794534,4.0,0.255,0.667475130469981,0.0660351751246371
475,1,2.1841580817161796,4.109691416877677,0.12108253688588173,2.6829695918044383,1.0,0.07142857142857142,0.034482758620689655,0.12,0.38063178474157355,0.03218484030686236,0.08469842459722438,0.8333333333333334,0.03941856325707091,0.2326579925482877,2.97689655172414,0.08484975074450177,0.2358370243214931,0.1713371121105831,0.24250000000000016,0.16399999999999987,0.056958368852284766,0.0,0.15200000000000008,0.6964359671402177,0.07152718526051828
476,1,2.2652356624820653,3.86983536836797,0.09963409994374299,2.473219040410561,1.0,0.07142857142857142,0.15384615384615385,0.15384615384615385,0.42593178900956535,0.020350667307583392,0.09005772902879096,0.9,0.08444246924530865,0.4609750092832302,2.959310344827589,0.12635422436922233,0.20955878495959396,0.12333842386994058,0.22750000000000004,0.27,0.02717467808920104,0.0,0.11800000000000006,0.4405627841780573,0.055661640573131714
477,1,2.667139459750383,4.330961774968884,0.093090538333523,2.7668899403993246,1.0,0.1111111111111111,0.16666666666666666,0.15384615384615385,0.3502278623347314,0.06259512488895556,0.09988333330495547,0.8333333333333334,0.09171799428787393,0.5714702841918258,2.65103448275862,0.13343367400480122,0.270127860881638,0.11887072724568643,1.0099999999999998,0.6233333333333331,0.04422958039946706,0.0,0.05400000000000009,0.3942657938377046,0.05891878418001929
478,1,2.396677740299163,3.9807087654554767,0.09539199567755587,2.737801692678566,1.0,0.15384615384615385,0.125,0.1111111111111111,0.39897772146101373,0.06230340508924281,0.08279307868143944,0.8666666666666667,0.07084869381270192,0.5977634505865532,3.143793103448274,0.11760932805483437,0.47547555857553964,0.1020620219598387,1.2220000000000002,0.5979999999999999,0.05615876425564479,0.0,0.04500000000000015,0.3698576626382712,0.06925641992393393
479,1,2.2779284480630118,3.69164371682574,0.09327080732657898,2.6889316083852886,1.0,0.034482758620689655,0.034482758620689655,0.07142857142857142,0.5766378605522033,0.047081634127426365,0.08064501874027334,0.9333333333333333,0.058684443812463925,0.6335184548638353,3.6096551724137935,0.06891875806737106,0.5820427316757759,0.04819915600356324,0.7866666666666665,0.6533333333333337,0.057939541560064714,0.0,0.4459999999999999,0.25677152447713764,0.03858261566162313
480,1,3.076706556897058,4.036909236645672,0.06379755141813939,3.298993998149766,1.0,0.034482758620689655,0.034482758620689655,0.1111111111111111,0.5176593689118572,0.034377654504804414,0.19297633001375625,0.8666666666666667,0.08444101914523361,0.45665053847084713,3.1241379310344826,0.07329644714076541,0.8205214535783406,0.11696834852994697,0.8799999999999994,0.4766666666666672,0.059404729649766924,0.0,0.35749999999999993,0.22302743920750195,0.05224299061144191
481,1,3.162901934818678,4.334020775138682,0.07613422569287717,3.4959973912150395,1.0,0.034482758620689655,0.034482758620689655,0.1111111111111111,0.5547475902506372,0.0697072595991,0.3345570734181984,0.9,0.1192097562550757,1.405908300587156,2.8372413793103437,0.24063829973317422,0.6874772575088106,0.13056476798683378,0.9049999999999996,0.21800000000000033,0.05281488143203832,0.0,0.4699999999999998,0.687289383842684,0.06622756069732877
482,1,2.809398662723739,4.082114253846093,0.06705636151087982,3.335473143881316,1.0,0.0,0.07142857142857142,0.034482758620689655,0.6340670311568012,0.09513656492849926,0.2804853422389206,0.9,0.10217125812279375,1.25580444987527,3.0775862068965516,0.20310674291334735,0.35735917258591887,0.06516564346674862,0.7139999999999993,0.34874999999999967,0.07295133407181215,0.0,0.4524999999999998,0.6990780595422318,0.05797478222597875
483,0,11.611916508492484,11.129306832777756,0.005802468603418538,8.69743406949486,0.0,0.46153846153846156,0.7,0.5333333333333333,0.026036299446904675,0.00480079358519183,0.005540205551333015,0.6666666666666666,0.01226909174490508,0.15262661744840395,0.3482758620689653,0.00029421301367370993,0.09363382143759134,0.0034110664241055735,0.019999999999999574,0.05333333333333338,0.003326250979440862,30.0,0.005999999999999994,0.08824457663858111,0.00955112273914603
484,0,10.400256355836481,12.338027289961355,0.006769856524725674,9.44240777020949,0.0,0.35294117647058826,0.7272727272727273,0.625,0.025560386016907754,0.0037688302737922622,0.0039313842743906036,0.6666666666666666,0.007881779556647893,0.14193914572250801,0.32137931034482736,0.0002686038480939661,0.047254701382202495,0.0050905274174446145,0.04750000000000032,0.026666666666666543,0.0024966916885661118,30.0,0.011999999999999993,0.05881405727658454,0.008459716468126374
485,0,9.693707249451625,12.903014427558213,0.007235981878587855,9.435267784920121,0.0,0.5294117647058824,0.8,0.7692307692307693,0.023237900077244498,0.004326787311085922,0.005025107031723033,0.7,0.009299257522845064,0.0790542739596829,0.3051724137931035,0.00027487672833892917,0.04889889611040647,0.00592671801206679,0.05000000000000041,0.02166666666666665,0.002033193928532253,30.0,0.009999999999999995,0.047633841511502094,0.00517892117045584
486,0,9.81526238638473,12.704425113080049,0.006813530440130148,9.292785799378727,0.0,0.5714285714285714,0.8,0.6153846153846154,0.027650597743187316,0.00403049599419025,0.008658290038717723,0.6666666666666666,0.007358645246507347,0.08162999315394409,0.24068965517241392,0.00031689335530972804,0.058588383144235555,0.0066195340691408,0.04500000000000037,0.011999999999999744,0.003787986739339906,30.0,0.006666666666666664,0.07095820749486487,0.004373326696527179
487,0,9.61592241927543,13.32929573743582,0.006356145989903731,9.211537226143701,0.0,0.375,1.0,0.75,0.02616401260425387,0.0031211370682236086,0.009000377921014737,0.6666666666666666,0.004598136268408842,0.08948484461050346,0.23724137931034442,0.0003782565950524619,0.03499737599493153,0.0062631630095624875,0.02428571428571478,0.03333333333333307,0.002852758540871802,30.0,0.018571428571428572,0.06173220198490125,0.005550216028154531
488,0,10.007069883988471,13.136851296172006,0.0064217366910522536,10.26159840383292,0.0,0.4117647058823529,1.0,0.5,0.018330302779823362,0.00252874629473367,0.0054385872515311665,0.7,0.00618974354638934,0.07418803101294845,0.28172413793103457,0.000302307728066911,0.016853106861477014,0.005208261360046943,0.018571428571428683,0.026000000000000335,0.001850758256080189,30.0,0.021111111111111112,0.05576051805847525,0.004605232161933461
489,0,10.565975839743487,12.52160469157182,0.006152443483659365,9.92868991796766,0.0,0.6,0.6666666666666666,0.6428571428571429,0.019447936194419767,0.004517539514526258,0.0072129890395282205,0.7,0.007435893827026032,0.06843279637021711,0.2893103448275867,0.0001681458388698703,0.06746084780370436,0.004917053484149698,0.03500000000000014,0.02750000000000019,0.0030953992632032903,30.0,0.021818181818181816,0.09046454862443687,0.007972606159819583
490,0,10.37591416217745,13.114473536838448,0.005950563044556831,10.622968493117643,0.0,0.6666666666666666,0.7,0.75,0.028511206373790798,0.007241227392483949,0.009191833109797373,0.6666666666666666,0.008491692619108152,0.09750604376872535,0.2700000000000002,0.0002865313118195997,0.07108163362962178,0.005649441607468077,0.026000000000000155,0.044285714285714484,0.004490110069405222,30.0,0.02428571428571429,0.1091495784517307,0.008821001531981074
491,0,9.445462641513293,12.144441357663833,0.009362965702515302,7.772948347255504,0.0,0.38095238095238093,0.5555555555555556,0.5625,0.08942346199714903,0.007212989039528178,0.011318517727044373,0.6666666666666666,0.010641978231525894,0.06899827465061631,0.2865517241379316,0.00036305298352105994,0.040720383837384744,0.006137827398197925,0.05599999999999987,0.09666666666666683,0.007487531586023555,30.0,0.019000000000000006,0.05618317951009846,0.005665313964196934
492,0,7.952933067491555,11.230616857299776,0.015556946078319622,6.866972523362614,0.0,0.30434782608695654,0.5625,0.20833333333333334,0.0652422834943379,0.007559289460184549,0.01641303613296587,0.8666666666666667,0.006313790111987481,0.1338247407039889,0.35103448275862115,0.00043111069967486244,0.13278164777707227,0.00995899074196978,0.03888888888888885,0.04200000000000017,0.01129483657842527,30.0,0.019000000000000006,0.0621986110044623,0.0037284710805689887
493,1,3.620278921932024,7.338691655955345,0.055686669082710034,4.836899527830862,0.0,0.15384615384615385,0.35,0.20833333333333334,0.24201101903288066,0.05671146688448886,0.17025055565454195,0.8333333333333334,0.05667618967600485,0.5472597661994527,0.6524137931034488,0.0528183294736748,0.28173427920938693,0.04485893839293885,0.4190909090909089,0.2066666666666666,0.03226451895927582,29.0,0.14800000000000002,0.2504816084874816,0.020552054368736708
494,1,2.8552832390567544,5.538318239461031,0.0848594228993966,3.701939277029156,1.0,0.07142857142857142,0.2,0.2,0.3080122652680499,0.06226823695378999,0.2411081559324422,0.8666666666666667,0.07134528477666864,0.8493386302550574,1.2713793103448294,0.08829662938864298,0.32172663428893217,0.07408609075621,0.84625,0.23888888888888873,0.030760660449550142,21.0,0.15000000000000002,0.3298587419788419,0.020499955201543896
495,1,2.6140906770640266,4.939678139977598,0.08683033711841882,3.340995852216957,1.0,0.07142857142857142,0.2,0.15384615384615385,0.23240673159116734,0.057957760833354556,0.23406563414656875,0.8333333333333334,0.06826857724792412,0.9015646716364042,1.6789655172413804,0.10700226553874428,0.3395679527838625,0.087913779654052,0.48500000000000004,0.11500000000000006,0.02610492694654314,11.0,0.21400000000000005,0.4193809782261938,0.0325340637812502
496,1,3.0847337313851835,5.292329554582103,0.06024730031131825,3.8574833219852813,1.0,0.15384615384615385,0.20833333333333334,0.15384615384615385,0.33082321563034234,0.04368564265464868,0.16845015815460948,0.8666666666666667,0.06681826301325738,0.7173041556415801,1.7406896551724145,0.09480872583446255,0.2644500390040663,0.055133036381830924,0.24857142857142836,0.09571428571428557,0.024318566015726042,4.0,0.1,0.3537665012617301,0.020426340204492337
497,1,3.526317625435541,5.112703667187696,0.06049506795998972,3.8109437143760916,1.0,0.2,0.20833333333333334,0.30434782608695654,0.2849875240934046,0.03160642318255195,0.18850085259375204,0.8,0.08304166645333494,0.44637984495986643,1.3044827586206895,0.050136195367429796,0.3367152251638515,0.06461427150121457,0.3722222222222222,0.265,0.010082003904040533,0.0,0.11888888888888888,0.20284743638749647,0.023500516711644482
498,1,3.4135776527875117,5.076718901206098,0.07742914458425526,3.5393882437721715,1.0,0.034482758620689655,0.1111111111111111,0.16,0.32944802321458844,0.0427942395513171,0.14333947147116413,0.8,0.05619572211186072,0.4649707766400497,1.9448275862068938,0.04855586074808278,0.3023666288321062,0.0670367794268067,0.6428571428571426,0.5475000000000002,0.013573804303337588,0.0,0.2074999999999999,0.0908669177131789,0.01972662139943716
499,1,3.216405649070105,4.784727999056857,0.07149997766442048,3.7537186832194,1.0,0.034482758620689655,0.07142857142857142,0.1111111111111111,0.4477494338975266,0.05262678245240264,0.06855595063411304,0.8333333333333334,0.0328061716443596,0.9643370286170205,2.370344827586205,0.04898898653737574,0.3296610504188583,0.05165803834032086,0.5025,0.2566666666666664,0.012509892684031583,0.0,0.30333333333333334,0.3215011693676434,0.009335879147449462
500,1,3.104507471120427,5.003238703162246,0.0685040651513382,4.067662098644995,1.0,0.034482758620689655,0.2,0.07142857142857142,0.3564798576201591,0.037131133680987666,0.049527563960250744,0.9,0.038503644142404175,0.7648769053070624,1.8931034482758622,0.050841071355089806,0.31809347019753903,0.04394709249513008,0.6483333333333331,0.2837499999999993,0.02838874932848176,0.0,0.23250000000000015,0.31745916444234995,0.02287028193788533
501,1,3.350403206162719,6.536767081220991,0.06587452581205334,4.558931601279665,1.0,0.034482758620689655,0.034482758620689655,0.1111111111111111,0.4629898007035961,0.06202654687314786,0.10824009593190005,0.8333333333333334,0.05824181353235337,1.1823229412537701,1.4720689655172419,0.05298550815225729,0.24483719427546277,0.057202140676369743,0.6271428571428582,0.1812499999999997,0.04849841010087774,0.0,0.27714285714285747,0.6762801311456034,0.022376907435893677
502,1,2.8299818291899395,4.484110270362668,0.07579053746038268,3.6475039661265516,1.0,0.034482758620689655,0.07142857142857142,0.1111111111111111,0.49005906673470384,0.05763313483832479,0.24107655373740675,0.8333333333333334,0.10271974950697403,0.9274117740461655,2.1637931034482754,0.14920197526222523,0.34468192968744626,0.10051092877255316,1.411666666666667,0.395,0.05260943760552927,0.0,0.1874999999999999,0.5073194734713672,0.05299022628402955
503,1,3.253615745078123,4.551288729213842,0.06293045070901589,3.4327868455685246,1.0,0.1111111111111111,0.07142857142857142,0.1111111111111111,0.5138828227870198,0.03387532162158733,0.2221665122912846,0.8333333333333334,0.10049239318692413,1.322840275527557,2.901034482758619,0.1662474385292374,0.20515048400731448,0.11392957366330404,0.9399999999999995,0.3149999999999998,0.04512033193297119,0.0,0.3899999999999998,0.5566432221222979,0.05401095378950183
504,1,3.595900502984276,4.130280864472669,0.05338761378456814,4.209413903335429,1.0,0.0,0.0,0.07142857142857142,0.48237422079635317,0.039366756236685826,0.10773828203088254,0.8666666666666667,0.07557795452964008,1.2629190030097994,3.5299999999999976,0.09939004244555937,0.214631593872932,0.04152642630461554,0.6871428571428569,0.21428571428571402,0.022230505485698285,0.0,0.22571428571428584,0.2583736575945289,0.026771860544362622
505,1,4.2532240444060765,4.275709193620138,0.06880401349142785,4.629275612297314,1.0,0.0,0.034482758620689655,0.034482758620689655,0.7754766276297435,0.10354623667353485,0.1414396340069755,0.8666666666666667,0.09372009273529817,1.1419490678088,4.0172413793103425,0.08518662418697741,0.37246419724759067,0.061052804177688484,0.913333333333334,0.44499999999999984,0.06304708962516901,0.0,0.37799999999999995,1.0389452018836256,0.04669953750007707
506,0,10.633924571792003,12.957801382718825,0.005625267670842739,8.739549076327206,0.0,0.6666666666666666,0.5,0.5625,0.022350739485653612,0.003380617018914069,0.009963197585235796,0.7333333333333333,0.010764011593185506,0.059036020366215816,0.3106896551724145,0.00019376184835397898,0.0490932750981633,0.0072682329960143885,0.039999999999999855,0.04799999999999986,0.0027370971265689675,30.0,0.01333333333333333,0.04414410539150459,0.00747531083693809
507,0,10.532208757294985,13.321612319774648,0.005752578763099374,7.84597409046697,0.0,0.6,0.7,0.3888888888888889,0.023151673805580458,0.004199125273342595,0.007976154939508642,0.7333333333333333,0.009770147507224523,0.10061538541551596,0.3058620689655174,0.00013938247481557717,0.052730349855831186,0.003377879220340851,0.022499999999999964,0.052000000000000046,0.0034833715780864384,30.0,0.013636363636363634,0.08529524234883828,0.0067716897679179515
508,0,8.860117818388009,12.184300446310603,0.008360024480517923,7.945516135093926,0.0,0.4444444444444444,0.7,0.5333333333333333,0.023115651263447747,0.0050896720822428175,0.011449979948293724,0.7,0.005057492589467345,0.12588213902365178,0.305172413793104,0.0004324193479910561,0.05973364917312008,0.00708832517182277,0.04599999999999973,0.02500000000000006,0.0045977811862608995,30.0,0.013000000000000001,0.11942076985227099,0.006747698020171579
509,0,8.446702070521445,11.162851568027364,0.00852342317841404,8.831216692254403,0.0,0.5882352941176471,0.7,0.5,0.02243261514452165,0.00371794691351298,0.0104288975813316,0.7333333333333333,0.004671523226068788,0.06925256939166241,0.37310344827586306,0.0006342088739384791,0.06081711180609766,0.0070390939429314636,0.04499999999999993,0.04428571428571423,0.003849127474236877,30.0,0.012,0.08356087357033094,0.0044160498863394905
510,0,9.857208835971212,12.812980828795716,0.006754061804638427,8.670083419054974,0.0,0.6,0.7,0.5,0.0242120263964465,0.006266203485560372,0.01120859728339025,0.7333333333333333,0.009166635745155029,0.06862041900747874,0.29172413793103474,0.0006727994596647409,0.07211517620761801,0.006455709912642424,0.01833333333333324,0.030000000000000138,0.0026919886183058824,30.0,0.018999999999999993,0.06615753616812489,0.004444426303817871
511,0,11.37613385965114,13.290436497907777,0.005624077511130468,9.498793246952424,0.0,0.5333333333333333,0.6,0.6428571428571429,0.026449112566503164,0.006220440302022068,0.008375539377493524,0.6666666666666666,0.010629185850136193,0.06106693105132453,0.24068965517241345,0.00036173694354672847,0.0567611057789725,0.007890957539130106,0.014999999999999977,0.026000000000000335,0.002859617975532111,30.0,0.014999999999999994,0.07078946076289913,0.007449275178181608
512,0,9.011059755985157,14.09729809619326,0.007170931284443695,8.849776012463368,0.0,0.5294117647058824,0.7272727272727273,0.6666666666666666,0.02753583523741785,0.002618614682831911,0.007079720967636518,0.6666666666666666,0.004456898650208591,0.03958389007843344,0.23655172413793102,0.00020026148892280185,0.04735392864190993,0.006430370118736956,0.02833333333333332,0.01999999999999975,0.0035328583944695714,30.0,0.02,0.06022210139640323,0.00483895755344897
513,0,8.831628359328509,12.286836721956066,0.007701150165555967,8.88441692551315,0.0,0.5333333333333333,0.7272727272727273,0.4375,0.030603195185397815,0.003768830273792266,0.011908951643688019,0.7,0.011306490821376806,0.07058299500356652,0.3634482758620697,0.0005772598165317806,0.0415636549760242,0.0024604628733270986,0.038888888888888654,0.02399999999999993,0.003918489227129408,30.0,0.010000000000000009,0.07109395909926598,0.010456362187877847
514,0,9.698184426349092,11.325679809976148,0.006924768566004772,9.05143460981114,0.0,0.5333333333333333,0.5,0.4444444444444444,0.05413563213509811,0.008954913522222099,0.009464577713375057,0.7333333333333333,0.010728561917439207,0.12095987978254139,0.3589655172413797,0.0005867787845864982,0.04479188459051554,0.0035522149839948896,0.039999999999999654,0.03166666666666673,0.00775881329028282,30.0,0.036666666666666674,0.0712205504241648,0.010542663567715776
515,0,9.306044176907681,10.46048061560519,0.010317812613581495,8.18889422028993,0.0,0.35,0.2631578947368421,0.4117647058823529,0.059517504427969194,0.01300235457483743,0.01246819081955872,0.7333333333333333,0.007678931331543329,0.10263759637908634,0.39310344827586274,0.00015552937907387064,0.06861070303843722,0.008922767637506195,0.032857142857143425,0.03399999999999981,0.012845200803158718,30.0,0.016000000000000004,0.031254966408078386,0.00227808249717728
516,1,6.915627768056819,9.837666612430688,0.017122205903262532,7.368043584576855,0.0,0.3181818181818182,0.2727272727272727,0.42105263157894735,0.07723053512410462,0.016677819397749382,0.010877174503062314,0.7666666666666667,0.008341356681770452,0.09926806968942221,0.5020689655172422,0.00032885839559563217,0.05234189019693287,0.009829457324416096,0.054285714285714395,0.02833333333333332,0.012945390270351086,30.0,0.01899999999999999,0.07363131543198792,0.005872384350430663
517,1,2.424841409651576,5.216702324719488,0.11586543518032826,2.972264687599051,1.0,0.1111111111111111,0.2,0.16,0.3824803553415812,0.0505722356674901,0.1680836364538124,0.8,0.06473178571330057,0.6634990323929604,1.579310344827587,0.0776174899675667,0.3215531187273196,0.057642812887219834,1.8336363636363637,0.6800000000000004,0.025877408527687665,25.0,0.4781818181818181,0.24116010319733647,0.021595993581576885
518,1,2.1521662411536364,4.500681201190988,0.1107019177054285,2.6697035598747556,1.0,0.15384615384615385,0.22727272727272727,0.15384615384615385,0.29174113335093643,0.06066300355241241,0.2677593091174377,0.8666666666666667,0.1017457147804785,0.7497313804671264,2.0158620689655176,0.12779935341712875,0.4751342953728508,0.10145999245036033,0.5257142857142859,0.2859999999999999,0.033527927236289196,23.0,0.26999999999999996,0.4079348420693557,0.04317990210246238
519,1,2.5026728549007835,5.324459065282188,0.08356123339366664,3.1888433294330816,1.0,0.20833333333333334,0.3,0.30434782608695654,0.2372050214945338,0.07669180303696886,0.3468987187760071,0.8,0.12128529362201992,0.8749967230259337,1.3313793103448268,0.1406641112473614,0.5448203098894414,0.08848899389650838,0.9190000000000003,0.27249999999999996,0.031231032883431604,24.0,0.27666666666666667,0.3216117285572447,0.036443944468668193
520,1,2.8011360677434327,5.3186987535324235,0.0744187019409606,3.4829430645693598,1.0,0.21739130434782608,0.16,0.25,0.3133645374533202,0.06249963265198169,0.3302909457486496,0.7666666666666667,0.1280606786447971,1.1674778093711886,1.4303448275862076,0.16430472010722316,0.484153711466236,0.05998492327583784,0.55375,0.21857142857142836,0.016127654029330925,11.0,0.17,0.20799551800508553,0.024144959051923195
521,1,2.248971845176082,4.080634532525069,0.11214717281917885,2.8061000967340157,1.0,0.11538461538461539,0.3333333333333333,0.11538461538461539,0.31767278762903195,0.061705246251562644,0.3720132028964183,0.8,0.14896988692646695,1.0894026572667532,2.473793103448278,0.23961895027654925,0.6974538143341482,0.10671093639162862,1.2149999999999996,0.6750000000000002,0.009336520349942859,0.0,0.18749999999999994,0.22944859071764293,0.05149062922473545
522,1,2.4476314277654656,4.455804163784577,0.09905000636693038,3.2357600236420985,1.0,0.0,0.1111111111111111,0.1111111111111111,0.3038018359976706,0.05985083498982777,0.35437537267974023,0.9,0.14359078286982793,0.5865179851792914,2.6724137931034493,0.2595471350650528,0.6636515149785567,0.11698622745847477,0.7019999999999996,0.48500000000000004,0.01963148935128609,0.0,0.13666666666666663,0.22002923738931232,0.06899734392994956
523,1,2.593600398105507,4.460235654816782,0.09213095486690123,3.2857262628741664,1.0,0.1111111111111111,0.07142857142857142,0.07142857142857142,0.4741617164357888,0.08933648080555381,0.2873637151101453,0.8333333333333334,0.11711823202263957,1.0938780416792482,2.2186206896551717,0.14429706545173787,0.48226323012360406,0.1430173653886867,1.2599999999999998,0.5871428571428572,0.038985251004942434,0.0,0.6775,0.5088393751075713,0.06785593382381559
524,1,2.491787572154365,4.011538209971976,0.10446913253942625,3.1624911337527712,1.0,0.034482758620689655,0.1111111111111111,0.0,0.45210421610754997,0.13174217244299566,0.36497973105589393,0.8666666666666667,0.10088587207172997,1.5604327587428504,2.540344827586205,0.18891849604282385,0.7088941853241535,0.22554006537295182,1.8966666666666667,0.3779999999999998,0.06358778815716969,0.0,0.088,0.8083992614954529,0.06257415084315164
525,1,2.364287926104262,3.5828837323320752,0.11788454389486523,2.846593497059426,1.0,0.0,0.034482758620689655,0.034482758620689655,0.4928223705239941,0.02008349916661713,0.2905010918288288,0.8333333333333334,0.05347820460100493,0.7795681693169907,3.5720689655172397,0.18001574440832774,0.4691254564373492,0.2043652113052432,0.8620000000000012,0.23571428571428552,0.02437786438777685,0.0,0.25166666666666665,0.5819931336528366,0.0679629751143559
526,1,2.5990404844096364,3.6972717928199867,0.09047008902447197,2.975355484447179,1.0,0.034482758620689655,0.07142857142857142,0.0,0.37412431089144693,0.08737720246267949,0.22063914578574062,0.9,0.11036094152808769,0.44898873521920485,3.0348275862068963,0.1457702382703265,0.44647529660238905,0.1654784528793612,0.6900000000000007,0.36999999999999983,0.05890189699311689,0.0,0.24714285714285708,0.4036232971303743,0.08833271672227358
527,1,2.8017886638603438,4.963896771058485,0.08056106526762381,3.2427704120464313,1.0,0.07142857142857142,0.15384615384615385,0.034482758620689655,0.39046638779797677,0.08466661310191677,0.3317638698021871,0.9,0.10956587184022615,0.5564006778264332,1.6286206896551736,0.28856343001344503,0.10960187693909022,0.06621127182743743,0.658571428571428,0.4716666666666667,0.06171544972447233,0.0,0.19571428571428579,0.5153980478766891,0.04607600936990747
528,1,3.1804598517859803,4.99394983438996,0.07765170012594419,3.9596180197428223,1.0,0.0,0.11538461538461539,0.11538461538461539,0.5199958333166398,0.0956882693853284,0.27925313413670066,0.9,0.07358645246507373,1.6636640163156968,1.8886206896551756,0.22745786005571317,0.3651194194728491,0.1778868615446465,0.5485714285714275,0.3766666666666663,0.07770008273575295,0.0,0.3616666666666668,1.080142010315763,0.08046193167566622
529,0,12.381593814386198,12.264349368742355,0.005415741184702957,10.489633670071008,0.0,0.6428571428571429,0.8,0.5833333333333334,0.02423266849156779,0.0035494562197303276,0.008989790127172695,0.6666666666666666,0.00474664220738177,0.07930531718197309,0.3248275862068976,9.176177379089797e-05,0.07220775016349341,0.008788365840681704,0.026666666666666543,0.027499999999999858,0.003535168308013977,30.0,0.007500000000000003,0.07558030913704727,0.0026029810226126725
530,0,12.541253860197786,13.274039089548664,0.005953961429129636,10.697763506606789,0.0,0.6428571428571429,0.7777777777777778,0.6363636363636364,0.019821424996424673,0.0018808016817268112,0.006622986152652778,0.6333333333333333,0.0029137254363387757,0.06297024456582834,0.27551724137931016,0.00036517109660529973,0.052745828735357055,0.007358127534660376,0.018750000000000155,0.015000000000000213,0.001408236220135203,30.0,0.006000000000000005,0.051917779057977294,0.0033319725113402417
531,0,11.598352025304377,14.405061648227845,0.00621543003127081,11.613471520029071,0.0,0.5,0.7777777777777778,0.5,0.01885912687975418,0.004000000000000001,0.008741176309016182,0.6333333333333333,0.005118992247762575,0.05678051788143818,0.20724137931034428,0.0003245229205871194,0.054255129228664184,0.006363757927984529,0.028000000000000202,0.006666666666666525,0.0024504893305590364,30.0,0.01571428571428571,0.04868926881725795,0.0030312656479714595
532,0,10.024517252316686,14.420768595947797,0.007722775675947552,10.48352432871218,0.0,0.5882352941176471,0.625,0.6363636363636364,0.020709632756012085,0.0032071349029490926,0.0077897543034965815,0.6333333333333333,0.003979539507766891,0.08787978802237259,0.21655172413793083,0.00026888048681612424,0.04813190492915097,0.005713999992856846,0.03714285714285711,0.021428571428571734,0.002879531329968839,30.0,0.011666666666666665,0.042319265968455685,0.0022864284598562924
533,0,9.633119005451686,12.730066282413354,0.007769882062663838,9.967769664443546,0.0,0.5294117647058824,0.7777777777777778,0.8,0.023144473782453264,0.0037688302737922627,0.014211234417652447,0.6333333333333333,0.0012777531299998529,0.06747294746382242,0.2789655172413787,0.0005172599204521094,0.04827923315196225,0.005571746022702029,0.03285714285714266,0.0,0.004013853560876789,30.0,0.012307692307692306,0.0316732810850706,0.0016584559657936118
534,0,11.223727993756746,12.843811576764699,0.006043939672788806,10.950946742264295,0.0,0.6666666666666666,0.75,0.8888888888888888,0.018502252115170557,0.004199125273342591,0.014521857792358964,0.6,0.0027255405754770044,0.04768462151733728,0.23827586206896367,0.0003991256402872323,0.04583110074958249,0.005474790711372788,0.04875000000000007,0.003999999999999915,0.00325964815930324,30.0,0.007142857142857141,0.05407716331166681,0.00266761887761178
535,0,11.548325307835523,14.596933445761184,0.005501878488432434,10.273630271845926,0.0,0.4666666666666667,0.75,0.7272727272727273,0.01668332500832293,0.004237827706911807,0.007446863924695045,0.6,0.0019656921371953152,0.09002675339325886,0.2565517241379305,0.0001333675275881108,0.029608787075948356,0.005382966331922603,0.03857142857142838,0.014000000000000058,0.002790654959331381,30.0,0.011578947368421053,0.08346099826441342,0.0017909827044444492
536,0,10.082307151839396,13.35681317724947,0.006481351983564383,10.295051893569866,0.0,0.5,0.7777777777777778,0.5454545454545454,0.020055478608655097,0.0018808016817268112,0.013184199985274075,0.6333333333333333,0.009597335231063561,0.05423255542593587,0.2765517241379314,0.0003105590167055933,0.08343118065065278,0.0085977374020945,0.03833333333333296,0.03714285714285711,0.002766170761227897,30.0,0.012222222222222218,0.05974078245583485,0.00582950506061201
537,0,10.195699733163103,13.128602618916057,0.006738816375773876,10.134023784831845,0.0,0.5294117647058824,0.5625,0.5833333333333334,0.06241438580612289,0.006737043498600918,0.013694430070871429,0.6666666666666666,0.009493284414763482,0.05280177280058281,0.26896551724137924,0.00031315314546880794,0.09021893250484,0.0058255828005434095,0.03000000000000025,0.029999999999999954,0.00750800026819464,30.0,0.030909090909090907,0.06385227849801267,0.006223938862648558
538,0,9.014797156650726,11.768995301972033,0.012136200994228685,8.639201821422075,0.0,0.4,0.5,0.5,0.0656455126671529,0.015892495983055293,0.0159948971454611,0.7,0.0070276422149993115,0.06188160739131891,0.3251724137931032,0.0003145527385131524,0.09801471498576877,0.010690296954696423,0.06800000000000014,0.040000000000000036,0.015848878155109596,30.0,0.028181818181818176,0.050616358840921284,0.007319938291996628
539,1,8.730072803579949,10.205691887476931,0.014219869708436668,8.056082569269197,0.0,0.38095238095238093,0.38095238095238093,0.4,0.0924608025057105,0.024479895958162263,0.010766539246523998,0.7666666666666667,0.006150051158462052,0.16915982862088658,0.44517241379310335,0.00035512338451768386,0.07283940026724912,0.009964999974400111,0.06799999999999998,0.04874999999999996,0.024112931580124286,30.0,0.02899999999999999,0.15630320438391618,0.0077475122186563715
540,1,3.135389171337997,6.041279452125336,0.08098265782603697,4.039797152476775,1.0,0.2,0.30434782608695654,0.21739130434782608,0.30561068189591944,0.07368954919026134,0.24210274987409514,0.8333333333333334,0.08557289926393384,0.8391481265136044,0.9151724137931034,0.1174822629863274,0.44513799740607873,0.0844357985787584,0.5636363636363637,0.24454545454545465,0.030167604375248205,27.0,0.17454545454545456,0.30822800642637693,0.03127439238494679
541,1,2.519289186338021,5.210956787679069,0.08723736541549948,3.1734881011742475,1.0,0.11538461538461539,0.3333333333333333,0.15384615384615385,0.22738709041827526,0.07017529072666126,0.27635075808942283,0.8333333333333334,0.10036437018544524,1.069809799358148,1.3200000000000003,0.15183730245509588,0.5203640013274855,0.10900628703081702,0.60625,0.2712500000000001,0.02814495036933834,25.0,0.025000000000000022,0.47243018560641115,0.04235312516077592
542,1,2.5897934113569545,5.224813234210351,0.09033002994362636,3.2279750138801737,1.0,0.2,0.21739130434782608,0.1111111111111111,0.2718375740523496,0.08613199805203277,0.3100398043350383,0.8666666666666667,0.12233254554974433,1.0999904761492472,1.5534482758620687,0.14746698244290407,0.5733263011750355,0.14065209454778924,0.7500000000000002,0.22375,0.04479704800769893,21.0,0.2475,0.6097470397771572,0.048587873966645545
543,1,2.619175968268809,4.779921805491066,0.0889104006830579,3.5068561637698594,1.0,0.1111111111111111,0.1111111111111111,0.15384615384615385,0.3301280896190985,0.07128232647737595,0.2854118399214491,0.9,0.09915122786125521,0.6102567765566669,1.769999999999999,0.11462022172033863,0.5372210682675023,0.13615632472237482,0.6980000000000001,0.27249999999999985,0.032250516000723546,8.0,0.23400000000000004,0.40752001912347163,0.04260052696809257
544,1,2.897388918759122,4.794876591676157,0.07440390695068566,3.739584929148652,1.0,0.03571428571428571,0.25,0.2,0.20667983828993952,0.054662850372847877,0.2506483022654879,0.7666666666666667,0.08551755200355231,0.5695292243730484,1.729655172413793,0.11290129236341838,0.45882835110999026,0.1056954320381987,0.732857142857143,0.3283333333333333,0.022949764719497077,0.0,0.21400000000000002,0.32450963194409105,0.03683717436185892
545,1,3.186931022661448,4.887781947717473,0.0758962219281858,3.8846794670826914,1.0,0.03571428571428571,0.15384615384615385,0.25,0.2968802601873167,0.04464919954946743,0.20198268936401723,0.8,0.07526244331769771,0.5392112405215251,2.0196551724137937,0.09316188166218328,0.46108133772686993,0.07354097011676052,1.458333333333333,0.4300000000000004,0.027489713598753584,0.0,0.34249999999999997,0.3640135423959089,0.028022342883497028
546,1,2.8558770488668186,4.429246313565354,0.08493630305992514,3.507146537312129,1.0,0.0,0.07142857142857142,0.07142857142857142,0.4412292173261221,0.04009105282986224,0.12477811599512355,0.9,0.058024625314233205,0.44623809269732834,2.302068965517242,0.07188002979199026,0.5152593957396205,0.02662017034858644,0.9819999999999997,0.33000000000000007,0.02724775719410399,0.0,0.395,0.1999668081301027,0.030590879437536533
547,1,2.8815738858344004,4.639222733556886,0.08024251091596693,3.4246796882250177,1.0,0.0,0.07142857142857142,0.1111111111111111,0.28442456527756765,0.04914562561415617,0.06647898752472792,0.9,0.030013602358441086,0.344789120209681,2.3406896551724143,0.06319102387193239,0.23686024468070568,0.07038688034832957,0.7174999999999994,0.3650000000000002,0.01768938341814899,0.0,0.2399999999999999,0.2656837115026491,0.026004918425423223
548,1,2.6557782990263847,4.750188429374994,0.07231065303279215,3.299074747886564,1.0,0.0,0.034482758620689655,0.0,0.3954970150189365,0.04546120421233221,0.23818605886880898,1.0,0.05284349888254618,0.4655295280608939,2.2217241379310355,0.16836529707831363,0.36215548958901117,0.0949373040520966,0.5420000000000001,0.25333333333333297,0.021642688982530696,0.0,0.20875000000000005,0.18445869474770496,0.03555150713913466
549,1,2.884561444225145,4.193191427142716,0.0704095946803792,3.729603076660024,1.0,0.0,0.2,0.034482758620689655,0.3976320186079363,0.06290582530372578,0.2787339208626315,0.9333333333333333,0.07435436388384632,0.5574824850059736,2.715517241379312,0.1808844331079567,0.6925247116099733,0.08859091644288629,0.6174999999999997,0.45599999999999985,0.023917841233098404,0.0,0.20599999999999996,0.37287612139256404,0.033258386492865964
550,1,2.7162521963418023,4.067883799964749,0.06834753606508405,3.6762795414286273,1.0,0.034482758620689655,0.21739130434782608,0.034482758620689655,0.39146462874128946,0.07074588038774231,0.1958527838075581,0.9333333333333333,0.06209100190049118,0.7669110760964767,3.3534482758620685,0.18670947593017437,0.5704700770798917,0.04916336227798316,0.043333333333333,0.29800000000000004,0.027747157726599032,0.0,0.36333333333333334,0.39596433289523697,0.037653775411253046
551,1,3.0173659841409846,4.120468866477878,0.07452203667885196,3.6940015646975493,1.0,0.07142857142857142,0.07407407407407407,0.1111111111111111,0.5293417295723687,0.06125512612174166,0.22114790199733558,0.8666666666666667,0.06260164523712258,0.47301873228069335,3.438275862068967,0.1271924080751198,0.5447653929292254,0.10974846689769575,1.1985714285714286,0.5322222222222225,0.05462558270365898,0.0,0.4520000000000003,0.28399387173612334,0.04115227405458819
552,0,11.029509883193334,12.550369608019535,0.005311498219036801,8.92478343326531,0.0,0.5333333333333333,0.7777777777777778,0.5714285714285714,0.02115813476341113,0.002871393034605968,0.006894738208662212,0.6666666666666666,0.007871415607974783,0.08542777511971597,0.3079310344827593,0.00014331446798803707,0.07071202497588695,0.00463855478313992,0.013333333333333345,0.023749999999999938,0.004064379863333325,30.0,0.012727272727272728,0.06604548422409015,0.005317459369817562
553,0,10.513639970859431,10.947389000706615,0.00585055829392964,8.734995849521145,0.0,0.4375,0.6666666666666666,0.5,0.020245712852080284,0.003717946913512978,0.012384981029538968,0.7333333333333333,0.008351137443404905,0.1031342827197088,0.4175862068965527,0.0002451080894426049,0.07274632094397832,0.006157391443440598,0.019999999999999702,0.017142857142857033,0.0049379276272238665,30.0,0.008000000000000002,0.07341714196762128,0.0051742954431819805
554,0,9.434830558805306,10.648531775320773,0.006820931550810244,7.924382681104825,0.0,0.4375,0.75,0.5,0.021197484127446195,0.003028212018206599,0.011969348608944799,0.7,0.009897433186107843,0.08949290246626658,0.47068965517241373,0.00034309685588330096,0.060796750718761366,0.005749699785123404,0.0216666666666665,0.011999999999999922,0.0034636302767295435,30.0,0.003333333333333336,0.07580122232604487,0.005102807017297655
555,0,9.587347926749727,11.032606459839082,0.006211965382923443,7.858265251677442,0.0,0.6153846153846154,0.6,0.5333333333333333,0.023965252624024918,0.0008728715609439699,0.010467962136562986,0.7,0.009770147507224498,0.09289991688813887,0.39793103448275857,0.0003649101397166513,0.052094367538647955,0.003067849520473861,0.018000000000000148,0.031428571428571646,0.0015107776075888339,30.0,0.006428571428571427,0.06304553585970016,0.0037987466604757786
556,0,9.489967659423682,11.709641057913114,0.007124010243339311,7.513372913092591,0.0,0.375,0.75,0.4375,0.018867962264113212,0.0016495721976846466,0.011984116472191308,0.7333333333333333,0.01260385428577874,0.13487782327308054,0.36793103448275893,0.00036686941382830173,0.022921338423007292,0.005292222505490392,0.024285714285714403,0.04000000000000018,0.0008647283400240897,30.0,0.009999999999999998,0.0853098904873634,0.0028075699420658912
557,0,10.35420842517471,12.258302895379817,0.0075109438333650705,7.3208139108233885,0.0,0.5294117647058824,0.6666666666666666,0.6875,0.02048305532764962,0.0038685897164933147,0.010530163994045718,0.7333333333333333,0.008491692619108062,0.10783900825156127,0.29275862068965475,0.00046672216735076924,0.0949746833434598,0.006366750364517349,0.036250000000000115,0.027142857142857198,0.0031315815047813175,30.0,0.017142857142857137,0.055217221014812176,0.007357313913869075
558,0,10.41131075621356,12.733348406937617,0.007640504939886865,7.709432677179849,0.0,0.3888888888888889,0.6363636363636364,0.7142857142857143,0.02348521993841138,0.003706952467814966,0.014742229591664019,0.7,0.004948716593053922,0.0556866842496581,0.2644827586206885,0.0004285724038084146,0.08992937516188354,0.0081568301165968,0.03333333333333351,0.033333333333333215,0.0029245384541954685,30.0,0.017142857142857147,0.010043009549747935,0.007680844624757118
559,0,10.711847895814223,11.826581478725661,0.007579818169887626,7.907415649237039,0.0,0.2777777777777778,0.5454545454545454,0.6428571428571429,0.027680719322702264,0.007810685163357212,0.014605934866804466,0.7,0.00816829776853014,0.0712382225616381,0.3396551724137929,0.00026084069629476705,0.055955035398028354,0.009473888210398695,0.04833333333333334,0.03400000000000016,0.004767006790586376,30.0,0.027142857142857146,0.04343824453676013,0.004161763100999814
560,0,9.376462610925564,11.292554557046344,0.01052129177310415,8.074990568542265,0.0,0.35,0.2857142857142857,0.47058823529411764,0.08039071256474013,0.009202188441280876,0.007609517849690728,0.7333333333333333,0.010393613947244472,0.10650246715547963,0.36034482758620723,0.0001813384553098165,0.04870904873400293,0.010421693752949747,0.03500000000000003,0.034999999999999844,0.00791877129203201,30.0,0.02272727272727273,0.05952876169875964,0.005117397297654463
561,0,7.967554100907121,12.302047212585478,0.022501745638861554,7.952838593257217,0.0,0.25,0.3888888888888889,0.4,0.05940538696111658,0.01459475257484992,0.012695277390715463,0.7333333333333333,0.008977674501550133,0.09855872934069164,0.32862068965517244,0.0009406380535334033,0.06123046682842785,0.01352938852060558,0.07333333333333315,0.034999999999999996,0.014367196195869684,30.0,0.027000000000000003,0.05765977623888508,0.006206601708012571
562,1,3.4415254299705174,7.416730313376484,0.05343817287900544,4.504202294529228,0.0,0.25,0.2727272727272727,0.42105263157894735,0.18490868617299253,0.0562192016970695,0.14165897538145072,0.7666666666666667,0.04786801582242063,0.4926741689338846,0.518965517241379,0.044159764975614385,0.2647271988215759,0.03632038838235217,0.2590000000000002,0.11749999999999983,0.034002368865056656,29.0,0.086,0.258374952978284,0.015240583130236896
563,1,3.4356426208877586,6.910841786482117,0.0765550683615063,4.442702303156627,1.0,0.15384615384615385,0.1111111111111111,0.25,0.27209659232624644,0.047431439959151965,0.1763968161126892,0.8333333333333334,0.059201489225614995,0.5969317694803706,0.7386206896551717,0.059055565371352384,0.24568643252986402,0.054071104609962485,0.5233333333333339,0.19090909090909072,0.02520235384752348,26.0,0.10999999999999999,0.28812024700581856,0.014553303386371813
564,1,2.808086249299266,5.5319066708061255,0.08296633544611162,3.383411752156797,1.0,0.1111111111111111,0.2727272727272727,0.15384615384615385,0.19154372868877748,0.0214177750580067,0.13062799649917228,0.8333333333333334,0.05143121686317768,0.5352256311038144,1.3734482758620679,0.04378738494055704,0.16530721759946224,0.05179691373150379,0.9114285714285713,0.3333333333333333,0.010637784025801206,22.0,0.2785714285714285,0.2503915257960535,0.01730846987031779
565,1,2.9723688466140956,5.189327297329772,0.07509277843001697,3.555552167385843,1.0,0.11538461538461539,0.2,0.1111111111111111,0.29467892131380324,0.021841731261275883,0.1164990438196141,0.8666666666666667,0.05054586386383651,0.5559385518826587,1.8024137931034472,0.0553669851789124,0.25887054522226555,0.024343416045450518,0.6866666666666662,0.25500000000000006,0.017866077764687956,11.0,0.10857142857142857,0.29526588502084405,0.0133559536012461
566,1,3.2973062179973147,5.211530499301765,0.06890182678644587,3.677007373040977,1.0,0.11538461538461539,0.16,0.15384615384615385,0.26265820629352765,0.0469737225717198,0.1614329540070917,0.8666666666666667,0.06600082456710224,0.5751982326143923,1.5458620689655163,0.06571762097546878,0.21787114709087502,0.03702572005482435,0.25499999999999967,0.11555555555555566,0.023910991409895166,1.0,0.09625,0.33168376546359374,0.023177352304867418
567,1,3.034680657679833,4.990554211601225,0.07533137646257655,3.4063988311011624,1.0,0.07142857142857142,0.15384615384615385,0.15384615384615385,0.23757010661182845,0.04837860886712604,0.1914815136456447,0.9,0.07200869184119553,0.6748410142824923,1.6582758620689657,0.07278915866971097,0.3572650457645847,0.0639078247793429,0.7525000000000002,0.2549999999999999,0.016717321661600427,0.0,0.22999999999999995,0.2831625152947102,0.015183342107422124
568,1,3.2380945702493107,4.711936611034665,0.06514270475628446,3.3538483336289864,1.0,0.0,0.07142857142857142,0.07142857142857142,0.47589459617300406,0.02200927448293791,0.047922840477748904,0.8333333333333334,0.0361598868218083,0.6367701237308412,2.3096551724137937,0.02966409686560004,0.18344844870789537,0.036442779675488306,0.6600000000000001,0.33800000000000024,0.017372838288664132,0.0,0.27555555555555566,0.18266899546655813,0.032784964199325
569,1,3.9599301191029284,4.838979185926878,0.06532262750373757,3.5269565612833405,1.0,0.034482758620689655,0.16,0.034482758620689655,0.37345013053954074,0.04749736834815165,0.10201613851252554,0.9666666666666667,0.048889713454188445,0.616108215602855,2.466551724137932,0.06167238853264806,0.11532739554531295,0.02305457588826468,0.8866666666666667,0.3599999999999997,0.024739293705787643,0.0,0.18833333333333338,0.27081337199070904,0.018779146054350018
570,1,3.549326480161441,4.5022660564865005,0.058703892357099254,3.4007544260159133,1.0,0.07142857142857142,0.1111111111111111,0.07142857142857142,0.3394323693069554,0.07708639909329058,0.19342653160632245,0.8666666666666667,0.07973288740120563,0.764163532734915,2.52551724137931,0.09790768768291634,0.3072003047050635,0.09286711741299343,0.6150000000000002,0.2260000000000005,0.0415222979191879,0.0,0.33000000000000007,0.30745461387306666,0.03207818679456814
571,1,3.2823148780227207,4.452900033917577,0.08161224951048754,2.9920391882046844,1.0,0.07142857142857142,0.15384615384615385,0.034482758620689655,0.6470264463082033,0.0861784258874307,0.27174467808593256,0.9333333333333333,0.1169071961728909,0.776549090396684,2.647931034482758,0.13656867786351204,0.5260630313234047,0.16205071852401517,1.1412499999999999,0.5399999999999997,0.060777502103202236,0.0,0.3075,0.3005709252213794,0.06600381765911914
572,1,3.812281904762995,4.677819327214036,0.05698312103626771,3.880616069520452,1.0,0.034482758620689655,0.11538461538461539,0.034482758620689655,0.478034866231882,0.03789279543103451,0.2519535644507849,0.8666666666666667,0.1265634738981593,0.6939257934409998,2.6917241379310357,0.14898571182332046,0.487754538467781,0.14376277512000094,0.3812500000000001,0.2750000000000006,0.04888784332009128,0.0,0.12166666666666674,0.4186731383008644,0.0608842148594168
573,1,3.7748299704487884,4.916216646249931,0.06353515955183772,3.944042468558077,1.0,0.0,0.07142857142857142,0.034482758620689655,0.6195772752449851,0.0697712491710185,0.12832590313325692,0.8666666666666667,0.0329761818806934,0.6610652504149063,2.3075862068965525,0.08292530608782826,0.2784202275863804,0.03920516417462374,0.9737500000000008,0.3912500000000003,0.06844156751028799,0.0,0.6114285714285713,0.2571967202846292,0.029819265105440935
574,1,3.725423116514349,3.84383450518742,0.05748022181762628,3.548536937937498,1.0,0.03571428571428571,0.1111111111111111,0.034482758620689655,0.5374115947969695,0.1004696454650057,0.11667584026129972,0.9333333333333333,0.05817917433696179,1.0316748551761454,3.287241379310344,0.0766414283283884,0.5286477422387704,0.10536791131408978,0.7322222222222218,0.2599999999999998,0.04551590287982869,0.0,0.24857142857142847,1.0019784656938915,0.04609977939062101
